maid,home_lat,home_lon,n_night_pings,n_total_pings
00071ae2-d9dc-4e14-b3fc-9f8a818ee767,-7.7625,110.4225,275,1250
000cad5f-ad5f-f60f-b607-a46c14402444,-7.7525,110.3875,2,20
001247c7-ff4b-450a-b1a6-27052d52f28c,-7.7625,110.4125,3,13
001f2440-2440-a804-75c0-91bc88d67ae3,-7.7675,110.4075,252,1541
0020333c-333c-dae4-a737-c95e5a8e863d,-7.7525,110.3975,27,241
00293ffb-3ffb-3c83-08c3-63c93c5d4b2a,-7.7525,110.3625,64,221
002b7fd1-7fd1-fede-1a09-897333934ba4,-7.7525,110.3775,260,1227
0034d628-cf3e-46a7-8b14-4f777bc35154,-7.7625,110.4175,182,564
003bb2b3-e610-43a5-9710-a01a4f8d7e5c,-7.7525,110.3725,41,1423
005649a3-14b2-4f61-ba1f-2df3449f523a,-7.7525,110.3825,1,52
005ce665-e665-2661-c318-6e67b94aab45,-7.7425,110.3575,2,5
0060bcb7-e33f-4b62-a401-dcaec00c3b3f,-7.7625,110.3975,11,65
007b0e18-ae86-4044-a0b3-c29bffb18d00,-7.7425,110.3725,2,63
009ef4fb-b7b8-4229-2341-199367dee70f,-7.7575,110.3975,15,59
00a4dae2-dae2-4038-e279-01eaf4addf9a,-7.7575,110.3925,10,51
00a603a8-03a8-8a74-4b2b-4c395e5f4afe,-7.7525,110.4225,20,127
00b6354e-354e-9ae8-9e56-8e1732f58172,-7.7675,110.3675,1,189
00b70539-0539-e64e-fd84-e5c454430984,-7.7525,110.3725,1,79
00cba227-d6b8-4518-ab6c-8c3ac3ded8b7,-7.7525,110.3625,116,799
01112e45-2e45-bccf-bdbe-07d1212d9857,-7.7475,110.3625,69,189
014413b7-a829-401f-82d5-c06e8e016131,-7.7525,110.3725,177,1159
01448392-a16b-487b-b95a-2961c64ed6a2,-7.7475,110.3675,163,1042
0145e3e9-5f58-49fd-bee3-e130139923c0,-7.7575,110.3925,282,1018
0177d861-fc6d-4a3b-8c78-14a92637a5b2,-7.7425,110.4075,6,35
017dcc23-cc23-0aa6-64b1-d2381de0a1e1,-7.7625,110.4125,210,698
018c481e-11ef-4766-8b66-1aa7449fdb22,-7.7575,110.3475,708,3380
01961d3c-2d7b-4ccc-81a0-342b878b9220,-7.7575,110.3975,1,1
0196522d-522d-71da-e1db-2b5f545cf77f,-7.7625,110.4275,51,490
01a9f191-f191-1a3b-ce7b-7bc71c88a9c0,-7.7425,110.3925,2,65
01b29cfb-8287-4878-a654-e7cfd11fdbe5,-7.7625,110.3625,7,30
01c25b5e-5b5e-7318-1064-bffe18499383,-7.7425,110.3925,166,776
01e65c06-5c06-5d13-9741-c9b0d24c1c89,-7.7575,110.3825,12,12
01edd3c1-d3c1-ef6d-e0b7-2b0ec287b5cd,-7.7675,110.3425,3,12
0207aca2-397e-4798-aa7a-b502ea69a483,-7.7625,110.3425,17,451
02273425-610e-40fe-8a7d-64e82d54aa5b,-7.7475,110.3725,2,37
0229bf09-bf09-d92d-28e3-705080b8eedd,-7.7475,110.3625,13,13
025509a7-a27d-4770-a34d-b7db0cbd410a,-7.7625,110.4025,31,413
0255d094-d094-9476-0581-b05dabe7c484,-7.7625,110.4175,139,458
02588800-1a97-487d-8b62-8ff4b58bc86d,-7.7525,110.3825,1740,12764
027cc6bd-c6bd-4253-9931-6eb7ae687621,-7.7575,110.4025,1,30
028de778-c3b6-4993-9f4c-339b33be244b,-7.7625,110.3625,313,662
028f2156-2156-894a-fac3-d04007bf8f3f,-7.7675,110.4075,65,254
0293bb95-c488-4bf4-823a-5ca47d7b4ec0,-7.7675,110.4125,11,41
029ba217-75d7-4367-b03a-86138ae8c8cc,-7.7575,110.3875,31,113
02ad47f8-998c-407e-a975-527291cc1d30,-7.7625,110.4125,1,13
02fdd6c5-466b-4e24-9d40-600633149fcd,-7.7625,110.3625,3,47
030accac-64b0-4071-964d-1a8828724a59,-7.7625,110.3975,8,28
0318f820-c215-427f-bf42-b0722c9bbd00,-7.7575,110.3925,42,687
03322f3f-2f3f-9ae6-0e13-e9ac0d96752b,-7.7525,110.4025,26,310
033bb3f6-e51c-4617-960e-20392a7b12c9,-7.7525,110.3775,1,9
033d4b9f-4b9f-cd6f-3403-0c52a8b40922,-7.7425,110.4125,27,296
033d6cb5-6cb5-9f99-e976-e13da849849a,-7.7525,110.3725,1,12
034346c4-46c4-65e0-699a-9470597b00bc,-7.7625,110.4125,21,123
036152dd-52dd-57fd-b643-bb7f6d0228dd,-7.7575,110.3775,6,10
03621a34-f8d9-4a55-94e3-2f40ca4ff752,-7.7525,110.4025,125,417
03830994-e349-426f-8c20-54d6756236e4,-7.7675,110.4325,2,14
038ec5ad-c5ad-c399-ec0f-392379dee733,-7.7575,110.3825,15,154
03986307-6307-9edd-3377-689657c5abb3,-7.7625,110.3575,5524,17013
039960fd-6097-480d-9a03-2c448460c6a9,-7.7625,110.4125,2,5
03a436ef-36ef-a57a-ff23-4ec60b87b283,-7.7475,110.3725,65,467
03adaecf-6b0f-4e82-ba7b-a4611af9f801,-7.7675,110.3825,3,23
03b954de-a549-477e-9c64-2986f539dce7,-7.7475,110.3725,43,199
03d0bd16-04b9-48ea-8c2c-84d9f927cc2b,-7.7525,110.3725,8,41
03d29f0a-7911-405e-9466-4c7aaecfe097,-7.7425,110.4025,272,1011
03eff195-f195-f3aa-d1d9-4e7dd4fa294b,-7.7575,110.4125,30,149
041862de-8bf1-4d1e-b620-b1660daecbd5,-7.7525,110.3625,9,9
041c9b55-7dac-416b-a03d-6ca3c9ff8f9a,-7.7475,110.4125,8,724
0437170c-170c-bb9f-e953-2d8f46f334e1,-7.7475,110.3725,29,235
04388e01-69e1-4122-be87-d5274fc8256c,-7.7575,110.3625,83,90
04396767-774e-49df-b62c-131b40d58e5a,-7.7625,110.4275,147,287
0440ade4-011a-4bc8-9c6d-4b9e75ca61b0,-7.7575,110.3975,82,376
044c694a-a3d2-427c-8da0-5499f86deb82,-7.7525,110.3775,1,6
0462a8a3-79d4-4d2c-8334-b28dfcaa8ac9,-7.7675,110.4325,10,21
04719daa-7681-4ae0-b081-618c05484ecc,-7.7425,110.3925,483,1467
04901b7e-d461-4346-9658-4b49246ff9a5,-7.7475,110.4125,49,379
04a232e1-cf84-4af4-bd73-bedf4cad5a6c,-7.7475,110.4275,225,538
04a7e87e-a00e-479b-b1d6-efca997b841f,-7.7575,110.3975,18,47
04aea64a-a64a-709f-b523-e55171a36849,-7.7575,110.3975,6,13
04cf45a2-45a2-3fb1-8cc5-c4f04e5d4e49,-7.7525,110.3625,23,36
04cf4645-4645-a08b-ce47-e55c41b5a42e,-7.7575,110.3625,2,5
04d95072-d64f-498f-b083-922906f91580,-7.7625,110.3975,71,295
04f0bfea-1c50-4913-b5fe-962e9216b65e,-7.7475,110.3675,6,49
052d5ed1-f931-4a92-a5a1-05c26adfefc6,-7.7575,110.3825,3,17
053ec01e-3d00-427f-9e1b-13d3bad1f344,-7.7575,110.3825,1,5
0549a3ad-498b-4010-b90b-a3d67889a0d4,-7.7575,110.3825,2,10
056afe94-5fda-4e2b-95d9-957d3fb88ae5,-7.7625,110.3975,64,133
058037f6-37f6-dbd1-d66b-aff963619a77,-7.7575,110.3875,42,81
058ce632-e632-5eab-b561-7cb070a9b4e4,-7.7625,110.3925,1,6
058d052a-052a-165f-1fe7-b5a36461dac4,-7.7475,110.3725,26,190
0599ace1-a255-408e-9275-b5cefa1a310f,-7.7575,110.4025,4,27
05b2624e-624e-d071-e5f6-9d3d01e51232,-7.7625,110.3975,4,20
05cde578-1fa0-4aba-beff-c80cc1add468,-7.7575,110.4025,3,179
05e79d61-9988-47af-8323-7d5b6145b9e9,-7.7475,110.3625,1,11
05f95f6c-5f6c-0131-cb99-507e19186b77,-7.7475,110.3925,166,666
0612404b-c582-45c8-866f-d26143100b55,-7.7575,110.4125,1,115
0619a0c6-be84-41f0-aa96-9645dacc1b23,-7.7575,110.3875,1,166
06299c9f-7053-4440-894a-5ab46681da2f,-7.7575,110.3975,11,13
06308eb8-31f5-4017-a3ea-5c6d1e57f4c6,-7.7575,110.3925,1,6
06383632-1047-4a67-a473-a81f23336821,-7.7675,110.3775,9,354
06441d9b-1d9b-2ca4-e054-4612c571a363,-7.7575,110.3675,50,232
064d7663-7663-e085-bb19-bf8f62afa239,-7.7675,110.3675,1,30
0650f7e3-f7e3-3062-aea3-a6a639ddd143,-7.7575,110.4025,2,4
06666aaa-6aaa-5863-0804-3e0221ba15ac,-7.7675,110.3875,29,197
068f37c9-37c9-7529-5a63-e03feea7dfbb,-7.7625,110.3875,142,443
0697b90a-afba-4bd4-8cea-09100a8992fc,-7.7475,110.3725,21,431
06a8e28c-7dfe-41bc-8163-e1674e042fa1,-7.7575,110.3825,1,4
06be582f-f229-4908-81fa-4dc83b7867b2,-7.7575,110.3625,2,30
06c01701-2173-4a01-a583-9faca91358b3,-7.7475,110.3525,20,162
06c45927-5927-2c84-d95e-a1bd4c45fa06,-7.7675,110.3525,610,2789
06cd12c9-12c9-7749-fad4-abe6083ca411,-7.7525,110.3725,5,175
06ce8ea4-8ea4-4b6b-cef0-f85b07d07f26,-7.7575,110.3775,5,9
06ddfb05-fb05-6fd8-1ba7-901e816cc450,-7.7675,110.4075,2,174
06e0708b-6c42-4838-98c7-af41a868842d,-7.7475,110.4075,73,116
0704507f-b74f-49c3-a93d-c1c5b4bf8429,-7.7625,110.4125,92,764
071c59c1-3780-44bf-ba59-95c251704d44,-7.7575,110.3825,5,40
072f8674-60fd-4abf-a4c6-fa9888811d9b,-7.7575,110.3975,11,102
07481ade-1ade-dcf1-c854-10c2dcd324da,-7.7625,110.3975,3,14
07776696-78ec-4f0f-a379-5e12f23ee31e,-7.7425,110.3475,94,135
0778734a-734a-9b8d-9650-6e61f459d9cc,-7.7625,110.4025,70,126
0791d619-d619-f1fd-cdc5-b35cd7a7194d,-7.7525,110.3975,366,2021
07d25bde-8b65-40f6-9051-39d7c3b316cf,-7.7425,110.3475,1,127
07e8d629-d629-63d2-f6da-f3579264a976,-7.7625,110.3975,7,9
07f0706f-706f-671b-aa96-3d4c33013c9b,-7.7675,110.3425,85,238
08035bf0-5bf0-d4ee-1378-124200ad339c,-7.7525,110.3775,41,201
081df0cf-6bfd-415f-9889-af766465d8ef,-7.7625,110.4225,3,19
0822b2aa-b2aa-39e8-3db6-c009747a3a4f,-7.7575,110.3725,21,91
0822f496-3c2a-4449-9ad4-b0825e82bb19,-7.7625,110.3725,3,39
0838879c-879c-a3a4-20d7-349a30ad2305,-7.7675,110.4275,2,13
084a14ca-1673-47a2-2814-316b879f34d5,-7.7525,110.3725,1,59
0852c09f-ccbe-4449-9135-07379a58e37b,-7.7425,110.3725,3,6
087003a5-bd25-46cd-af9e-ba36a3a6c319,-7.7675,110.4075,3,42
08734412-4412-be12-c8d1-8d64b28d244e,-7.7525,110.3925,97,473
08791a2c-1a2c-831d-e568-423c42ca620b,-7.7475,110.3675,82,325
088c17bf-17bf-cd48-f685-4409d4053d31,-7.7625,110.3825,91,389
08ab290e-1a53-448d-ad86-6b41ab4fb569,-7.7675,110.3675,1,48
08b015d1-c66b-4f80-84b7-8d5c71ac5fbf,-7.7625,110.4075,1,22
08bc8ccc-f63d-4cb5-9d70-536cd4b6f2b7,-7.7475,110.3725,98,483
08cbb943-198d-4446-b72f-1ab43a19ea03,-7.7625,110.4125,107,704
08cf2231-e8ce-41d9-b683-3ee5dfcbe715,-7.7625,110.4125,1,1
08d02de9-2de9-bb1e-1c14-fa8bd4735b2c,-7.7575,110.3875,2,21
08f1787c-1cf7-432a-a49c-323ac8a08d1a,-7.7625,110.3675,154,656
08fe68fb-bb57-4366-be86-438257362928,-7.7475,110.3625,8,24
08fea617-a617-6062-ce42-84b03d15be32,-7.7625,110.3975,4,17
0903ad0c-f910-4ce5-ad64-7fa7a5df4dbc,-7.7475,110.3625,2,59
091ce913-6738-43c3-9a5d-c24db98db63b,-7.7675,110.3775,11,128
092dfdfa-3749-4fa2-b76e-11f890555138,-7.7425,110.3725,4,50
09371416-1416-bf8c-0e3a-a1d6598ec6b9,-7.7525,110.3625,5,18
093d8299-8299-7c9e-705c-650e1623456f,-7.7475,110.3625,1,4
094039ce-39ce-bdaa-1719-ba17ca866ec1,-7.7625,110.4225,3,23
09494aab-2d48-42f8-99b2-19a3af4ff2b4,-7.7625,110.3675,11,32
096693d4-93d4-b8cc-56e9-d45108ee0328,-7.7475,110.3575,2,4
0967f8ba-88aa-4b5e-8c8c-c8647c306d9c,-7.7575,110.4125,2,17
09b33703-3703-afb0-969c-6ced5cd5df11,-7.7525,110.3775,5,5
09cba1ca-0706-47e5-b0f6-d5c80c89ac18,-7.7525,110.4325,53,166
09d4bde7-a86e-469d-873d-748f85ed3ae4,-7.7675,110.4225,18,91
09e111c0-5db7-49a4-b89e-da7476a70180,-7.7475,110.4225,4,4
09f0fdfd-fdfd-4712-5f61-12974957cfb4,-7.7475,110.3625,3,10
0a07d494-f96f-49da-8e09-3992726a2b7e,-7.7675,110.3775,1,4
0a16a737-a737-31f4-71d1-eee973a66269,-7.7575,110.3975,4,23
0a206f44-e235-49e5-b793-6d31a014858a,-7.7475,110.3575,7,155
0a3cff0b-2f09-45ba-a26e-9c83aaf9f9d6,-7.7575,110.3975,320,1682
0a407aa3-ae7e-45b1-8a4c-63a0ade17629,-7.7425,110.3725,1,16
0a62ce23-f792-4735-81e0-d2458cfe151e,-7.7625,110.3925,2,20
0a8e7a3a-7a3a-ba66-9910-37d05477396e,-7.7625,110.3675,2,5
0a9c1952-72a1-4029-9499-91bbbfa127aa,-7.7475,110.3725,59,1135
0aad77e0-94a9-4412-9c82-b1a9a200349f,-7.7475,110.3725,6,73
0abb2303-2303-373b-6148-bb818f072cd3,-7.7475,110.3775,72,319
0adbec55-a26c-4bdf-b2d0-05d7ffa42079,-7.7575,110.3575,14,34
0ae2d8ad-d8ad-9eaf-f253-3b182cdde447,-7.7475,110.3975,25,109
0ae72266-a115-4dee-b0f8-4387ff4ee7b2,-7.7675,110.4225,16,145
0af54473-ec96-44c8-9b49-7e4fafad03cd,-7.7575,110.3825,15,41
0afda658-e3b7-45d5-ac06-011b57b8c19e,-7.7575,110.4275,23,155
0b10b854-7e59-4694-8f3b-3cf67f072fe9,-7.7525,110.3625,12,71
0b31caff-caff-2cdb-f1bc-30fe8ed43034,-7.7625,110.4025,2,78
0b368e9f-8e9f-1764-9608-b308e96c1553,-7.7525,110.3625,5,17
0b4442c4-157b-4e7b-8818-c9e7d1eaff9f,-7.7575,110.3775,5,13
0b5e1851-cdf7-404c-9c50-18df1b7bf8b5,-7.7675,110.4025,227,733
0b728ecc-a7a9-42ae-9b5e-425a9d40aac6,-7.7425,110.3875,1,3
0b785b3c-a4f5-4b88-86d8-8f748f6d7926,-7.7425,110.3425,6,20
0b88f2f6-61b0-47f2-a91b-d53b0339ab40,-7.7525,110.3775,22,135
0b905c25-46e5-4e2c-819b-716f0c7fa775,-7.7575,110.4025,2,623
0b92cb57-cb57-bf09-0c15-44011fb08902,-7.7475,110.3625,41,44
0b9c3811-3811-7a0e-5a8a-6a7e6dda66f2,-7.7525,110.3625,2,67
0bae1822-1822-5f79-bd50-c45a58acbb3e,-7.7625,110.4175,6,13
0bfd22ec-9aee-4a38-939e-6ca3022ef392,-7.7625,110.3825,31,925
0c1d5566-888b-405a-947e-5e8fe7468f5d,-7.7475,110.3725,2,10
0c30d4b0-d4b0-4a45-7bdc-05a35b0babd6,-7.7625,110.3675,1,52
0c56e931-bf51-4ff2-a42c-a5e574cc9b07,-7.7475,110.3825,35,114
0c595145-5145-50be-25ab-d51351331e0c,-7.7425,110.4175,79,538
0c5a898e-8be9-43ef-9a51-b3ef21dfde87,-7.7475,110.3775,154,673
0c70e820-fae8-481e-aff1-97f2a568b4b5,-7.7475,110.3725,414,1454
0cafba57-ba57-40ae-b619-5d640c90ee3c,-7.7525,110.4225,2,2
0cbe7962-7962-aa8f-23d2-d5b1614cc089,-7.7475,110.4125,80,639
0cd2694b-694b-1fae-6be8-1f8bad0022a3,-7.7425,110.4325,389,1611
0cdc4aff-4aff-b0f7-2cb6-b07e1b46d281,-7.7625,110.4125,2,46
0ce5201a-201a-21b3-bba2-3468b129d240,-7.7625,110.3925,35,39
0ce80daa-0daa-36d8-37d5-11be0aaf09b6,-7.7425,110.3675,1,117
0cf521ba-ef54-497f-ae5e-e4e98bbaaf8c,-7.7475,110.3575,242,1752
0cfd3783-3783-8d9e-991c-7bf211b923dd,-7.7625,110.3975,24,87
0cfefa65-a960-4e60-90ae-4b6e5aee7045,-7.7525,110.4225,28,93
0d1a3be9-78ed-465e-829e-097b09c04525,-7.7475,110.3575,41,486
0d293b4d-3d49-4197-a661-1c2dfa3cf863,-7.7525,110.4075,16,45
0d2ce0cf-e0cf-7b95-7b56-0460bf38b1c3,-7.7475,110.3625,1,8
0d51c288-b964-4d5e-aa60-bc3bcc43bca5,-7.7525,110.3825,11,92
0d63e1e4-e1e4-ce2b-d356-39ad249a500b,-7.7625,110.4225,3,10
0d66ce04-7efd-4791-a726-8779c5e5a486,-7.7575,110.4175,1,1
0d6ff493-c3a2-43dc-b085-184dd354f644,-7.7525,110.3725,1,1
0d7040ab-f91d-439e-808a-4d730c1ae3bd,-7.7675,110.4325,15,53
0d7d785a-785a-3cce-a0a5-b5e08d676c84,-7.7575,110.3975,4,6
0dbc1042-1042-fd46-b3ca-16f32fd731d8,-7.7625,110.4125,3,3
0dc4104a-6f3f-4604-a54d-a92824882e7c,-7.7575,110.3825,5,44
0dc70e39-0e39-4993-d7a8-1d7a9277c3dd,-7.7575,110.3925,4,9
0dcb0e97-0e97-1f33-bc98-ea298da8ccd1,-7.7475,110.3625,3,3
0dcb77eb-77eb-7dba-b24b-29436088ec52,-7.7525,110.4275,16,169
0dd9fd20-bdf9-4cc3-b1a5-fd49088c48f2,-7.7625,110.3975,27,128
0dea6ed3-7f78-4215-abd7-078a1f5e1684,-7.7575,110.3925,16,56
0dffd65f-d65f-673c-810c-37dfd1ec1d78,-7.7575,110.3775,53,250
0e04313a-1308-41f5-bef0-00723cf7a2e5,-7.7475,110.4125,3,21
0e0a0184-0184-0d29-590b-65f4ac9ffd45,-7.7475,110.4175,36,310
0e3e3461-936c-49fd-a059-0ceef1e5ecdc,-7.7525,110.3825,24,24
0e3f28ef-8455-434f-aae4-4190f6acca5d,-7.7425,110.3475,85,575
0e592d30-2d30-d7f3-08c9-0f78ec8e58a8,-7.7475,110.3825,122,662
0e6187ce-87ce-0b3f-fd7f-a1b74406cb7b,-7.7425,110.3475,1,5
0e6baff2-12ba-4b20-9465-03a449e9f18d,-7.7625,110.4025,35,206
0e6f7731-64d4-46d3-bacb-33f1f954ce07,-7.7625,110.3425,134,443
0e7d1fae-1fae-9c3d-9850-2d8ad138ee54,-7.7475,110.3725,12,78
0e7ddf68-ed99-4524-93d2-26669027485d,-7.7425,110.3925,335,1123
0ea4159a-159a-a1e0-c3ed-6277ebe4a53b,-7.7625,110.4075,18,53
0ebb0b52-0b52-b757-4781-308d1dd1c3be,-7.7625,110.4225,9,24
0ec42a71-4d97-4ecd-81fd-48d29a772b00,-7.7675,110.4275,13,127
0ee5c0e9-c0e9-c765-4416-dd6033ce1d05,-7.7575,110.3725,158,873
0eeabe36-0abc-4408-98d7-7dd8641504bd,-7.7575,110.4025,1,1
0f02f27d-a008-4926-8c56-36af6fc1dcee,-7.7525,110.3775,140,579
0f061ab1-1ab1-9c45-9f93-bca9c753236b,-7.7675,110.3675,2,11
0f1f1df1-1df1-d038-d176-6f20f3417006,-7.7625,110.3625,3,28
0f1fef7c-50da-41c4-af1d-de65ae039036,-7.7675,110.4125,27,113
0f3016c3-16c3-fb8c-aef4-3c0539c23ca5,-7.7625,110.3825,197,1808
0f380877-c8ab-4dec-b5cf-03b9324828b2,-7.7575,110.3725,56,303
0f4f6dc2-5d33-49f3-ba31-85ff927b1b8a,-7.7625,110.3775,1,129
0f5d42a1-afc7-483c-abad-0d0d2eddeef3,-7.7675,110.4275,2,8
0f5ef3ba-f3ba-c92f-f964-7e4859dbd1e8,-7.7475,110.3725,79,242
0f87f88f-8689-45b7-a4d1-e087a011d6ad,-7.7575,110.4125,110,671
0f9b3c05-8dad-4fcb-8459-eefa2e6ddce1,-7.7575,110.3925,31,66
0f9cb565-6f09-4e7d-ae3e-df564e357314,-7.7675,110.4225,4,234
0fa30f91-f123-4cb5-b39a-b64bc01c9bb9,-7.7625,110.4175,146,291
0fbd3c39-d54b-4163-9ec4-392a75cc8b22,-7.7525,110.3975,6,41
0fc107df-171c-4b97-9120-96189122cf09,-7.7475,110.3725,434,626
0ff1ce43-ce43-8cae-d40d-2164e35795a7,-7.7675,110.3975,1,10
0ff79428-9428-05ee-9f39-af6129c32115,-7.7625,110.3975,14,124
1001e670-b298-465d-ad40-f432c1241daf,-7.7625,110.3625,2,6
101e74c8-74c8-fa4e-ab67-8cf308169f13,-7.7425,110.3825,72,295
102b7aa8-0485-4e9a-ad1c-0e77c7560c7b,-7.7475,110.3475,568,1632
1034b03f-058f-44c6-affb-21ab24f92552,-7.7425,110.3575,76,268
103f8b20-7c28-4c52-b6f6-c792c92f0c17,-7.7575,110.3925,18,29
1043704c-e017-4d9a-b4d3-f453828c4489,-7.7575,110.4025,4,85
1065ab1e-ab1e-dc44-ba99-a3405745a335,-7.7575,110.3775,6,6
1086e661-b345-4132-a348-ba05e1f822c7,-7.7525,110.3675,2,54
109ce5df-5441-4eb4-a292-5f7c6ea906ab,-7.7475,110.3825,1,13
10d5d400-94a8-42c1-a961-fa23ab2e9b5e,-7.7425,110.3875,1,7
10f02cfe-0ad1-4763-a2fd-c3bda682d9c8,-7.7425,110.3525,27,182
11129ed2-9ed2-576d-318e-eb7898e7116a,-7.7625,110.3925,6,31
11196042-ef64-4a8c-a696-f4a26badc33f,-7.7675,110.4025,2,10
111bf720-2ddc-49f1-a7e8-29d715e2a1c2,-7.7475,110.4125,15,60
113720f1-20f1-a707-0b5d-c4fee03ba7af,-7.7475,110.3725,4,21
114397eb-97eb-7582-56c7-55fe500bc8f5,-7.7675,110.4075,132,707
11492839-2839-2a42-b4ba-3ad51c9bf3ea,-7.7475,110.4025,3,14
114bf4c7-f4c7-7ef6-928b-e201e105824e,-7.7625,110.3625,21,140
115663a7-63a7-340b-6b15-a7f27426ddd4,-7.7625,110.4325,2,162
11567b01-3923-44ba-933f-aad320496eb3,-7.7625,110.4125,3,3
11723366-ad67-4b36-b3a0-609ab5937e39,-7.7575,110.3925,25,97
117de11f-a871-4eb1-82ce-faa7c42775ed,-7.7475,110.3575,2,5
117fc0a3-c0a3-a731-7949-2f314c393ddc,-7.7475,110.3625,6,21
11ba20e9-20e9-2b6d-6266-cd1ab8ba00a1,-7.7675,110.4275,1,176
11c249cd-b787-4912-9c94-1190110f7a7b,-7.7475,110.3425,4,36
11c7e5c1-e5c1-7d2a-41c0-07f655b13897,-7.7625,110.3775,3,21
11d7ab51-ab51-9fc5-b9fd-65e724008fe6,-7.7575,110.3975,69,224
11df737e-f1bd-4823-9b5b-42a63e758aa7,-7.7425,110.4125,21,32
12047ac0-4a2b-43c9-b12c-83ed0ca7749e,-7.7525,110.3625,6,22
120e4ee0-4ee0-5caa-76c6-262614282f04,-7.7475,110.3725,75,455
120f207c-e68d-477b-8622-4dd704f03340,-7.7625,110.3925,2,7
12117e86-5f2a-409c-a9c3-29069476bacd,-7.7575,110.4025,4,19
12717cc7-7569-4c87-8208-ba051c7fe8ce,-7.7525,110.4125,45,246
12cefad2-fad2-a432-97aa-9fdb53de5481,-7.7675,110.3775,1,8
12d5fe90-beea-4a71-9a59-0a055f56d171,-7.7475,110.3575,2,5
12d8cae8-cae8-3d5f-b0f8-6083c6953cdb,-7.7625,110.4225,1,1
13194ac7-9678-41cc-8a13-7c1b33d71966,-7.7525,110.4025,213,647
13287fc3-7fc3-59de-879f-9a4d31fbb765,-7.7525,110.3425,38,280
132c38a6-baae-4a08-9579-c15ac1dddd6b,-7.7625,110.3975,4,189
1330c5f6-b74a-4f57-9d0e-3b30d91a8610,-7.7575,110.3975,2,49
13509e01-8340-4794-80ab-6b23d51a299e,-7.7425,110.3975,23,97
135a25ce-b85d-4554-b665-9f9f92003bb4,-7.7575,110.3975,36,76
1367ea0e-2fe1-495c-a36c-f81c9a9f712f,-7.7575,110.4025,8,63
1386382f-382f-a0b5-abd1-75fbb848a8f8,-7.7625,110.3875,45,244
138a46da-d7ed-48d2-89a9-9e3d2afe3957,-7.7625,110.4125,20,186
139568b2-68b2-c690-4b50-e13a81912a17,-7.7675,110.4325,5,6
13a51842-8f24-4cb0-bbb9-4d58bcc605bc,-7.7675,110.3925,2,11
13a726b9-26b9-2c9f-9901-5ca0a1126895,-7.7575,110.3825,92,627
13adc6b3-c6b3-a46a-8d20-2ce5ea4dd7bf,-7.7525,110.3825,6,47
13b7a55e-70fb-4a78-995d-e449b81542be,-7.7575,110.3875,4,126
13d9a361-6bf2-4d6b-90c6-4e00766a9f23,-7.7625,110.4025,4,13
13df48d0-48d0-72db-77d0-ce93a45879ee,-7.7575,110.3975,30,119
13e160bb-60bb-c311-5309-20329ec921a2,-7.7425,110.3825,45,226
13e9724e-724e-d768-a24d-633d521e6ff5,-7.7625,110.4125,7,52
13f39415-8bed-4d90-93f6-4d7965ede685,-7.7425,110.3875,5,166
13f5c1d7-0e21-4792-bf41-75675ccb07a4,-7.7425,110.3625,8,13
14275da3-5da3-9343-a35c-aee28aa9a977,-7.7675,110.3875,163,438
142948ca-48ca-1354-a184-cf99ea0128d6,-7.7425,110.3825,114,532
144d8be0-604b-401e-aa1a-f8331135e739,-7.7475,110.3875,2,3
1451f385-f385-8898-d45a-508e4e599207,-7.7575,110.3875,91,336
14656f1b-6f1b-f6fd-3137-ef798815a2ec,-7.7675,110.4225,113,462
146a12e7-12e7-1084-6b80-e22523359bee,-7.7475,110.3625,11,287
147852ac-4b40-4d39-bb7a-fa5e3ddddb0f,-7.7575,110.4325,1,23
1483e775-e775-dce0-c0e7-f6b05fe8baf7,-7.7525,110.3675,21,84
149195d3-d874-43e8-a8be-d7170cc040bc,-7.7625,110.3825,3,198
14d296b8-ae03-4e5d-bd57-aac879dd992c,-7.7625,110.4225,8,8
14dfbdfb-bdfb-fec0-8a2c-6a7bc74f4fb3,-7.7625,110.3925,1,2
14e12eb3-2eb3-bed7-6695-ccb5c3ac4b21,-7.7625,110.3675,98,365
15011739-2837-4871-a58b-9dd3d67147d5,-7.7575,110.3875,11,32
15156467-e838-4508-b469-631e7ef5cd01,-7.7575,110.3825,8,27
151c4d16-4d16-09df-8d01-ec4479eb0d6a,-7.7425,110.3825,101,682
154d7fde-7fde-f852-e960-4ff99acdaf3f,-7.7525,110.3875,1,61
15555d0f-e145-436d-b8c4-24c9e6375fe0,-7.7575,110.3825,38,101
157c83b8-a3c3-441a-8b5e-0e624008cfa1,-7.7625,110.4125,1,10
15b6ed0d-7cce-45a4-8eb5-b05058dfcc1c,-7.7425,110.3725,3,32
15ba2c6c-2c6c-fe0d-c9b9-f45b766bbba0,-7.7575,110.3925,2,10
15ce6bb4-6bb4-ee57-90f8-8b0dbe12b68f,-7.7525,110.3675,5,97
15cf652a-652a-7d46-d8d0-1685954a889c,-7.7575,110.3975,125,326
15e5968b-2aba-4091-2d40-f899f6e89ab0,-7.7575,110.3975,6,38
15fc185f-185f-334a-ef9b-b0a093bfd3e7,-7.7475,110.3625,2,13
16112122-2122-8217-da82-c9ea9a54813a,-7.7425,110.4325,71,330
1616a7a0-a7a0-b87c-6feb-c1739c05d16b,-7.7425,110.3675,3,9
163851a0-f97e-4a15-84ad-90c1901da241,-7.7625,110.4025,8,36
1659b6e9-c0a1-42a5-8d73-228427b29f78,-7.7475,110.3875,4,10
1666c478-c46a-4bf4-9963-d3fb7c539ebe,-7.7425,110.3475,1,14
166bf842-f842-3272-d3af-e92cf99ed761,-7.7675,110.4325,1,18
16775e04-5e04-90c5-385a-9149fed276fd,-7.7475,110.3725,15,53
1680b272-bc97-4201-bfed-8776aed1a611,-7.7575,110.3925,6,30
16ba9a6f-d66e-4b33-82bc-424a6c7d3dc6,-7.7475,110.3975,241,1408
16c17a7a-741c-47ee-bc2a-6fdcc15003d9,-7.7625,110.3925,1,3
16c34884-4884-83a3-8886-7c00d5934247,-7.7525,110.3975,14,14
16cc430a-430a-1361-4f45-31bab02600aa,-7.7625,110.3425,133,745
16ed2a58-2a58-1b52-85b4-fcc02deac957,-7.7525,110.3725,12,24
16f9a275-f870-49df-b044-4dfef02ce33b,-7.7425,110.3725,1,10
1707c64f-c64f-ad11-c615-cfa8b0f898cd,-7.7575,110.3875,11,54
17295fa4-5fa4-7d11-1159-19375a83a3d1,-7.7525,110.3825,1,13
175a087a-8e7e-436c-8bc2-c873c2ea6651,-7.7575,110.3975,14,38
175eaa89-c7ab-4190-a231-236c7b5afc2a,-7.7625,110.4225,48,114
1760634a-634a-41d7-5594-a3475ef71c56,-7.7475,110.3725,1,5
176de385-971d-40dc-b2a8-92dc9707d8dd,-7.7575,110.4275,109,1121
178b2329-6b3e-4eef-95e4-35d38346c5c5,-7.7475,110.3525,7,38
178eb761-b761-ae20-1fe4-afd84e89eb71,-7.7525,110.3825,7,7
1796e84c-8ac2-46e6-93fb-b7e8399f0d25,-7.7625,110.4125,131,994
17cf3a15-3a15-f414-fa9a-f4c3bbf08232,-7.7575,110.3625,6,89
17d0f3c3-f3c3-1606-a13e-b5391f384d2d,-7.7575,110.4175,171,569
180651f2-c5b6-46e4-b320-f920b29704e3,-7.7575,110.3875,20,37
18215b8b-fa8a-4c4f-8bc8-b573c5cf6045,-7.7625,110.3775,33,308
1827a2bc-abe0-40e0-9e10-2bfac2bcb9f3,-7.7475,110.3425,281,1192
18508f09-8f09-f93a-5c37-291891a6cb6e,-7.7625,110.3975,5,53
1868bb1a-bb1a-1014-eaf9-8a9d95e1536e,-7.7575,110.4325,292,1055
1876de67-de67-a291-7ac3-b0819811ac8f,-7.7425,110.3975,20,85
187f0453-8aef-4428-87a5-28f43bf294d2,-7.7425,110.4325,2,27
1880442f-442f-33ed-a39d-328a6c59d4bb,-7.7575,110.4075,2,5
18943691-afad-48b2-9639-8021885bece2,-7.7675,110.3525,6,36
18b7aacb-e25d-4f70-9aed-8c609da3b09c,-7.7575,110.3775,113,161
18bad45f-a8bb-4bd3-a0a0-94db8b217ae4,-7.7425,110.3725,28,34
18ca58d0-58d0-f98f-d7d4-3f87f6510b63,-7.7425,110.3475,8,86
18f7f806-45bc-4b2d-9dbf-b2cbe592dafa,-7.7625,110.4225,13,106
190a2d01-884a-403c-1747-d235ff8ffe70,-7.7575,110.3825,36,117
1927fea8-fea8-eaee-c66d-8fb489bc8d9e,-7.7575,110.3775,168,1447
19482261-2261-7699-7159-d0c20a6d5350,-7.7625,110.3975,4,18
194c4cfa-4cfa-70a6-78a3-c1775873abeb,-7.7425,110.3625,7,262
195c8831-6a53-41af-8058-4bbd763521cd,-7.7675,110.3875,127,869
197f0d81-3524-4169-8688-b410f94953e8,-7.7575,110.3425,164,662
19834c55-4c55-192e-196f-0c9fd2da73a3,-7.7675,110.4325,10,14
19859aad-ef75-4e15-b66b-9cc34a4f50fa,-7.7625,110.4225,81,114
199c5948-5948-468b-be0c-5dacdb2ab7e9,-7.7525,110.3725,3,9
19b9db92-05b1-491a-ac65-178eb6b9f79f,-7.7625,110.4175,177,665
19c668c1-68c1-d051-758c-8b746510ec54,-7.7625,110.4275,1,7
19f1da9f-0e7e-4f0b-b429-2fa80a4f6abd,-7.7425,110.3575,302,1164
19f5a4a6-d82b-4fbe-a3fc-a15cae5aa921,-7.7675,110.3425,1,10
19ff3e66-3e66-aac4-4a69-416500508e34,-7.7575,110.3875,1,2
1a0b1ce3-d2b4-4d54-8596-36da84c98734,-7.7625,110.3875,741,3007
1a106877-8114-4697-becd-dbbdda72a90d,-7.7625,110.4225,1,11
1a4afd65-d6eb-424a-8460-31324bee4b1d,-7.7525,110.3625,1,48
1a4be02c-e02c-da78-f68b-e751e3f4df69,-7.7625,110.4175,4,18
1a4ff3b9-e271-4121-875e-ea7bb8e3be29,-7.7625,110.3775,2,50
1aa2d126-5b10-429c-b862-79e5f8ea85f9,-7.7575,110.3975,2,27
1b074c61-a050-4fef-8c98-1ffa1c0cabaa,-7.7475,110.3825,11,67
1b469fb1-9fb1-161d-f748-2c610ac019f3,-7.7575,110.3825,3,11
1b48d403-d403-1890-afde-979e182dde37,-7.7475,110.3425,1,44
1b4c9958-d51a-4c2c-988a-43567c99b327,-7.7425,110.3475,6,8
1b4df974-6fd0-48e8-bee6-2d8702a10aaf,-7.7625,110.4125,5,154
1b58b800-73a0-4537-a6ca-9c49d43f179b,-7.7525,110.3625,1,145
1b5ef41e-e5c1-4369-8825-b3c000f24f89,-7.7625,110.4225,8,27
1b64cd7f-cd7f-c3ec-6773-d2a59bccb96f,-7.7625,110.4075,2,148
1b72c260-c260-4612-7ceb-17208c6ef04d,-7.7475,110.3775,37,220
1b8f3bc2-3bc2-dcf2-24b2-11ce54d6b97a,-7.7525,110.3775,1,217
1b98fbdc-c560-4be4-be86-7120bb5b0e17,-7.7625,110.3975,72,741
1b9c5815-5815-b63d-e33f-4493e1c9a9fb,-7.7575,110.4125,5,13
1b9df01d-ca50-49d1-8900-5669673096a2,-7.7475,110.3675,11,45
1bb28a52-8a52-6aca-ae4d-f43aeef7f4c8,-7.7475,110.3825,168,318
1bc0fb0c-68c0-40c9-8ed4-ed9072d7d7cf,-7.7525,110.4025,1,27
1bcbc0f3-6faa-4090-292a-a7c2ed3579fb,-7.7575,110.3875,36,71
1bde8ed8-8ed8-ce70-922f-e10ebc3557c4,-7.7425,110.3575,72,398
1be1ba8d-d22e-43e3-89c9-a0226c9925af,-7.7625,110.4125,5,53
1c05c89f-aa1b-4601-bf1a-429fe3b0a514,-7.7625,110.4175,396,1602
1c0e24bc-00a3-4e21-982a-03d5137bc4fd,-7.7425,110.3575,35,147
1c1c53c7-53c7-2cfc-fa68-0a5e5382381b,-7.7575,110.4025,4,144
1c23275e-845f-4101-b479-0069cc202820,-7.7675,110.4025,19,43
1c3717a9-17a9-76cf-7472-9fdd9bd39363,-7.7475,110.3775,5,7
1c37a44e-03d4-44e7-9c9f-01b1dcdc20d8,-7.7575,110.3925,4,4
1c5bf05a-265a-45f8-97f4-d44b2e77c9bd,-7.7525,110.4125,29,82
1c60c0cc-c0cc-5a78-605c-b8837a04637d,-7.7425,110.3475,54,203
1c6d4826-4826-8ab7-83d1-da6e69ae18aa,-7.7675,110.3675,1,11
1c79cf51-4ae2-4080-bbf6-c2fde9a7121b,-7.7625,110.4175,2,18
1c7ee923-cc85-422f-994f-3c7f5359c1c7,-7.7575,110.3725,11,101
1c9c6f65-cc30-4040-9c31-b8877f654f60,-7.7475,110.3825,2,4
1c9f395b-6225-4292-87b1-c1dfc3d2da8d,-7.7625,110.3975,84,234
1ca2ce18-bc6b-4cac-9aa4-eef4a0148a9e,-7.7575,110.3825,15,50
1cb8e55f-ae5a-4855-928e-3c823f5a74ca,-7.7625,110.3975,18,48
1cbf9987-c730-43bf-96f2-ddca0f28ff17,-7.7525,110.3825,12,49
1cdd12d2-474d-4e1f-916a-49b5084498a3,-7.7675,110.3425,39,754
1cf5bfe7-a3d3-4708-8088-d28fbb3b95da,-7.7475,110.3625,19,73
1cfe0665-0665-0c87-35bf-81477aeafcd0,-7.7625,110.3675,6,67
1cfe4ad0-4ad0-5af9-09c6-00d24ebaee59,-7.7575,110.3975,10,681
1cfe784a-822f-41d4-93f1-d6fd6d93bc47,-7.7425,110.3575,7,53
1d04e825-e825-7a55-713e-fe592432ca6e,-7.7575,110.4125,157,740
1d0d895e-1263-4d8f-a498-8f6c1b4df38c,-7.7525,110.3625,66,197
1d176e48-7bd4-49ff-bda6-f6969457fd32,-7.7525,110.4225,235,1413
1d1fd064-47a3-4cab-9abf-60decee8283b,-7.7625,110.4125,3,67
1d26e1c3-e1c3-6a2b-6670-1cd678f92412,-7.7625,110.4175,167,756
1d2a7a48-7a48-02de-7e16-a07ef9aea498,-7.7475,110.3575,1,10
1d6e88fa-f65d-4958-8f5e-619119e38820,-7.7575,110.4325,4,40
1d75ac95-ac95-5f40-e605-c4bc761b5637,-7.7525,110.3425,132,622
1d9920aa-8558-4c66-94e7-e245548d4cdd,-7.7475,110.4125,7,39
1db09da8-5d8a-45ae-be77-0165611e3828,-7.7625,110.3625,3,35
1dc981c0-e8d6-4af6-9a84-c861f74cf585,-7.7625,110.4125,78,262
1dd5792b-5327-4fa9-bf19-64a3ba94805f,-7.7575,110.4025,1,41
1de2a4c2-a4c2-406f-11e1-7da6b0d7768a,-7.7575,110.3775,3,4
1dea8c42-a18c-4c12-ba2e-272629bc1cdb,-7.7675,110.4225,3,5
1df31269-1269-88d2-d110-79961f5489f7,-7.7625,110.4125,2,25
1e193c6b-3c6b-7b7e-7249-8efb0c92ff92,-7.7525,110.3825,67,1220
1e1d868f-9b3f-4c6e-82d0-2b1bb51982b5,-7.7625,110.4125,16,37
1e1eb20c-b481-4835-9666-83f9dff3ca98,-7.7575,110.3825,2,16
1e3c256b-6784-418e-81ba-4bcdbbb2edca,-7.7475,110.3625,4,6
1e5a51f4-2bdb-405c-970d-92308aced3d9,-7.7525,110.3625,13,88
1e629cae-d111-426a-ad7a-eede82640500,-7.7625,110.4325,18,36
1e634ab0-4ab0-736c-772d-ba821afe9184,-7.7475,110.3825,141,620
1e82e044-8e74-4476-8688-73712654f4b0,-7.7575,110.4025,2,17
1e8fc966-36aa-4cf3-866d-d843adb15d1a,-7.7575,110.4325,182,315
1ea1a48c-2269-44b3-8f6f-5e28603ca0b9,-7.7625,110.3625,8,33
1eab5333-5333-23f1-c921-44c0a69a4189,-7.7575,110.3975,4,4
1eb14188-4188-0899-bbdc-4fe7586aaea9,-7.7475,110.3725,174,445
1eb1751e-751e-4dce-8ba7-c1e7368dc127,-7.7525,110.3625,6,75
1eb1b5fa-06ca-4899-9d67-e3e1b659bac6,-7.7525,110.3625,8,25
1ef47de3-7de3-6574-1dc4-2cd7db1de01f,-7.7475,110.3625,2,40
1f00ec3d-9194-47eb-ba19-87a54af49e12,-7.7575,110.3725,108,407
1f0a79fb-1185-4bab-98b6-fa8b5869fe9e,-7.7475,110.3975,217,1338
1f1b4dc0-4dc0-f54d-9909-0c64df114984,-7.7575,110.3875,6,49
1f26ffdc-ffdc-49da-b5e9-97aa69198f83,-7.7475,110.4075,150,943
1f30b8e7-cb25-47bd-a423-2e3de0357ed3,-7.7475,110.4175,3,6
1f339829-32d0-4566-acf8-ffdaeb1cd6f5,-7.7575,110.3975,2,8
1f34de22-4567-45c3-9c51-e102d1b7850d,-7.7425,110.3725,1,15
1f643df0-3df0-1c7d-8e8c-ad6f25b92d8a,-7.7525,110.3725,25,60
1f6978ba-27f7-464f-95e5-6831a1aa724e,-7.7475,110.3725,3,6
1fc75c24-41bb-41dc-11d1-aeda0a8c0b63,-7.7575,110.3825,55,206
1fd6bebc-8772-4158-bcef-55d1d5e14628,-7.7575,110.3975,271,1087
200b36fc-6401-4ddf-810f-b7f82cf66aa8,-7.7625,110.3975,3,5
20137296-aca1-46d6-9e48-ad85cfee966d,-7.7575,110.3975,1,4
2046a843-5ecd-4e25-95ea-05d43480e93a,-7.7575,110.3625,4416,16224
20515591-5591-1c65-5c06-709f63d6a66c,-7.7475,110.4175,1,30
206163d0-5d90-4cae-90c5-906dbc3cae37,-7.7525,110.3975,13,67
206a4a39-4a39-df80-831f-862638902faa,-7.7525,110.3725,1,4
2095645f-645f-244b-58c8-3f94af37674b,-7.7475,110.4175,180,562
20a093ac-93ac-5990-4490-acea29195758,-7.7525,110.3875,4,72
20ae2f27-0ec2-4952-9028-78982d00d232,-7.7625,110.4225,318,1390
20d614dd-53fb-42e0-b991-6ee3222047b8,-7.7525,110.3625,4,122
20d962fa-24aa-436a-8f23-1e5ec4548f6c,-7.7675,110.4175,3,3364
20e1ee2f-3448-4404-bafa-feb5e8878915,-7.7475,110.3625,2,14
2108d4d2-a89b-4249-8e41-9b5c31f83313,-7.7675,110.3875,2331,9358
210d40d7-2ba2-48c5-8d73-a1c336e51134,-7.7425,110.4075,72,237
21506760-6760-0e85-5243-476fc45cc368,-7.7675,110.4075,41,264
2166bfdc-5039-46c4-b5f9-d5e153aea328,-7.7425,110.3975,1,7
217b71a4-71a4-7ce4-37ed-2983afb867d0,-7.7425,110.3925,354,2137
2193ab78-ab78-a370-564e-53cd6015a858,-7.7425,110.3475,2,2
21961971-3067-426e-a8bb-797c68acada6,-7.7525,110.3725,4,200
219883d9-0365-41a8-ae72-a2b7aeacc5be,-7.7625,110.4125,13,13
21a3c546-6eba-40df-a98f-60ecb2f963c9,-7.7425,110.3875,1,8
21af3056-3056-e8f1-9ff3-f2f6bacd519e,-7.7625,110.3925,2,17
21b742f9-2b44-4697-b5b7-b9e9e4fbd70c,-7.7575,110.3925,29,36
21b798fe-98fe-75ee-6246-5d7b32349bc0,-7.7425,110.3925,1,68
21c61702-86d7-48a9-889c-7b2406c1182f,-7.7575,110.3675,26,66
21cf792d-0a20-41fb-b8bb-7b0ff7148102,-7.7625,110.3925,1,99
21d016a2-b6f0-458e-a218-235d5a9e9177,-7.7475,110.3725,2,3
21d9ea6b-ea6b-77d3-50f6-c79d95a81fc0,-7.7575,110.3625,23,45
21f3ed22-747e-472c-91c9-490fd2622c3b,-7.7625,110.3975,94,289
21fc13c9-13c9-6321-cd55-5cc24a9f6e78,-7.7425,110.4225,2,38
220ac60e-e841-4e60-9867-bda415af9573,-7.7525,110.4225,45,265
22152988-5f47-4ed4-a332-86c376100323,-7.7575,110.3975,2,5
22245f8f-5f8f-0a45-dd7d-966e1b09f79a,-7.7575,110.3625,57,413
222ce658-9132-4c9e-a352-73d9118ceb2f,-7.7575,110.3925,1,1
222e5103-69b5-46e6-9c22-6234afbba6f1,-7.7525,110.3975,72,347
227a545a-c314-492b-8333-f7d8fa2b838f,-7.7675,110.3525,2,138
227ba715-a715-f2a2-a0a1-a2eb07397558,-7.7425,110.3625,12,54
228e2053-98df-40a3-9688-46089b430e6e,-7.7575,110.3925,2,56
229465cc-33ef-4108-a71a-5c30fb6ffc7b,-7.7525,110.3725,1,9
229fe002-9611-4089-87f9-d3ebf73387c5,-7.7575,110.3925,31,163
22b5555a-555a-faab-cc07-3ee0a9fc6081,-7.7475,110.3925,9,81
22c32c06-cefa-493d-bfe4-dd75a5a12f98,-7.7475,110.4175,312,1245
22d87d2a-7d2a-52d3-29ff-c028f271c9e0,-7.7575,110.4175,25,85
22ee42f6-42f6-9198-e24c-b65a70308cc8,-7.7625,110.3675,125,674
23059f2c-0c0e-41d2-a883-b1b0c6d45600,-7.7525,110.4025,8,40
231f1235-1235-4ddf-905e-3946c61655d9,-7.7625,110.3975,30,240
2320a8b6-a8b6-3fbe-747b-d2a8dd55c1c7,-7.7425,110.3925,494,3517
23348668-8668-ef29-aead-bae4f6972870,-7.7475,110.3725,6,20
23460cd7-0cd7-95d0-411e-7cf39a06593e,-7.7425,110.3725,11,56
236f872f-0d1a-40d4-a601-b8a4593c7b21,-7.7625,110.3775,13,65
2390304d-c79a-4418-b435-12124cdbb782,-7.7525,110.3725,48,57
23982883-b339-47a3-b64f-21370656562b,-7.7625,110.3925,1,10
23a64e95-7d64-4195-aa73-52f65f5d3012,-7.7625,110.4175,114,160
23dbfc2b-d6e1-4921-ad1d-b408a698a694,-7.7525,110.4025,23,83
24003461-3461-dee3-ee19-b0dc7c8d6ac0,-7.7625,110.4125,94,338
240c79f9-6d7d-42cc-a274-431c1c0b9eb3,-7.7425,110.3575,35,224
24111d46-1d46-5fb7-9270-f80a12c49f0c,-7.7475,110.3425,24,155
2435b5c4-b5c4-0df7-f919-afc5a24badc3,-7.7575,110.3625,86,464
243fc34f-d8a3-4296-8f9d-6053184c254b,-7.7625,110.4125,11,161
245c23ac-c15f-476d-1874-1081c5b9655e,-7.7525,110.4225,12,92
247e0eed-9a90-43fd-9c6d-246bf70e8150,-7.7525,110.3425,139,688
248c1256-fe20-49c3-9d25-1d6860c21ec4,-7.7575,110.3625,11,87
2491509b-7605-44bb-a7e7-c7f534454710,-7.7425,110.4175,40,93
24a2da6d-da6d-1f6a-898d-606d2299c26e,-7.7525,110.3725,1,9
24cbb842-6e5e-44b7-8000-a921ff6bd8c6,-7.7475,110.4125,4,109
251407ea-62c9-46ec-bfcb-78789374d371,-7.7525,110.3625,1,9
25145544-5544-c346-eb8f-b5f2e6fd95fc,-7.7675,110.4325,6,39
25193874-3874-ed15-63d4-a4174b7cd2d9,-7.7625,110.3925,13,21
2537737f-b36a-46a7-a5e3-8b37392aba1a,-7.7525,110.3725,3,5
253c2228-2228-6e94-57d4-3a18aa711552,-7.7425,110.3675,1,361
254f16bb-16bb-0c28-3f37-7e5273c7117f,-7.7625,110.3975,6,10
254f3488-3488-0963-e0b9-bf6ca0fd80b4,-7.7525,110.3775,8,142
256ecf4f-cf4f-af89-71ba-720013c7bdf4,-7.7525,110.3775,10,92
257cd15c-ad0c-4f58-8636-7021d54909a2,-7.7425,110.3525,248,248
25813867-47c8-4510-a793-0c60d68fe66e,-7.7525,110.4275,178,1559
2593b9b9-b9b9-7b00-2c53-01633b010737,-7.7625,110.3975,12,53
259cafe4-afe4-95b9-91a9-e09e07ba9298,-7.7675,110.3675,1,11
25a5f3a3-1ef5-4953-8790-53ed208f183e,-7.7625,110.4075,9,21
25a6fbd2-b6d8-413c-afc4-e466d4f8786a,-7.7675,110.4325,42,436
25ca0223-b96e-4268-9d33-f345f1ac38d9,-7.7425,110.4325,140,560
25fa47a9-f42f-48d0-84bb-216e860d01fb,-7.7525,110.3625,14,128
261afbe5-4522-4aba-8840-1f67e9b12b18,-7.7675,110.3775,5,247
26296c2e-6c2e-077d-d9ac-57e312ee2ae0,-7.7525,110.4075,40,320
262a0335-0335-373a-35f9-6e76034277d4,-7.7625,110.3725,12,22
262b12c5-12c5-4e9b-0d6c-9f451d06d4d6,-7.7575,110.3725,7,40
264db606-b606-dd8c-f57b-9eb8787913bc,-7.7525,110.3725,3,12
265b67fa-67fa-a0f3-7be9-31747102d8b9,-7.7575,110.3975,14,80
2665f632-964e-4a12-9ba8-4aced2892103,-7.7525,110.3675,1,1
266fa8ae-5fa5-432a-aa60-f699d16ad73a,-7.7575,110.3825,5,51
2674343f-b162-462b-99be-b96e90af4552,-7.7475,110.3475,11,60
267e959e-959e-ba1e-8cde-d550e14151b5,-7.7575,110.3875,3,21
268583f2-f9d1-4d79-b7f8-fffc11cba8a2,-7.7675,110.3675,1,18
269efef7-be51-45e8-af58-7571b957ebec,-7.7525,110.4025,373,3075
26b87c01-42a7-4e22-85a4-744ab43ab387,-7.7475,110.3975,137,364
26ede526-e526-93a6-8f52-79e29aa94017,-7.7525,110.3775,6,53
270bed0b-ed0b-842c-ef01-3972f898c5ce,-7.7525,110.4025,35,821
271594db-dbd4-4fb4-b260-89298ecf2e4f,-7.7575,110.4125,1,18
272d791d-21dd-4a85-9620-89fa11c5b5a2,-7.7475,110.3625,6,17
27380bd8-db22-41ea-8b5d-6cec3c2110a1,-7.7425,110.3975,97,562
273e54d2-54d2-368c-724d-9097f05b8ff6,-7.7475,110.3975,84,511
274136dd-36dd-ab11-b7bc-d678cd52d5fc,-7.7425,110.3725,4,10
274d274f-274f-b5d2-7e45-b72026348df5,-7.7675,110.4325,4,14
27683c4b-5c14-4a14-9788-9aba0a7b0b38,-7.7525,110.3775,135,233
27951e52-1e52-7e3b-6e12-86de70a9baa4,-7.7525,110.3775,6,6
27b5aba9-aba9-9c35-1435-3b3affef764b,-7.7475,110.3775,41,284
27b5b4b0-a78c-43f7-bf4b-4f01db70d190,-7.7575,110.3875,3,788
27be04eb-3441-4536-bc57-7890c61baafc,-7.7425,110.3725,2,62
27c63dd1-e0ef-445d-be3d-a5619d30ede4,-7.7575,110.3775,395,1660
27f30877-0877-2c03-d0f7-82453b421991,-7.7625,110.4125,5,49
27fbf279-f279-bd52-c9ec-f96a8dba19a2,-7.7475,110.3975,2,31
28004b7d-8def-4e01-8b73-6ee563be2a95,-7.7575,110.3725,8,39
2808a205-eab6-4a8a-a933-9e3aa9bc7200,-7.7625,110.4125,1,12
280f3a6a-6f58-47dc-b969-1d62ad727e4d,-7.7625,110.4075,1,11
281584dc-1f5d-4090-a40c-fefaf6e0d5f8,-7.7575,110.3625,2,68
2817e2c4-f409-49e0-b9b6-07c585fa92b9,-7.7525,110.3825,5,10
282109c2-6949-45f7-a1f2-70811031f596,-7.7675,110.3675,5,32
2838a400-a400-4654-ca8a-5e80ddb3998b,-7.7575,110.3825,2,6
285f5797-5797-4249-9969-357a6e16aa57,-7.7575,110.3775,2,645
28637837-646f-4636-998c-0d4c372a4a83,-7.7625,110.4175,93,858
287cf58d-f58d-b1aa-eb5d-306673833a42,-7.7575,110.3625,9,56
289d2776-2776-2804-06bc-2b4f67c3682f,-7.7525,110.3575,491,2635
28b6a983-a983-9411-283e-93d420dc4dfd,-7.7675,110.4325,6,29
28d26d12-6d12-2d22-4eb1-7131e5f500f6,-7.7675,110.3675,2,32
28eed3c5-cad3-4573-94e9-4929d5741276,-7.7625,110.4125,5,34
2905d972-caff-47b0-9b9e-7f22a2fe3f7d,-7.7475,110.3725,1,9
2907de70-de70-1fbf-c52d-35d01e60c7d1,-7.7575,110.3925,149,428
292564ad-cb84-4a56-9c64-408c52eebcb4,-7.7525,110.4025,63,234
29308b8c-f4fc-4bb1-9c54-5f4b512e306e,-7.7575,110.3925,5,5
29368a68-24f3-4ab2-92e5-3d6412081605,-7.7575,110.3975,3,20
29447a39-7443-4b61-8221-57ca86bacfc4,-7.7625,110.4125,35,238
2962cb3d-7511-459e-bb9c-330b5c1fd990,-7.7475,110.3725,37,368
297405af-f938-4a59-9edd-34200e463278,-7.7475,110.3625,3,12
29b831a0-d4d5-4979-a016-3a1d2ccd2088,-7.7425,110.3525,19,253
29c4f702-bce5-49b9-9250-0337305640a5,-7.7625,110.3625,1,8
29c65fc5-2ab4-44b5-9a01-5635d91a5f53,-7.7625,110.3675,288,1047
2a0ddd4e-f569-49db-9619-71557d3c8b1e,-7.7525,110.4075,10,81
2a104db7-e1b2-4af0-1d03-2d18ecdc0c60,-7.7675,110.4125,12,194
2a1264f7-c3aa-44e4-966b-e00f1b58ffa4,-7.7575,110.3975,7,36
2a2719c6-19c6-63ad-f8f8-14c6e45ebb27,-7.7525,110.3775,4,4
2a29b83a-b83a-1937-a178-a3105cd348a3,-7.7525,110.3625,1,4
2a46b8ad-b8ad-d4c8-25d7-c4c34d2d9c5b,-7.7475,110.3725,40,719
2a4c4a1c-a16b-466a-8842-757cbfeb385e,-7.7625,110.4225,23,85
2a4f3340-3340-88c4-3f71-e44f4cbbeecc,-7.7625,110.3775,15,1500
2a5b9341-9341-07e7-f223-943264a539e5,-7.7575,110.3875,9,30
2a736070-6070-4221-36ad-6b4f1ebc0834,-7.7675,110.3775,2,8
2a7709a2-09a2-b998-6354-b87297701784,-7.7625,110.3925,490,2031
2a8ba475-a475-c1a0-4dc3-7f341ee2e535,-7.7475,110.3925,177,1330
2a9af772-4306-4418-a7b4-d6bfd0f07767,-7.7475,110.3525,7,56
2aa2540f-9afa-40e4-bdfc-3a926a79d42a,-7.7525,110.3825,5,55
2aa35519-5519-de83-d636-04e36baca2f4,-7.7625,110.3975,17,82
2abdbb64-da50-4ac5-aa1a-51f272ff82ca,-7.7425,110.4125,24,42
2ac803d2-2d5f-4bd5-a47d-414357a85adf,-7.7625,110.4075,5,7
2b216f91-6f91-3a40-d023-2a5c38b60b3e,-7.7575,110.3975,17,44
2b435487-0deb-49e3-b0dc-fe9a58012b9c,-7.7525,110.3725,3,27
2b493f5d-94d2-48fa-97da-741fd9d071d2,-7.7625,110.3775,1,58
2b4a1511-da9b-4357-8830-7ef6052d2745,-7.7475,110.3525,6,6
2b4e5b3a-5b3a-158e-68a7-e8485112469a,-7.7625,110.3975,2,13
2b8a83c8-d650-47c5-9fc7-92b5cd92b199,-7.7625,110.4125,2,3
2b9df8c3-1468-4b08-aa0b-a7de95ab11b8,-7.7675,110.4075,12,27
2bb7e472-e472-1e47-1080-3ba6a67b5088,-7.7425,110.3475,161,626
2be8bbd9-e049-4f36-a96c-77f7107ae3ec,-7.7475,110.3725,1,24
2bf10c79-0c79-005d-ef9b-a4f49f852b71,-7.7475,110.3725,302,1303
2c3db896-b896-32cd-c8b9-c3e3886adf28,-7.7425,110.3625,1,8
2c4b175e-175e-ce05-17a8-fe5b362814ff,-7.7525,110.3725,3,3
2c4b784f-5370-47d0-b878-09b79868f7bb,-7.7425,110.3875,10,30
2c644b49-e015-499c-8cf8-43d8c1db8e7c,-7.7675,110.4225,124,828
2c69741e-8259-4d29-b129-391af5546470,-7.7575,110.3825,11,33
2c79803e-593a-4181-8819-dc9cb1a08118,-7.7525,110.3725,1,1
2c7bdd99-5b48-4c53-86f1-d96afc1f675b,-7.7625,110.4075,5,20
2cc781d8-8a40-4d61-86f2-b3826f7b8898,-7.7475,110.3825,277,1428
2ccf96e3-96e3-0856-6d4a-f9adb0662ecb,-7.7425,110.3575,98,355
2cd3d200-d200-a737-1261-0bf48e4746eb,-7.7525,110.3975,175,905
2cdc3c51-0725-4f68-ae1a-9a7efde4568c,-7.7625,110.3675,3,30
2ce7dc97-71d2-4241-81e7-ebc18053e079,-7.7575,110.3825,7,62
2cf9d51c-1255-42ae-8a3f-6e06dc1d19da,-7.7625,110.4175,14,56
2d280647-0647-8ff9-b8bc-3c33f4b21393,-7.7525,110.3825,1,39
2d3f2c21-29b2-4c43-879e-82b4ffeb1cff,-7.7575,110.3975,9,11
2d49b20b-018a-4df6-b294-268bcf67e703,-7.7625,110.3925,10,216
2d70533c-9d6a-4c58-a71b-fab9175351db,-7.7575,110.3675,13,799
2d74fdcc-fdcc-a31f-c094-d6b24519701f,-7.7575,110.3825,4,25
2df91c79-df0b-4bc8-90e8-079a2e13d8d4,-7.7625,110.3625,51,103
2df9b4e5-b4e5-e3d0-925a-a765f8943b48,-7.7525,110.3625,2,4
2e1e492b-492b-6dad-624e-756fc0edb747,-7.7525,110.3825,1,13
2e200cbb-2550-4541-84cd-1d521b1d46c6,-7.7475,110.3625,2,6
2e29fe70-fe70-4e5e-90cc-b8530b04fdfb,-7.7425,110.4125,16,30
2e51f98f-5e21-42f1-a9d8-f583e3b6763d,-7.7525,110.4275,10,48
2e628219-8219-382e-a5a9-b4a161fea42f,-7.7575,110.3975,3,13
2e641d25-8f01-4f23-9ffa-268f73461042,-7.7525,110.4075,36,231
2e644973-5b20-4531-9d03-e0a7ec20348c,-7.7525,110.3925,16,85
2e7173a3-a23b-4e8e-9029-5de29abaa4ee,-7.7575,110.3825,13,42
2e74e3d8-0783-4c58-1cf8-efe7c4049dac,-7.7475,110.3975,23,81
2e7c39fa-eb43-428b-9a10-4bd6bea2332f,-7.7525,110.3825,14,20
2e927560-2322-4517-87d0-73d1902cd2a5,-7.7575,110.3975,16,36
2e92ad4a-ad4a-b6f7-b418-338364c38a86,-7.7475,110.4175,151,915
2ea8b046-6545-43d0-a3ca-a4bef33ad780,-7.7575,110.3825,9,24
2ebb9b1c-9b1c-e2b4-f41e-7e03145b0871,-7.7475,110.4125,2,17
2ed478cc-e9a5-41d7-231f-50b9531a4246,-7.7575,110.3825,2,5
2ed78b84-5ed4-40e2-9d73-b696b631d02c,-7.7675,110.3825,7,36
2eda9f4e-8749-4a7a-8482-a1f9a9e1ec26,-7.7625,110.4225,13,130
2efa90f9-1b97-4c61-aa87-ea2b1a27a219,-7.7575,110.3675,5,9
2efea12c-a12c-9b5d-efc7-e6a7481f0562,-7.7625,110.3625,19,75
2f0cd12e-f7f1-4dfb-bdaa-0422683fdd05,-7.7625,110.3975,103,328
2f2aa25d-a25d-9672-5b9c-b2d2da0043ab,-7.7425,110.3925,1,29
2f4a00b9-c8ea-473e-98bf-e2fed29bdf24,-7.7675,110.4225,273,1166
2f5c50d5-3d92-4539-92b5-b252503ec46f,-7.7625,110.4125,1,1
2f8b1763-1763-e5d2-c504-2cc469fb8525,-7.7625,110.3975,2,11
2f918ad8-ab68-44c4-8d99-f866aa1d8d08,-7.7625,110.4025,72,365
2f93891f-3e73-456f-99d5-a29577af27f2,-7.7475,110.3975,230,1170
2fa2ebb4-78c4-40cd-9f1b-64921f11c1be,-7.7675,110.4025,113,402
2fa8231e-6468-4025-a0d2-8eb288c72914,-7.7675,110.4225,335,1107
2fb8f59e-f59e-fcb8-7361-95f19a9b4fa1,-7.7525,110.4275,20,156
2fb99be8-9be8-af1f-ade8-066a34e03fcf,-7.7575,110.3975,11,50
2fc72e76-ab59-4492-a241-c2d8fbbd4d83,-7.7575,110.4025,16,104
2fe2e802-05b8-4c34-8b98-929a17e20236,-7.7525,110.3775,9,15
2fe94126-4126-3854-0402-a58814490b89,-7.7625,110.3675,14,90
2fea5758-27fb-4b04-9b3f-469ea701bb02,-7.7575,110.3975,5,17
2ff4f47a-7ee2-41da-8130-d042dd02f772,-7.7625,110.3775,9,10
3018a78d-a78d-ada2-adfd-99a973241df8,-7.7475,110.3675,97,1291
305ab5a1-fff4-490e-b1d3-700a24f9d4db,-7.7425,110.3475,1,7
306a757f-afa9-4d72-9cff-fa9426215083,-7.7575,110.3775,26,114
3081a773-a773-714f-01f7-e93550e7da02,-7.7625,110.4075,8,15
308b1ecf-0731-40ee-85eb-8f1be9e3f5a2,-7.7525,110.4225,5,85
30b19351-8065-4ab9-1791-5b996490ef5d,-7.7625,110.4225,16,49
30d72ca3-fdd7-45d0-890f-6825b042e7dd,-7.7675,110.4275,24,129
30de49d2-49d2-7980-0e9d-ec7a42f95fe6,-7.7475,110.3725,245,641
30fe2811-0d2d-455f-9592-3627c80498c2,-7.7525,110.4025,144,214
3108d9d8-d9d8-eb21-bba6-2de33e9a6f05,-7.7675,110.3625,1,38
31159baa-9baa-fa94-db82-0c062ea46dd3,-7.7475,110.3575,1,66
3131d519-d519-3772-6374-d92ab5bf7b00,-7.7525,110.3425,103,414
314e6595-fa7e-45d1-ad03-ae1db8e7005a,-7.7625,110.3625,2,16
3155a8b2-f44d-460c-aa33-12508d3f1d65,-7.7525,110.3675,1,5
315b7fd0-7fd0-d905-8514-39cdc9e52ef2,-7.7575,110.3825,15,67
315fe25a-e25a-877b-36ca-ecec7b3b7ba9,-7.7525,110.3825,152,900
31681cae-e0c4-4e5c-98da-5efe507ba020,-7.7525,110.3625,4,19
316cf020-b002-4464-ae60-288fb16935dd,-7.7625,110.3975,64,120
31821aa5-2cab-475c-af29-3efc9e52222a,-7.7475,110.3625,197,1499
3185b1f5-efeb-4786-8524-f4a2d40facc9,-7.7625,110.3975,25,46
31ae3bd7-5697-41cc-9b0e-c16bdfa55e30,-7.7525,110.3725,5,5
31c65630-5630-e9fb-2e42-e84d2e3eafad,-7.7525,110.3625,2,24
31cbf709-f709-4ab4-9276-4c76b7bd5c85,-7.7475,110.3875,3,26
31cfb8d7-573e-419c-8380-8d8cf2c28720,-7.7675,110.4275,2,23
31d74b4c-4b4c-b90e-8f97-96d190e15052,-7.7625,110.3975,4,7
31de5fff-5231-4921-b5f8-969840cd5e7b,-7.7425,110.3975,12,49
31f3b3c2-6b20-4d9c-aa94-4ed22af487a7,-7.7475,110.3575,147,1350
32087f82-d607-4d30-8865-2117700bc890,-7.7675,110.3775,1,36
320f4146-32a3-45e4-95b9-b4752f0c7198,-7.7525,110.3725,4,13
3269f702-8814-464b-b278-5d18868b6caf,-7.7625,110.3925,2,496
32712fb6-426d-4f90-9191-3b025dcfb7a8,-7.7575,110.3975,16,49
3275c962-0161-48d0-bb1e-78dd856141a7,-7.7625,110.4175,9,12
3289f575-6289-441b-a63d-489b1b1b913e,-7.7575,110.3675,16,25
32af3da6-3da6-c12a-52dd-ce5cff42bca5,-7.7475,110.3875,29,213
32bab06f-48d9-4b4f-b02f-650508866987,-7.7475,110.3575,20,115
32c2e579-bdd1-48aa-9a36-6947fc19c033,-7.7625,110.4125,12,100
32ca4463-4463-e3d4-2fea-f0cf92c95c1c,-7.7625,110.4125,10,40
32d742b0-42b0-1467-a111-c301b0e13d06,-7.7625,110.4225,32,378
32e6a767-676b-4f98-8f4d-5184278c16fa,-7.7625,110.4075,17,399
331356f8-56f8-38dd-dbd6-688c2abb2aa7,-7.7675,110.4025,78,508
3338c25a-c42e-473b-a226-5d04a4a67653,-7.7525,110.3475,6,108
3339c7a1-57e3-4f1a-baa2-e18797621ff8,-7.7525,110.3725,3,26
333d8da2-cb05-4a01-90e9-4143296ce590,-7.7425,110.4325,10,67
334835d1-35d1-c368-79b2-3516d4dd688f,-7.7675,110.3675,1,62
3359335c-5242-4274-a7cf-7ba95265bac1,-7.7525,110.3725,3,3
335a7e40-1b69-4a32-869f-9adac77cc76f,-7.7625,110.3925,13,116
33ac59e1-59e1-5106-b3ed-ee356babf97e,-7.7575,110.4025,55,75
33bcff7f-ce8a-4eb5-b5c1-58f789f948c9,-7.7575,110.3875,2,32
33cab955-b955-f62a-adaa-5fb525f1847c,-7.7575,110.3725,118,487
33ce1054-faf0-4265-aa19-def1326767b0,-7.7475,110.3975,1,18
33d6b290-c00c-4e35-932c-b678f6765622,-7.7475,110.3625,3,179
33d6c47f-bc32-44f1-a8bc-786a2ac17eda,-7.7575,110.3675,1,3
33dd1e0f-1e0f-bc67-1781-6bd627382f8d,-7.7625,110.3625,16,16
33e11892-1a53-40a7-9bda-fb734f251e8a,-7.7475,110.3725,2,13
33e757d6-b8b7-4581-b04b-460150b844de,-7.7575,110.3625,25,41
33f3337c-337c-abb8-93f4-7b843a8a6fb9,-7.7625,110.3925,2,96
3404557c-92e6-4f12-bcb3-9be57538524a,-7.7425,110.3625,2,24
343023e0-23e0-159d-38b1-db8a344fdc1f,-7.7625,110.4275,1,17
3443f5db-105a-4906-b7e1-17b321c9b391,-7.7575,110.4025,1,39
34489226-9226-533e-97a8-827111cfc124,-7.7625,110.3825,5,5
34571acb-1acb-49c6-a6ff-a73e99bcf89e,-7.7425,110.3675,4,123
3476104c-104c-feb4-0da5-422ee1f6dfc9,-7.7425,110.3925,5,708
34853579-3579-57df-8c54-6f5efc052e65,-7.7675,110.4325,1,97
349c32eb-3dd7-4e79-93a7-3374eb0ec0a5,-7.7575,110.3925,46,158
34b19e48-9e48-0948-9273-b5e9dfc4a264,-7.7675,110.3625,16,78
34d709a3-09a3-b71c-982a-579b3b8a9b13,-7.7425,110.3925,1,60
34e3b4ce-b4ce-5c37-c7b3-b6fed9f2fb78,-7.7425,110.4075,29,129
34e4cb2c-2894-49fb-9b7f-151efdcd3135,-7.7475,110.3625,1,6
34f0db89-54cc-44a4-8fbd-7beb7170b1e2,-7.7575,110.3875,6,52
351185e3-b42a-4896-ae32-c64691aa46bc,-7.7625,110.3675,1,20
351bc312-c312-3739-445c-c266cb16c476,-7.7575,110.3875,16,36
3526e5df-e5df-60cc-887b-105743b9c520,-7.7475,110.3925,8,111
35851e25-310e-465e-9aad-2016550f3be5,-7.7525,110.3725,2,2
35a02a20-2a20-b55a-51f5-932a2badee1d,-7.7575,110.3675,2,5
35a5ce4c-ce4c-4b93-e56f-5b5c49e9dbc0,-7.7575,110.3925,80,444
35a7f8c5-f8c5-6abc-e74b-669002a5fd7e,-7.7475,110.3575,6,75
35cf3cbf-a82f-4f1a-888d-bdbe08de97ab,-7.7525,110.4275,1,130
35f1fe3f-24ab-47c0-9db2-fa95c47bfebb,-7.7625,110.3975,1,21
35fac256-c256-3415-d6a4-e994005d2352,-7.7625,110.3875,82,606
361666e5-66e5-e4dd-9588-71f682fa9d27,-7.7425,110.4175,130,693
3631112f-18a7-4163-b877-55e424da309c,-7.7475,110.4125,1,112
363c4d84-c153-4844-8f0f-928fabb34e77,-7.7675,110.4075,19,120
3650acb1-acb1-348a-2847-a7ea6a9d46f0,-7.7475,110.3625,10,65
36949e83-81a8-4e00-b39f-8ce891711c70,-7.7475,110.3825,85,469
36ac6028-1b3b-4153-8f56-dfa085b7b059,-7.7675,110.3575,29,232
36be0df2-0df2-25de-c00e-117b11402eed,-7.7675,110.3775,19,331
36d0b952-09d3-433e-8675-10b08bbae362,-7.7625,110.3975,15,136
36dcc480-c480-a458-b77d-5dde38711939,-7.7625,110.3925,3,3
36e3d663-7698-4d07-bf17-33ba3c9815b6,-7.7525,110.4225,2,184
36f50f60-0f60-c93f-59b5-85584193167c,-7.7525,110.3725,9,69
36f90554-0554-22c0-c953-e836d97c31bf,-7.7625,110.4125,2,33
371b89f5-a94d-4755-87c6-b561df97f5f2,-7.7575,110.4025,1629,7840
372180e1-642a-4448-a0a6-0ed6c6f20e61,-7.7575,110.3975,435,6221
3754032f-032f-bc42-318d-6eff55d3a287,-7.7475,110.3875,1,37
376b60b3-60b3-7737-b749-e38e82a4dec3,-7.7675,110.4075,14,112
3776fda8-fda8-36e4-9d9c-c8ea39bae7f8,-7.7625,110.4125,4,4
377d013a-d448-40bc-8b6b-fe8e36739f1f,-7.7675,110.4125,6,10
37999630-9630-bbe6-8f4f-d4b94c46baf6,-7.7625,110.3975,20,41
37b72be9-b576-4774-935a-77eed4390712,-7.7675,110.3525,2,433
38232de7-2de7-11ef-e6c3-b868c03da542,-7.7525,110.3725,48,76
3827b5d6-5503-42af-913f-8a0c984d61d6,-7.7675,110.3925,19,47
382a5b32-5b32-0955-93a4-a0a8c231864f,-7.7675,110.3625,2,27
383f631e-631e-8a4d-909e-c3ba4644b1ec,-7.7575,110.3825,28,132
385674b7-74b7-961f-849b-d7226c4c536e,-7.7525,110.3675,1,1
386239e6-39e6-c76f-23b1-24870528a4c2,-7.7675,110.4075,98,697
386afc3d-bb44-4054-a73c-0e9a4f5cfe31,-7.7525,110.3625,1,126
38743b0e-3b0e-4088-0511-a3403eff61af,-7.7475,110.3775,114,587
388c5410-5410-2092-c1a2-efa3da3af286,-7.7675,110.3675,24,123
38ace257-e257-655b-768b-e426a3179919,-7.7425,110.3875,149,582
38b4b547-37d3-4c5a-bb5e-4c3668039528,-7.7525,110.3725,18,60
38ca7441-7441-6a2d-259a-c84efd2dcc7a,-7.7425,110.4175,8,25
38dec8e1-c8e1-3f90-cde5-134f43451e82,-7.7625,110.3575,1,54
3909bf01-bf01-1e48-7859-2b1d73c263c2,-7.7675,110.3825,22,38
390e27eb-a7a9-4362-9cac-8397fae7d20a,-7.7525,110.3825,1,4
390fd24e-d24e-e7e4-9266-4d6952f5bbc1,-7.7625,110.4125,2,2
391b16ff-2ac7-4ce4-9f38-84491c43b2b7,-7.7575,110.3675,1,4
3934f4be-f4be-c2c8-40a7-c25edcf8acdd,-7.7525,110.4275,8,54
397773c3-73c3-522c-39b0-13e2d381957a,-7.7625,110.4225,1,1
39b4d3bb-81cb-49d1-11e3-b189863c2e4d,-7.7675,110.4125,203,1198
39d4131a-131a-cad2-9ea3-15011727fe79,-7.7625,110.4175,114,794
39e15351-f463-4a90-9892-3c17ee7fced3,-7.7625,110.4225,21,96
3a0a6008-d82d-437d-882b-ec218b96f9ad,-7.7525,110.3625,21,21
3a184d63-30c5-435b-9ede-03a73b87b6f6,-7.7575,110.3925,1,1
3a44deaa-c121-4010-a045-3760a5e42084,-7.7625,110.3975,19,51
3a4e246c-2bdd-4ea0-a3ed-9d123e3056e1,-7.7575,110.4075,66,66
3a652a22-2a22-382d-7bdb-009afcd6d081,-7.7575,110.3825,2,7
3a7a5e1f-5e1f-4730-0e61-f9367dd9b19b,-7.7625,110.3925,3,27
3a9f442b-442b-1b23-604b-5862a2e97b0f,-7.7475,110.3925,10,28
3aa8ce0a-f698-43c0-ae1f-29b3e1d3a33e,-7.7575,110.3825,8,44
3ab984de-84de-cea5-874c-f54058a4d9de,-7.7475,110.3725,3,18
3acf4aa4-4aa4-59d3-c33a-824814194ab7,-7.7625,110.4025,62,93
3ad5b135-4801-4977-953f-273e0ede0b3f,-7.7425,110.3475,14,14
3aeea575-63f9-4e72-a45d-3cc8e7536700,-7.7525,110.3625,4,22
3b3d949c-569c-4df4-a21a-068e80b9084d,-7.7575,110.4075,228,956
3b4ac8d8-b342-4953-a8b7-b4aa8e3def7c,-7.7475,110.4125,5,237
3b529831-9831-4fa5-68e1-7f0a190b4cd8,-7.7425,110.3625,1,38
3b568d1e-de82-409f-9bfc-31f7a3ee3799,-7.7575,110.4025,2,71
3b57dedf-744e-418c-8c14-fcecabaa6e6a,-7.7675,110.4025,183,898
3b6af949-4129-422f-a619-94635456bb32,-7.7475,110.3975,16,44
3b6da95e-d7b3-4e29-88a6-94385a6c154d,-7.7525,110.3625,8,49
3b9550cc-c1a8-4175-864c-f9e93ccaa09b,-7.7525,110.3625,2,12
3c07c931-752d-45d3-b0ce-0595a8201500,-7.7625,110.3925,12,56
3c12ee6d-9cad-4243-a033-238873373098,-7.7675,110.4125,1,8
3c140e1d-fdf3-44bb-8974-10abf99e45e5,-7.7525,110.3675,36,295
3c3190fc-e26a-441f-ae8f-d949b1cb24dc,-7.7575,110.3775,65,214
3c62e9f4-29e5-4a78-a3f9-9e175ab401bf,-7.7425,110.3575,195,923
3c8f9610-3c3a-4bcb-9a28-9b4259db6b04,-7.7525,110.4225,46,132
3c984ea4-4ea4-8293-01e5-d4c6b8afcacd,-7.7625,110.4175,198,637
3c9aeec1-c734-4502-97bf-9945959b63ff,-7.7575,110.4175,297,1077
3cc8e7bd-4be0-472f-a59c-8287d936a589,-7.7575,110.3925,150,370
3cdb0140-0140-f08a-0a4a-12d40c89a7ae,-7.7625,110.4175,2,17
3ceafa2c-f3dc-40dc-a53e-7086de7aa389,-7.7475,110.3875,21,65
3d0154d6-6bc7-4244-8956-3908204d3d43,-7.7475,110.4225,1,4
3d1b4476-67bc-4ef4-964b-6c8f348e30b4,-7.7575,110.3625,1,6
3d1b8ee7-d1c6-46ff-85b6-9c7f5642b12d,-7.7625,110.3625,2,32
3d233840-6748-4392-a7b1-81ad73829beb,-7.7475,110.3825,246,988
3d346dbb-6a02-4351-8ce4-fe006d307253,-7.7575,110.3825,12,48
3d76cad7-cad7-9d9a-b12d-c39355e6da20,-7.7475,110.3675,8,32
3d8b0dd4-0dd4-660c-8b87-c2b2d7cc8f4b,-7.7675,110.3675,14,32
3d8b0ddd-7e70-40c4-96f5-8d90c15e757d,-7.7675,110.4025,8,76
3d8ef4f1-f4f1-f9ea-a9f1-f1be79116f27,-7.7575,110.3875,2,30
3da454c0-54c0-509d-585b-d55ce3975489,-7.7425,110.3875,1,166
3daa6713-3060-44a9-903f-3014209e9591,-7.7625,110.4175,46,262
3dabe588-5603-48ab-942f-3209a9910a61,-7.7525,110.3825,6,12
3db2ba65-a78a-45c5-a9b6-57240135e41a,-7.7575,110.3975,5,61
3e3676c0-76c0-d24f-62bb-0646f9bedcff,-7.7575,110.3975,15,26
3e5479b3-1359-4b16-a9b6-23b03c825e71,-7.7475,110.3675,5,7
3e6b2674-2674-5099-28be-bab3e8c67521,-7.7625,110.3625,3,20
3e7f2e99-2e99-09d0-7a71-b413615b148a,-7.7675,110.3625,1,3
3eae5820-4ae7-4451-bc1f-8540eb4414dd,-7.7575,110.3725,7,33
3eaf05e6-d118-4253-beaa-a574755d959d,-7.7675,110.4125,4,21
3ec3cef6-cef6-30f1-e9a5-e17a948eea5d,-7.7475,110.3625,2,3
3ed67040-7040-c4d1-1035-6c93cd578b54,-7.7625,110.3525,121,332
3ef44537-9683-4ec5-a386-b9b7be9391b9,-7.7425,110.3625,2,2
3f112732-b86f-4147-bb3a-b7c65692bfb9,-7.7575,110.3975,2,41
3f1ecb97-cb97-22dd-f746-ba3db6888e00,-7.7575,110.3725,2,22
3f275591-beae-4253-ba35-5fb4770fdc3d,-7.7475,110.3775,4,50
3f438e5a-67ba-46b7-9947-8c0d27b434c2,-7.7475,110.3875,1,13
3f4a6889-4c2a-4b36-a25f-8d420e5eb15c,-7.7475,110.4275,4,45
3f76a989-a989-e211-f252-cc23052d703f,-7.7525,110.4075,1,2
3f7b1c3f-bdd2-4306-8b00-c4d8b7b861f2,-7.7575,110.3975,4,31
3f8c433a-103b-4eae-1aaa-99ba065d346f,-7.7675,110.4025,20,108
3f8eb69e-7bb3-4b25-97e9-7cf5a989d21c,-7.7425,110.3575,94,241
3fb00f74-49db-4ca3-82ef-a35ccc321b33,-7.7525,110.3725,3,3
3fcb6c05-219f-4efb-9ab8-7b284053f579,-7.7625,110.4175,2,16
3fcbe0b4-8a6f-47d9-8e33-ad1d8d80016f,-7.7625,110.4225,16051,72080
3fce0268-5c41-452a-ad8c-d56206ecdd04,-7.7475,110.4175,239,956
3fd896c9-e442-4a8f-86da-3ec23131e178,-7.7525,110.4275,6,30
3fe54c94-fa88-49b7-a91e-2c4fed0feb20,-7.7525,110.4225,102,545
400ee69f-e69f-2e5c-aac0-a9f7da922cc3,-7.7625,110.3925,4,39
4015fa90-fa90-61ca-53b0-5c35d54117f3,-7.7675,110.4025,3,135
403653b4-b67f-4503-8fca-97d08c61ff64,-7.7475,110.3875,42,176
40411fd6-d52a-4906-b153-85660ddd1887,-7.7675,110.4175,3,8
4065fef3-fef3-e44c-fe3f-250aa1e0062a,-7.7575,110.3975,76,432
409ee362-7064-40e8-2842-e24227673278,-7.7425,110.3675,51,394
40a6020c-a188-49ef-af01-892ac2bcf0f2,-7.7475,110.3625,8,84
40cbe768-97bc-4c93-8cb7-eafb978f2ce4,-7.7425,110.3725,150,160
40d6f37b-f37b-098a-7a56-48fb120af40f,-7.7525,110.4275,1,8
40e34511-4511-61ad-115f-826d65052ada,-7.7525,110.3625,5,228
40fb1326-3086-4bbb-951d-0338e111acea,-7.7625,110.3475,58,350
41090fb6-4076-473d-a4fc-211abd07e645,-7.7625,110.4325,5,48
414a6252-6252-5fa6-aab7-86b1669217f9,-7.7525,110.3625,1,7
41604acf-4acf-cf84-5d50-d1c1094fa7fb,-7.7575,110.3825,1,17
4168ceae-a759-4beb-81a9-7cbbff94bd6d,-7.7425,110.3925,50,181
4170dedc-b4c3-49cc-aecd-b81e5d962adb,-7.7575,110.3975,10,20
4189e502-502f-410c-8569-0e11c523c9bf,-7.7475,110.3975,3,30
41a6eefa-eefa-114d-a728-3f496d17b4e1,-7.7475,110.3675,1,8
41c70c06-0c06-4ae4-a35b-efab448e7330,-7.7625,110.4125,13,76
41ceff84-29ba-4c8e-9d39-53d86cddbd3d,-7.7675,110.3925,38,55
41d6d709-adc1-40c1-8007-192b90808e5e,-7.7625,110.3475,2,56
41e1ac40-1c1a-46f1-b764-aee069511a65,-7.7575,110.3675,61,139
420962b3-6813-4353-9ca2-1738f542fa85,-7.7425,110.3675,1,18
4213fc32-db1f-4322-be8e-e4230784254d,-7.7475,110.3625,95,95
4231cb1f-cb1f-6415-2580-e4547839883a,-7.7475,110.3625,7,42
4233a306-be9c-4b20-b71e-370193e751fe,-7.7575,110.3925,37,117
4245644a-644a-3161-147a-c4facf3f478d,-7.7675,110.3925,6,11
42531c48-c26f-4858-28de-26891ef07057,-7.7525,110.4325,8,32
42770276-b3dd-43d3-2c5f-309630dee0e7,-7.7575,110.3625,19,19
427cc02e-94e2-48c3-a661-606281a7baaa,-7.7575,110.3775,12,21
427e8f39-b967-404a-b009-debe0dd3960f,-7.7525,110.4275,99,351
429434f6-4bbb-4c98-a9dd-efb0c7051b60,-7.7425,110.3475,1,29
42a383f7-a287-4b78-bb96-4d10d8b919de,-7.7475,110.3575,1,2
42a84706-73f7-4c78-b714-b24410348075,-7.7475,110.3975,111,640
42bafb11-20a2-49d7-8ac3-67b1530b5473,-7.7525,110.3825,1,14
42d22051-fccf-49f2-b0e7-601a52fa217d,-7.7625,110.3975,18,18
42ef9d75-49b9-4868-b410-fbd757324e20,-7.7575,110.3825,1,5
42f2485b-193e-49fa-8687-5659f23a366b,-7.7475,110.3575,5,46
430856a6-4a04-4736-a412-5a01a8cf0b64,-7.7575,110.3725,179,787
4314ce80-4c2c-498f-9486-9dbbb91a8f30,-7.7625,110.3975,35,1443
431f1657-b701-42a3-a685-46e97fa3bf0b,-7.7475,110.3875,61,266
432a0144-0144-0ab3-636e-828bc6b25639,-7.7425,110.3925,2,13
43312603-2603-abc9-02ac-077c71806d55,-7.7625,110.3925,3,25
433a5cf0-5a09-467c-b2d9-fec87cef8b87,-7.7625,110.3975,3,7
433ae5be-5555-447f-802a-27c9fb987f2b,-7.7425,110.3475,1,58
434bec33-f78a-47fc-b138-fa7a338edcfa,-7.7625,110.4025,29,84
43776f4a-f7af-40d3-8f1c-8228cc061313,-7.7425,110.3675,1,6
4377dbec-62a3-4a29-8b00-1cb37f93ee18,-7.7575,110.3625,6,29
438dac06-ac06-a8e2-6801-d139b8794118,-7.7525,110.4225,223,1349
439107c9-397a-494e-b80e-40d22ad9da0f,-7.7475,110.3675,2,24
43af1939-f6c9-4d6f-b401-5d65b92f79cd,-7.7475,110.3725,3,29
43bd84c6-b976-4501-a7e9-972094989719,-7.7475,110.3925,22,137
43c20843-57ae-40be-be3a-a9e86a3b10c5,-7.7575,110.4275,3,275
43c9b186-edbd-4b6d-9a8c-a015712b5280,-7.7675,110.3675,217,349
43c9ec8e-0036-498a-896d-bb6867947f77,-7.7475,110.4075,3,21
43cf9498-306a-40c3-a119-cbb1d4f56d5d,-7.7475,110.3625,1,3
43e8b823-b823-38ed-0916-2df8c4ee80fe,-7.7475,110.3625,2,3
43f02084-2084-9ed5-98ab-97eb2cace8ef,-7.7575,110.4025,16,154
43f882c6-82c6-dd55-c915-05f15a6eaf70,-7.7525,110.4025,1,7
43fda3cc-01c9-477d-a957-729053e02719,-7.7675,110.4225,1943,5169
440efb4a-fb4a-7b6e-44a1-743a7ad8f710,-7.7525,110.3625,2,9
441199e4-adf5-41ee-b6b3-c0e75199a419,-7.7625,110.4025,3,9
441a9428-e30b-4c04-be97-69d8cff346e7,-7.7425,110.4075,116,226
442e5a62-a6bb-4e8c-8d6f-d74670c5e1bf,-7.7625,110.3775,38,44
443ae75e-e75e-223f-6062-8920e98bdc63,-7.7425,110.3575,101,362
443deb66-f37e-4f89-8b9b-885e7cb1f2ef,-7.7625,110.3725,11,110
4453ae10-7793-4bb7-b96f-78cf750e1f00,-7.7525,110.3725,10,15
44653eca-adc3-4d1f-aba2-f42274d2614f,-7.7525,110.4075,275,1512
446c35c5-4c9c-4139-a09a-afda537faaad,-7.7675,110.4175,10,52
4473f0b8-a21b-4033-bf1c-c00ddd2214ad,-7.7675,110.4325,38,92
447c7279-764e-48a3-9bef-64a93c3c3e10,-7.7675,110.4325,1,47
4486ea6a-ea6a-8784-de10-f2c233fdb948,-7.7625,110.4125,1,3
44a280c7-2111-440b-a316-1b68d5dc4227,-7.7625,110.4025,16,92
44c413f2-13f2-3c42-b3f1-7b7adf9efe54,-7.7575,110.4275,21,52
44d7b0ec-b0ec-36ec-7ae2-7a4033b86bad,-7.7675,110.3675,3,122
44e2c881-570e-4d8c-119e-dbfdd4cebece,-7.7625,110.4125,2,57
45026f9a-a726-4699-85ed-91062dfe66d9,-7.7575,110.4025,4,78
450a3ded-47a6-48f0-8ad4-0d3df886334a,-7.7575,110.3825,1,12
45101b4b-afc5-42a6-bf69-02afe0cce183,-7.7475,110.3675,2,26
452b1fb8-1fb8-8bff-40d2-271f4903a6c2,-7.7525,110.3925,20,278
4541c1ab-c1ab-4bce-607c-0b01f7707363,-7.7625,110.3975,10,54
4541e4f5-569e-45b2-2a92-03fefd81ce8f,-7.7575,110.3675,5,15
455beb17-364d-4098-bf8a-96818e31733a,-7.7525,110.4025,97,309
4593d7e7-d7e7-805d-ff42-e99835b9f144,-7.7425,110.3825,18,78
459a4257-4257-2055-cec2-ced706ea29c9,-7.7575,110.3975,4,6
45aa0c8c-595e-4bb6-9e32-52d615948f47,-7.7425,110.3925,64,173
45bf3fb9-3fb9-a6be-f3c6-e8617bafbc7b,-7.7525,110.3625,2,6
45f03d51-3d51-d9f5-e571-9f949569770a,-7.7625,110.4275,1,1
461940b3-40b3-fc1f-b5ce-a272dcd71d0f,-7.7525,110.3825,6,20
464da6ee-89b3-4ab2-92fc-1806caef272b,-7.7625,110.4125,346,1446
4654d996-d996-0143-3e2b-31e5c6671cc7,-7.7475,110.3775,8,122
46a17421-7421-dd26-704e-6b019d33475b,-7.7675,110.3675,2,11
46a776ba-76ba-8e9b-b3ef-a25a6148ff8d,-7.7525,110.4025,19,237
46b5a961-a961-e012-1f97-2639b83d2f4f,-7.7625,110.3975,2,39
46baedea-30ac-4519-9694-b5d158947d0d,-7.7625,110.3975,75,279
46cca593-36c2-4693-8cf9-722b8d6f52f4,-7.7525,110.4275,263,1168
46d55eab-bc83-4f59-81db-bd99b54a65d9,-7.7675,110.4125,20,39
471bc8e0-c8e0-a0e4-22fc-d558feaeeb08,-7.7525,110.4125,42,601
47327f18-2ad4-482a-8718-2dbfdb715a7a,-7.7575,110.3875,25,108
4745e29e-e29e-4912-c409-a598cbc799f8,-7.7425,110.3775,2,6
475b9c15-4172-4180-9930-bd8db207d403,-7.7525,110.3625,10,37
477fb647-56f4-4006-8df8-4885480220ee,-7.7525,110.3725,1,1
4796a554-a554-34fa-3e3b-dfd1fd2ce2ec,-7.7625,110.3625,9,14
47bdd5e3-7846-46aa-beb1-42a153939750,-7.7525,110.3725,1,46
47cbf871-3e88-43b4-b50c-018b1f3a8024,-7.7675,110.4175,180,834
47f1c737-5d97-43d5-af54-e2eb2aaab2ba,-7.7575,110.3625,7,56
47f9af9e-1562-4d9e-92f5-39f933c666bd,-7.7525,110.3725,16,145
480be924-d735-4dbd-b66c-8dc48abdca32,-7.7425,110.3725,184,2003
4856a417-a417-0be5-40c2-317088c80d37,-7.7475,110.3975,74,337
48741cdd-daee-4760-90ad-b71a9713eae5,-7.7425,110.3975,11,11
48767895-7895-7a0c-f6ad-7ccd50bc40d5,-7.7575,110.3475,2,13
48a36089-6089-e17b-0891-4bd1619a8994,-7.7525,110.4075,14,102
48a914d5-b53d-411f-8ba7-135f047910b1,-7.7575,110.3925,1,3
48ab3e4a-3e4a-e750-ae55-b5812ff6c201,-7.7625,110.3575,11,84
48b6a6ea-c83f-4f78-a2ef-b309561dfe2b,-7.7575,110.3925,24,84
48b96f43-6f43-38fd-8ba3-fe400a15b763,-7.7625,110.3775,47,318
48bcb863-b863-0ab0-ec82-8a80f53e851a,-7.7625,110.4025,14,137
48c4f0ae-f0ae-819a-67de-fba45b3f78c4,-7.7625,110.4275,1,41
48cfe82d-e82d-76c1-28d1-feed110028f0,-7.7425,110.3875,113,993
48d63f5e-3f5e-ce11-b32e-db6be0d1bd31,-7.7625,110.4175,45,276
48ec9260-bf87-4ea8-8f42-af8bfd93cc99,-7.7425,110.3525,7,424
490609f9-42b9-43cd-8323-96f9bf49cb95,-7.7425,110.3725,1,6
49300f82-8c39-4be9-9c98-3a90a86dbb43,-7.7475,110.3825,294,1307
4930781e-229f-4fde-b90f-c347b232491f,-7.7525,110.3425,88,126
49354a81-4a81-c70b-a62b-787b02becba1,-7.7575,110.3925,5,30
493d4c7c-4c7c-65c0-5e33-a63930b3f0dc,-7.7475,110.3675,125,346
4947e3f6-e3f6-55c6-94c4-fe6376fc956c,-7.7625,110.3675,7,21
49806cfa-6cfa-9abd-fd4f-2dcb0cc87e44,-7.7525,110.4025,81,380
499e6bbf-136d-49a4-b7d6-7184e35fd8ce,-7.7525,110.3625,6,1059
49a506c3-124d-4131-818d-281bdda28ec8,-7.7625,110.3625,2,47
49bd20ca-f1b4-4c0e-bb77-10e30e4de30a,-7.7625,110.3875,1,6
49c591eb-91eb-acae-b6aa-26a85b122639,-7.7475,110.3625,1,37
49c72580-a7df-4f25-b6ae-ba8fdce51e2c,-7.7575,110.4125,8,84
49d47f43-3125-497a-a802-102ddac0e999,-7.7675,110.4325,1,271
49e0c2b9-c2b9-6b43-4f3b-fb998ec08170,-7.7625,110.3875,1,12
49f091f0-1ee0-4598-a758-ba094f1ba5cf,-7.7625,110.3775,242,1256
49f9cf4d-9029-4287-a5bf-79204fc3205e,-7.7525,110.4075,2,6
4a0c66b4-908f-43db-ae79-1d9b6c274631,-7.7625,110.3625,2,26
4a0c6ade-945d-4730-902e-62f8af2d67ac,-7.7475,110.4275,69,1089
4a1162ce-a2af-4331-b3a3-702791901df7,-7.7625,110.3625,2,30
4a151de7-6ff6-4e4b-b016-e93b393bef0d,-7.7575,110.3875,2,6
4a1c7754-7754-a70f-00b7-aa30eb66424d,-7.7475,110.3725,177,647
4a34f82b-1203-476e-9c1b-1f371f437d98,-7.7575,110.4025,1,6
4a3773a7-ba51-4137-9abc-f72520a21775,-7.7475,110.3975,18,20
4a4fbe44-1c4d-440a-b7b9-ca1c511175be,-7.7475,110.3725,5,104
4a9b059a-e851-420a-a60c-a6e7030d4a47,-7.7525,110.4075,28,111
4aabaf28-eaec-4aa0-b736-46dbd29869c4,-7.7625,110.3925,1,17
4ad0cef5-cef5-002a-5155-0f4c83fe48b7,-7.7625,110.3775,3,59
4adc811e-811e-8945-31ff-dc4ded61492f,-7.7575,110.3825,3,3
4ae1282f-282f-617e-3c9b-1c7aa649b267,-7.7525,110.3625,114,461
4b0fe8f7-c306-422c-acec-d10273e9bf2f,-7.7525,110.3725,1,4
4b1049ae-dffe-482b-a75d-7434134101e9,-7.7575,110.3825,63,216
4b36f6dc-f6dc-3f99-20cf-54c6494f6a1a,-7.7625,110.3925,81,427
4b3ee038-4f7d-49e8-b826-c6b29c6af94d,-7.7625,110.3975,17,41
4b462ab1-aa0c-45c8-9c88-a086e8e16898,-7.7475,110.3625,3,9
4b508d31-2e53-4151-864b-20553662ca38,-7.7475,110.3825,1,12
4b77d04e-d04e-b6b3-7e16-d71e6d9349be,-7.7625,110.3825,2479,5200
4b862b5c-2b5c-195e-d612-2e9c213974a8,-7.7625,110.4275,167,720
4b911709-1709-ac1b-52b1-51bc036a39c9,-7.7525,110.3975,121,669
4b92609e-80ac-45b8-bf49-6a6f4bc2e5a5,-7.7475,110.3525,6,85
4bb897dd-97dd-3049-08fb-386c09604f5f,-7.7575,110.4175,195,702
4bc72d77-2d77-1ad3-85a6-0a829ef72217,-7.7525,110.4075,6,31
4be79d5a-b6d8-4eaf-af3d-3710d97d90d6,-7.7625,110.4075,26,84
4be7e847-fecc-4fae-b419-b7dfc5d3fa24,-7.7425,110.4175,1,7
4be9eec4-eec4-0b7b-dcb6-2356f7c3a9a3,-7.7675,110.3625,225,1526
4bec5489-5489-14ee-0375-c71d4d103341,-7.7525,110.3725,1,5
4bee3c15-477a-42fc-b4db-6d8848ae8581,-7.7525,110.3625,11,11
4c1b6561-ef2d-44ec-95b7-2e771af1be05,-7.7425,110.3875,1,8
4c1b6623-dd00-423d-88e1-e4b29a1fe111,-7.7475,110.3725,19,175
4c304f03-9ce6-41a5-91ab-5f31057b34eb,-7.7475,110.4125,15,143
4c416ca0-d4f7-4031-b3b5-a48f52b5010c,-7.7425,110.3875,1,14
4c52f4c3-f4c3-764c-0592-7d42f5a4adb1,-7.7475,110.3775,18,85
4c53005e-757f-4a1e-a62c-82e0572a329e,-7.7525,110.3725,2,14
4c5c3481-0d62-4e68-947b-62f84a55b65c,-7.7575,110.3875,171,700
4c8bb45e-b45e-26c0-415f-3be67a7af8e4,-7.7425,110.3575,126,509
4c9913d1-cfd4-4251-b370-b7953461dc5e,-7.7675,110.4075,1,27
4cb7e85d-c9f4-4080-b6a0-4c63c79d1f2d,-7.7675,110.3975,4,431
4cd7a9e1-a9e1-883f-f581-4e171e8f4e45,-7.7625,110.3825,73,285
4cde5258-5258-2b29-b630-c1a7aa80a7c8,-7.7625,110.3775,10,645
4cf876d3-bc8f-4e1e-bb57-43f31788cf0c,-7.7475,110.3625,68,172
4d002b5d-2b5d-9805-c3a1-5b004dd4fb2d,-7.7425,110.4075,7,33
4d045657-9dbd-4f36-a404-de69e7ef33af,-7.7625,110.3975,55,121
4d0671e7-71e7-834b-05d3-4eac8a9884bd,-7.7625,110.3675,1,80
4d313649-f209-47b0-24a0-44fed9106f85,-7.7575,110.3775,1,266
4d347888-c417-4986-b558-b086b8daad6a,-7.7575,110.4125,309,848
4d43865b-7f1e-4634-8c93-13b8fe0fbf5e,-7.7575,110.3875,11,74
4d4a2ebe-4210-420c-90f3-2d9e6db8202c,-7.7625,110.4025,19,43
4d520e56-0e56-58b5-7c40-930b9d1914d1,-7.7625,110.4075,17,17
4d6ea785-a785-843f-eeb5-a1798c98e0ad,-7.7475,110.3775,41,201
4d7733de-9460-4ea9-b61c-601bc330b285,-7.7625,110.3725,6,107
4d7af5bb-9a61-46b4-b1cd-c544bb17b9a1,-7.7475,110.3975,18,79
4d92e3cf-e3cf-421d-3265-3da802fbd7e2,-7.7525,110.4075,12,104
4da6e78b-e78b-242c-1318-334dad3f2833,-7.7575,110.4275,24,264
4db1d167-d167-161a-af90-4ee6f8b836a7,-7.7425,110.3425,3,32
4de03f55-3f55-20cb-b250-3ba59b7b16a6,-7.7425,110.3625,13,29
4de145a7-344d-4fbd-9d7a-ecb1e663a815,-7.7475,110.4125,20,197
4de829e6-8036-4e27-aaa2-8fcc4d433b65,-7.7525,110.4075,73,961
4e0b397f-397f-b673-7e4f-3093d4cc337d,-7.7675,110.3475,11,73
4e0e5a15-5a15-76a6-43ad-1e093197d89d,-7.7525,110.4075,30,102
4e1d0cc6-0cc6-3c1a-4583-1b7819d6fd9d,-7.7525,110.4175,20,149
4e1d27c1-4055-4656-9e76-dfb034da61e5,-7.7675,110.3525,1,71
4e1fe7ae-6592-4e2e-ac65-c8ddc7b43cb9,-7.7675,110.3875,5,10
4e2aece5-7b65-47b5-8f92-fbcda5bf7093,-7.7675,110.3925,2,17
4e3025f8-be6f-4de8-8d44-e4ae1c8586b2,-7.7625,110.3675,2,5
4e555c6f-5c6f-5305-63e8-2652e8cab739,-7.7675,110.3675,2,77
4e5a4bbf-4bbf-9049-37d3-80bb3cfa9d0f,-7.7425,110.3725,1,4
4e7849a1-49a1-3849-999b-61897251946e,-7.7625,110.4025,68,185
4e9a5ac8-638d-4292-8199-353147e160c4,-7.7675,110.3925,1,6
4e9db5ad-fbed-41e6-8a40-8d0100cb197b,-7.7575,110.4125,2,64
4ea1f4d7-503e-4696-bac8-0fc8b28b2679,-7.7625,110.3675,99,315
4eb019d0-f1e0-49b9-b151-847ab25cd6c9,-7.7575,110.3925,2,10
4ebd7b1b-00db-4f68-963f-6a8d7bb7e737,-7.7625,110.3925,1,12
4ec33b7a-7eaf-4d8c-ac0e-b3e9bd8f71af,-7.7675,110.4275,1,17
4ec6875e-875e-7b97-ad57-74e01da584fa,-7.7575,110.3825,6,16
4ecd993e-c598-4612-9ca9-a48979a97f09,-7.7425,110.3925,39,52
4edf2f99-2f99-4254-d7bc-48b10493a584,-7.7575,110.4025,17,198
4f0e88d1-88d1-6200-2a29-278f47b1f40e,-7.7425,110.3925,1,12
4f16d525-d525-2645-d38d-f2ea74a5a7bd,-7.7625,110.3925,1,44
4f1ea034-a9b7-49d1-ae3d-a8136a8135e2,-7.7525,110.4025,400,4976
4f255a7e-5a7e-a2ea-2430-7df5399851b5,-7.7675,110.3625,1,75
4f5d7139-24dd-48a0-2723-868900cbcb79,-7.7675,110.3875,4,10
4f891664-3794-4890-b872-ed273a47cc3a,-7.7625,110.3975,13,50
4f8ae2df-e2df-467e-65d2-0807af8ee09e,-7.7525,110.3475,6,159
4fb36990-6990-9b9d-f996-f0c51a33fad6,-7.7575,110.3975,47,180
4fbf6e11-c3d9-40b6-b0e6-f6634b287674,-7.7525,110.3425,36,513
4fc580ba-da63-4df5-80e8-3afeeb7d9bff,-7.7575,110.3675,86,422
4fd0a65f-138f-43ee-b6e7-a1f037a46b8f,-7.7675,110.4325,13,26
4fd2d499-bb58-4359-bcfb-ee649991bb4c,-7.7625,110.4175,14,111
5059c125-c125-dfac-494b-50e894703f7a,-7.7475,110.3625,13,15
50810f22-0f22-3ea9-c15c-0b35f9cace17,-7.7575,110.3425,38,108
50ae9135-9135-3788-f717-32972200f5c8,-7.7625,110.3925,2,2
50cdd665-5271-4390-b02b-e025ff19d008,-7.7575,110.3825,8,8
50fac0cb-c0cb-2599-4059-4d327191c752,-7.7625,110.3875,69,195
510b815c-eb89-4308-a1ce-2c8bb25c4d62,-7.7625,110.3875,65,254
510c56a0-56a0-7072-5bda-67de805f5fae,-7.7625,110.4125,2,273
51136bf0-530e-4221-857e-ec78b0c1562f,-7.7575,110.4175,26,83
515c07ad-07ad-5d21-a049-8e3b328505f0,-7.7625,110.3975,11,32
51649595-9595-4c34-af6d-f17d28f379f5,-7.7525,110.4275,12,95
517281c6-32c2-454c-a988-fac8dd0ec606,-7.7625,110.3975,13,25
5182807d-807d-5d32-192d-e1b5718716e2,-7.7575,110.3875,73,287
51ad3b01-986e-43eb-8717-4435b73bc6b2,-7.7475,110.3675,4,27
51c52974-2974-aa85-614b-befd7aee2a2f,-7.7525,110.3725,191,1048
51c60f37-2e90-496e-83e0-6b1a9d7a9f30,-7.7575,110.4025,2,3
51f015c6-5d28-410d-9dab-b52ea76b323c,-7.7575,110.3875,14,32
51f7f5d2-1976-4fbc-84ee-b9da04b899b2,-7.7525,110.3725,3,12
52355128-d842-48d2-bf0b-c447e6d00b28,-7.7575,110.3625,6,15
52528c48-e85d-4646-8272-ac9b3c52d939,-7.7625,110.4025,70,260
52589f34-fe08-4ea2-89e8-ef40a81c2f16,-7.7425,110.3825,293,1182
5281985c-71cd-461e-b83a-d6dcd2348b31,-7.7525,110.3975,4,7
5282c99a-c99a-fda8-af2c-1c082ae9ca54,-7.7525,110.4275,63,322
52951eac-fe8b-4b2c-be81-00e3b9521b5a,-7.7625,110.3425,2,70
52ba66f5-66f5-94b4-1db1-4722b48be6ba,-7.7525,110.3725,6,44
52c9df1e-fbb2-4910-9d0d-d4c84d7b26ed,-7.7475,110.3775,21,319
52df4aba-fadd-4e2b-9a1f-fdeb670a42d6,-7.7575,110.3975,1,6
52f51020-72b4-4259-8544-54af2d9a9f11,-7.7475,110.3525,4,14
530ec01f-76d0-4f74-910d-bce5407afa11,-7.7625,110.3625,7,9
531425e2-9cdb-4675-9fca-7a2811246e7a,-7.7575,110.4025,15,68
5322be65-6606-4423-a694-6fbd77d949f9,-7.7575,110.3875,1,14
534ea01f-a01f-f97a-78c2-d40ce544c361,-7.7625,110.3975,54,274
53589a57-9a57-b137-f47e-5f05690b572e,-7.7575,110.3725,27,171
537f0244-9995-4494-81cc-ea7568259160,-7.7525,110.4275,6,87
53a9d0cc-d0cc-01ae-5081-932e93b2d2cc,-7.7475,110.3725,2,337
53b7f348-f348-c84c-be48-42d245c37e16,-7.7675,110.4125,4,14
53e34c62-e79a-43cc-8b5c-778e215dd360,-7.7625,110.3975,22,105
53fdf536-f536-7d86-e8d5-e79f80ac5351,-7.7475,110.3825,1,21
54092e83-8ac0-4bab-b9d9-761359ee5f3c,-7.7625,110.4175,7,8
54152d16-8413-4daf-95ae-f84f1a0a3a7f,-7.7575,110.3975,6,6
545eb86f-9fa0-48f2-840a-3340134f75fa,-7.7475,110.3425,78,322
5461ecf6-ecf6-b3fe-db06-439700653dc6,-7.7425,110.3925,47,240
5470ba5d-16fb-4624-947f-8aced24a6f41,-7.7625,110.3925,3,13
54c00915-0915-64a9-4605-9200afff11c9,-7.7475,110.3725,6,273
54d282fa-5b33-4008-93e1-99dba2f92d6d,-7.7575,110.4275,19,212
54d97867-0c2c-4d3a-8c21-356ad39356d7,-7.7525,110.3825,1,1
54eb9854-c2e8-40f9-a429-2ce734798ee1,-7.7425,110.3625,11,187
54efdd93-4289-4962-8e82-66c864aa55e5,-7.7575,110.3975,2,6
54f805db-05db-2f94-0b22-297e4e2be07e,-7.7425,110.3725,2,140
55036c67-6c67-813a-984c-f898a322af1e,-7.7525,110.3625,95,314
550d545d-2dd7-4656-8773-86384ba0f07b,-7.7675,110.3625,241,1611
5535cf3f-8810-43cb-a351-5d8b0f82e4f8,-7.7575,110.4025,14,64
553bf7ff-292b-4da8-9805-93510bfbe806,-7.7625,110.3625,1,29
554b3c7a-3c7a-aa52-47bd-06bcda149316,-7.7475,110.3775,33,170
5550255b-108d-448e-8bcf-417714c1e5d2,-7.7625,110.4075,4,51
55b0a40f-480a-4464-84eb-37f578c7de83,-7.7575,110.3625,36,212
55bcc01f-c01f-4655-aca7-a373c67ee778,-7.7575,110.3625,15,17
55bcd62b-d23c-4947-80b4-ce97834d96f7,-7.7475,110.3725,581,1178
55bfd231-8f98-42ca-a5b1-53ae777ccc99,-7.7675,110.3425,4,55
55c3c8d2-c8d2-b642-9cb7-8f1cd15b1a60,-7.7575,110.3825,78,314
55cff35d-804e-47c5-1a58-1460723ba937,-7.7625,110.3925,2,94
55ee3cb2-ef77-4901-a50f-8a7ccd600cfa,-7.7525,110.3725,2,9
55f334a1-34a1-8b49-6bc8-b55e1ea3686d,-7.7575,110.3925,1,158
55f585da-85da-31d9-f541-97ec4a2b3a49,-7.7625,110.3875,260,1141
56220317-0317-7d9f-f797-780e238668ff,-7.7625,110.3675,2,13
5637a7cb-833b-4e1d-a457-645d4d17e858,-7.7625,110.4125,6,345
565ddc4d-dc4d-a947-fe52-a6fd194de468,-7.7625,110.3925,5,21
566a8a54-47fc-4a99-8592-4ed643f6689e,-7.7525,110.3625,1,3
569da79c-864c-45f4-a757-255b75722c8e,-7.7475,110.3625,36,41
56a0bd89-15d0-44c1-a03d-00a8f719527b,-7.7625,110.3625,1,2
56c7c1dd-14d2-4f4d-952d-606b40686033,-7.7625,110.4175,52,342
56f5f24d-3bb3-4ac8-bd24-e3582c957c2c,-7.7625,110.3725,242,1367
56f89fb0-9fb0-9e95-828b-07606c871e58,-7.7625,110.3875,525,3308
57147e18-bbbb-4a36-b5e6-cc4155f14093,-7.7625,110.3625,81,178
57158402-44c1-4f71-be27-671d0a8fc368,-7.7625,110.3975,9,224
5733ed95-3102-4951-bc1a-1c2b735497df,-7.7575,110.3825,20,89
573c5ce4-76d7-4bc8-237d-e83b57edd105,-7.7575,110.3975,1,20
575588f0-88f0-d751-c125-3e5018a1dab2,-7.7675,110.3875,64,244
576d2c7d-2c7d-6cee-84a0-c76bd5603fdb,-7.7625,110.3975,357,2408
578b5ad1-5ad1-4c6f-f878-3b7258be64a4,-7.7675,110.3775,2,334
579a20ad-20ad-c2e5-b658-d3e1819be9fe,-7.7425,110.3525,47,163
579b2186-f923-4f1c-9cec-fc51ac9b9e60,-7.7625,110.3975,7,18
57a60ca8-bcb8-44af-bb1f-4adef2ace047,-7.7625,110.3475,1,28
57b3db9b-db9b-9326-7078-87b63c4e2cdf,-7.7625,110.3975,3,23
57c1b220-b220-2fa0-a26c-e49b0b91bd08,-7.7625,110.4125,2,20
57ff0cb2-6013-4ef5-a44e-bfa983d9251d,-7.7475,110.3625,1,59
5800516e-1746-4824-8e93-215296c318f3,-7.7575,110.3625,434,1879
58128fbc-f3a0-437d-8e08-938091a7b4a7,-7.7625,110.4225,11,26
581f1da4-0e78-4764-93d2-e233e8ac7012,-7.7625,110.3775,14,55
582c0598-cffe-4792-9cfd-8306ace63389,-7.7475,110.3725,26,104
58447b4b-7b4b-f75a-9489-ba120f0ae026,-7.7575,110.3875,2,25
584f8d36-8d36-df5f-82b7-fa19df591594,-7.7475,110.3575,153,720
58580d93-9cd1-4a3c-868a-9d914af01a89,-7.7575,110.4075,4,34
58610595-0595-6857-6a55-83154720fdf6,-7.7425,110.3625,5,113
5877c3de-c3de-811e-91b6-ef8f3866fde3,-7.7675,110.3675,1,72
5897cd0d-4172-41b0-8042-62aadba756d9,-7.7475,110.3675,9,40
58d1a0a1-a0a1-c6bc-3024-e3daa633f361,-7.7575,110.3625,19,65
58d20413-e1b8-494c-a7c9-ae8823a39608,-7.7575,110.3925,227,659
58d2de30-de30-7289-c19d-f655b8b95781,-7.7425,110.3875,1,3
59005a67-8dc1-4550-b2bb-9fc5f8ad035c,-7.7575,110.4275,149,871
5900bbd7-85af-4a4c-a513-afde7a121666,-7.7425,110.3925,1,68
5905cfb7-2d9e-4bf5-97e6-8ca691021d4c,-7.7575,110.3925,26,69
590e46ed-b4e1-41ba-b34a-16de6535a77d,-7.7575,110.4325,2,22
591cbb35-bb35-e571-9b0a-cab7cb4d7109,-7.7475,110.3875,6,82
5931b93a-9509-4447-a6cf-4ef7d30d49fe,-7.7525,110.3725,2,61
59489bda-9bda-0294-9602-57ab2eb92316,-7.7425,110.4175,69,243
595cf051-a886-4b83-a639-7896a935d77a,-7.7575,110.3925,1188,1260
59666ccb-6ccb-f3e5-9738-899493e56722,-7.7475,110.3975,57,143
59982727-2727-df88-c57c-86f5eeda3a91,-7.7575,110.3675,1,7
599a48c8-24ba-403f-8863-83d079246204,-7.7425,110.4025,34,263
59c1ff1b-a935-4fa9-955a-1e6c28e78e89,-7.7625,110.3775,135,1099
59d07ba5-8664-43e5-99bf-330b95fdbf86,-7.7475,110.3625,7,42
59d4e404-ee4b-4502-95d9-f690efe7f3b3,-7.7625,110.4175,205,1846
59e0f597-681a-49dd-aaac-523a807bb9e8,-7.7525,110.3625,90,224
59f6e9f6-b8ab-4846-aa4b-ae438640cd1e,-7.7625,110.3975,35,134
5a0a35a0-20c9-4722-9f32-52d8db79ed97,-7.7425,110.3925,2,33
5a122798-2798-ded5-041e-539392caa64b,-7.7575,110.3825,1,10
5a1a364d-364d-a4ed-2594-91c14dd3cd10,-7.7575,110.3775,10,65
5a27b4ef-6a95-47c5-8d82-f2f0c1c97078,-7.7625,110.3675,8,24
5a3e91c7-aae9-40e8-a892-bfaf18e6d91e,-7.7575,110.3825,247,2514
5a40f2d7-b39b-4cdc-aa35-9d8f209081e4,-7.7525,110.3825,5,5
5a64968f-968f-6313-9cc9-b07fee414cfa,-7.7525,110.4275,100,400
5aabd52b-c421-4165-1dce-c1fd5f72a514,-7.7625,110.4225,27,247
5ad2b5f1-f229-496e-b72f-5ccb59e22310,-7.7625,110.4125,4,77
5aeb9fab-9fab-1897-8c6a-2075aa054526,-7.7625,110.3625,1,7
5aee520f-520f-e669-f624-93baae6dca7d,-7.7575,110.4325,1,22
5aeff237-f237-1d79-801d-f7511cd61db4,-7.7625,110.4175,144,586
5af4bda7-a93e-4533-9889-19f81504fba3,-7.7575,110.3625,18,52
5b09d0d8-4ce0-4efe-8783-8e924fd42e99,-7.7425,110.3425,1,3
5b0fa691-b7bf-49b0-b211-6b20bfaea042,-7.7475,110.3475,86,463
5b1ba29a-a29a-8ff2-ad44-bfd37a882cf8,-7.7675,110.4325,2,84
5b3be2ed-0347-49b8-9a67-daba499cb4b4,-7.7475,110.3625,2,101
5b3e7f60-60da-495e-86e0-06831367c83e,-7.7425,110.3475,1,22
5b42a436-e64e-47b3-b7bb-3097ba3a5a90,-7.7575,110.4175,1,101
5b9691f4-dabb-4d03-910a-5d14cd03392c,-7.7475,110.3825,48,191
5bac3678-121a-46b2-9c2e-41a3b1670cc8,-7.7625,110.3625,2,16
5bac5967-2d84-4f7e-818f-b68679e0816e,-7.7575,110.4325,13,13
5bb87e14-94e1-41e7-8031-9cc9d19040c7,-7.7575,110.3875,3,15
5bcdddc4-54d6-45c6-96b4-9c7e6b8ecc67,-7.7625,110.4125,74,303
5bd0f071-c7e7-4955-ba3f-2ee3472a9246,-7.7575,110.3875,14,45
5bd74a2f-4a2f-4814-962b-f2fcec8530a1,-7.7625,110.3975,10,44
5bf6f974-f974-7e81-3531-9fb0e4508946,-7.7575,110.3825,1,6
5c397a60-15d1-4b89-bb33-4f683eb5f56c,-7.7475,110.3625,2,19
5c54cb67-cb67-dfe8-a0b7-e6363e7a3d4f,-7.7525,110.3625,5,161
5c6645b3-45b3-219b-2e8a-37a8d628244e,-7.7625,110.4075,6,590
5c7bcf38-cef2-45ad-bb4d-a9bbe0ee5c26,-7.7625,110.4125,82,251
5c7dfd84-fd84-cac9-4362-46f09ab6cee8,-7.7525,110.3675,4,55
5c8526aa-ded7-4177-ba6c-a0e85d05e4c0,-7.7625,110.3975,8,56
5c8dd076-d076-2e90-70de-922582a83324,-7.7575,110.3425,90,306
5c9a57cc-ef0c-4a33-b75b-4d5768f668cd,-7.7575,110.3925,34,183
5ca64bee-60b3-49f9-be38-92ff5a619e9d,-7.7475,110.3975,5,34
5cab99a6-99a6-829f-7df5-6f387792d0df,-7.7425,110.3475,35,227
5cb79735-9735-e8e4-ad53-cb69680bb8d5,-7.7475,110.4175,1,7
5cc1fba5-9f86-49cb-bdbe-a8d36d9ffee0,-7.7575,110.3825,23,86
5cc3817c-817c-2d31-a23b-1da959b717a5,-7.7525,110.3625,36,91
5ccd0b78-de95-4aa7-a0b3-eac9a5369e0e,-7.7625,110.3925,4,69
5ccd6691-0e5f-4fa5-b0fa-d2f20205d4d8,-7.7475,110.3625,2,11
5ce454c9-54c9-3d03-1c9a-ec15bf1c6c99,-7.7675,110.4175,2,1490
5cf7b7a8-b7a8-5993-2a84-23963abf0119,-7.7525,110.3725,33,219
5cf9ceea-54c0-46ca-9009-65f225e5ae44,-7.7425,110.3525,22,128
5cff708e-5971-4748-9058-a7be21ee7f59,-7.7575,110.4075,12,101
5d040da0-fb70-4934-8e8f-d47cf084e435,-7.7575,110.4175,67,207
5d07df2e-64ef-47ce-bb42-32e292eb7b68,-7.7625,110.3625,4,115
5d09984e-984e-15fc-69b3-edadc1a4472e,-7.7625,110.3725,5,31
5d18aa48-aa48-6e17-314d-f046669d3b64,-7.7575,110.3975,16,215
5d1f44d8-44d8-2d68-2c16-9abc508396ab,-7.7525,110.3725,3,5
5d259197-5676-4557-8653-4c481f58b142,-7.7525,110.3775,76,422
5d296ced-9e83-41cf-8172-449633cf31bf,-7.7575,110.3975,2,3
5d3a4d54-4d54-6cee-6d87-f4feb297cab3,-7.7425,110.3675,6,351
5d44c603-2247-4ed9-bb87-429db6456653,-7.7425,110.4175,19,62
5d528eba-6be4-4b00-93ed-e28237cc718a,-7.7425,110.3625,4,24
5d70f815-5bfb-44f3-ab3e-52b777b7c16a,-7.7625,110.3625,1,41
5d7c8f8c-894b-45e5-85c0-0ca284d97070,-7.7575,110.3775,261,1165
5d8c9fe3-9fe3-c14a-3d53-584b0d39fc8b,-7.7475,110.3975,11,101
5d950996-0996-ba2e-cebd-febae77ebde0,-7.7675,110.4175,36,138
5dbbe69c-9690-4331-8897-50c179c5c8fa,-7.7625,110.4125,5,114
5dbcc3eb-c3eb-3637-77f4-b9431d039b14,-7.7525,110.4025,290,801
5dc055e0-25f9-49a3-8b93-f0f96b842704,-7.7675,110.4075,5,24
5dcf5755-08d6-4f99-b14f-66a7f7a1cd5b,-7.7625,110.3975,1,17
5de85cfa-5cfa-f458-2720-315d515b450b,-7.7625,110.4025,13,32
5df40d4e-3078-4fe6-98d6-d5d7a8c09eeb,-7.7625,110.3775,11,33
5e0323ed-9b74-4edf-ba61-de46e6d3fc72,-7.7475,110.3975,317,1266
5e1e86b3-86b3-0d14-4bfc-6014d30409a7,-7.7475,110.3625,3,10
5e54dfc6-dfc6-3e71-f7e1-135bbba64b4d,-7.7625,110.4075,3,21
5e5fe01e-e01e-e3b1-6bb3-79410cddb396,-7.7625,110.3775,7,21
5e635094-5094-f69a-5a79-6e89b68e1e99,-7.7425,110.3875,9,32
5e70e3ae-e3ae-0771-37b9-c8fc30ffc128,-7.7425,110.3475,2,11
5e8453cf-53cf-7a13-bf24-88666957fca3,-7.7475,110.3625,4,24
5e851687-1687-3da2-1dd4-414c49e469b8,-7.7625,110.3825,8,25
5e9378ea-1a3e-4a7c-8646-f7da7c9ad5f7,-7.7575,110.3825,6,54
5e94d9b8-f9af-45f9-bc67-743de4e49b7d,-7.7625,110.4125,30,224
5ea696e3-1098-49d1-b34f-f612c913dd2a,-7.7475,110.3825,21,24
5eb2e61c-e61c-69e2-6318-cbde5744d615,-7.7575,110.3825,8,20
5eb95b30-a1f6-4f67-a1dc-d5d6f109d20c,-7.7475,110.4025,15,170
5ec0dd22-dd22-18f4-7322-b449ab30219f,-7.7625,110.4175,7,26
5ec9eebd-7920-4ef4-af2f-356036a63485,-7.7625,110.3875,233,1224
5ed7fb11-8db0-427f-bc1a-0e114c1b011a,-7.7525,110.3975,100,345
5edaea02-e3d0-48fc-937b-a50381c90302,-7.7675,110.3875,402,809
5ee205ed-05ed-1775-f36a-68396f55e448,-7.7625,110.3975,9,104
5ee5fff8-60ed-41b2-a0c5-c35e49732e20,-7.7625,110.4075,2,17
5ee9a344-822b-4a5e-9322-42e23f9d7cfd,-7.7625,110.4175,1,1
5ef0aef8-aef8-31c2-6b5a-2a4ec74a79f2,-7.7575,110.3725,10,47
5eff7101-ad8f-4c98-a200-31fc0bbdd25d,-7.7625,110.4025,104,331
5efff4a1-7cc8-402d-b4aa-e5e6fe567b4d,-7.7475,110.3625,1,15
5f2dfdad-78fa-4d66-b7ad-2b383b89fe09,-7.7675,110.3675,1,12
5f3db9a6-b9a6-7550-9064-b756e49a18a2,-7.7575,110.3975,2,2
5f4616cb-16cb-b190-8ff1-7aac23e6346f,-7.7425,110.3475,5,97
5f62a3fc-a3fc-8be9-9c05-6b133e1add9c,-7.7575,110.3625,17,160
5f6588f1-9698-4975-966c-71daceb813ea,-7.7625,110.4225,81,1640
5f842899-3981-459b-9937-7952ff600e51,-7.7525,110.3775,6,47
5f86913d-913d-293f-5486-bec2faa5808b,-7.7425,110.3925,2,7
5f9f4a20-4a20-c9d1-c313-3f1f0286e5dc,-7.7625,110.3775,107,549
5fa6bb4f-bb4f-3377-4c7b-864c9c557c9a,-7.7475,110.4025,47,194
5fbbfa21-fa21-6f8f-329b-da068cf2cace,-7.7575,110.4175,39,223
5fc57498-7498-0f20-8dcd-125d492ff639,-7.7675,110.4075,2,13
5fd7a6ed-8cc3-44ba-b94c-93254dc62f99,-7.7525,110.3725,3,14
5fe15831-5831-c150-01e0-1f41a3b223fe,-7.7625,110.3975,15,36
5fe85ac2-5ac2-9f43-f0b1-66361a56143f,-7.7475,110.3925,229,566
600b4217-83fc-4742-bfa0-047abaeff60c,-7.7525,110.4275,37,253
6013d8ab-54a3-4191-af54-ac2cdc6e492d,-7.7575,110.3625,1,11
602e2fca-2fca-5192-2291-807325b8698b,-7.7625,110.4025,3,4
603c2548-b00e-4fe3-87ae-fa5009037247,-7.7675,110.3625,4,21
603e40c2-dd7f-485f-b543-8b41d8f9ad3b,-7.7425,110.4175,268,1566
60573043-3043-fbd6-fcf4-45238f9bf521,-7.7425,110.3775,249,1210
606160c7-de02-4a33-817d-9668a290fb06,-7.7575,110.3975,36,192
6075a722-6ac5-4861-8062-a73bba419688,-7.7525,110.3625,3,32
60958ccf-8ccf-cf7b-b13b-1382b960d70f,-7.7575,110.4025,11,553
60963d37-33a6-481c-a904-054468b82c8b,-7.7625,110.4325,249,492
60a09123-d072-4dbe-b15b-a1351d6474d1,-7.7575,110.4125,53,156
60ad8520-3794-4f10-b9ee-19dd1040da0a,-7.7475,110.3625,1,49
60bee589-d9c3-4906-9ccd-0b4ea123a4b9,-7.7675,110.4075,304,1715
60d3a8a3-a8a3-10ed-ccd1-81d1069b3edc,-7.7525,110.3625,312,1028
60d83c99-3c99-5e88-ea16-002e114db475,-7.7575,110.3925,24,176
60dd197c-c687-49b9-9bf9-60d6d22b0f16,-7.7625,110.3975,14,59
60ebd389-afa9-4ce5-b1e3-b36371f37e6d,-7.7575,110.4275,9,26
60ecf048-f048-49e8-765f-424cd400d12c,-7.7625,110.3725,129,731
60eeec8e-ec8e-d7d0-b645-ab9dea0cdb8e,-7.7425,110.3525,12,85
60fdc30b-c30b-a05a-0a5c-0e1c0d66668d,-7.7475,110.3825,10,22
6107082e-082e-b3c7-7237-7c32569bdf3d,-7.7625,110.3725,109,367
6133191e-3afc-4a87-9ee4-b5e1d690a3af,-7.7475,110.3975,181,887
613926f1-26f1-745b-f4e1-bba8cf29dc0e,-7.7475,110.4175,136,781
6146f6cf-f6cf-6744-3039-dd31bf5c884d,-7.7675,110.4325,4,5
615f3c6c-3c6c-3753-4bb1-56f81ab5f2d8,-7.7425,110.3425,1,9
616370a3-e9e1-4460-9313-109c1d9f6bf9,-7.7575,110.4025,1,249
616dfdcc-8c5d-4a77-8f4f-6a3ce3a82039,-7.7475,110.4175,23,101
618adb34-b189-4509-b857-f57fb92b48d6,-7.7425,110.3875,353,1300
61b87c9e-7c9e-21ab-f20a-040cbabf1fe3,-7.7625,110.3925,16,157
61df86f4-86f4-1e8f-6fcc-86364a5d4ddb,-7.7575,110.3625,2,47
61ead839-9baa-4590-8464-b53a3f60b620,-7.7575,110.4125,30,31
61ef9678-7547-4037-939e-db84f7e81d2b,-7.7525,110.3825,4,27
61f5f94f-2c4f-4ef3-bfad-de32b089e55f,-7.7425,110.4325,463,1798
6201e743-69ea-424a-a5b0-857d1043a0e3,-7.7475,110.3975,194,1172
6203e8a0-1388-4a05-ae3b-94e61e43b4c0,-7.7575,110.3975,13,89
620d7f2d-7f2d-d012-d71c-c1fcdbecf384,-7.7625,110.3825,3,3
62156639-a5a6-4b32-a4a4-517686e741aa,-7.7675,110.4325,25,33
62212d38-2d38-2da7-9d71-8c8ee2632cb6,-7.7625,110.3975,138,410
624dec00-8d32-4fce-ad56-51a564f1824f,-7.7475,110.3775,1,205
62568314-4750-47c0-b00b-4193260d73d7,-7.7475,110.3925,430,1553
6273bf95-5e5d-436d-a5c8-6ab3906557be,-7.7625,110.3825,165,3082
62755954-5954-ccc3-b855-ef08591c7f7f,-7.7525,110.4225,7,228
6295f2ba-fc6d-4c08-99ab-e75ac3193795,-7.7675,110.4225,283,913
62ac1817-1817-de21-629a-653a2efd6247,-7.7525,110.3475,3,12
62bf0da4-017f-40d3-a046-02d1a7aac7ef,-7.7625,110.3675,1,6
62c331a0-8830-4a97-b5a7-6d3ad5dda82b,-7.7525,110.3725,22,66
62db3a98-3a98-86f3-f3bd-941db9aa550b,-7.7625,110.3725,25,52
62e68831-8831-7acb-453d-58a6c3f76d23,-7.7675,110.3625,33,122
6325d958-1250-4bd4-9cf8-137b4af2c862,-7.7675,110.4125,51,58
632e9d58-9d58-a51a-7792-ff146d16a85a,-7.7575,110.3975,1,10
6355b629-640b-4240-9d1d-7c35e5080cd2,-7.7525,110.3725,2,92
635ee670-e670-0eda-fe34-bfcf84c1d85b,-7.7575,110.3875,23,42
6368d546-d546-b799-2810-9b49389e4aee,-7.7575,110.3925,31,192
636aebdb-eb30-4d6a-bd3e-0260be8ac9f1,-7.7575,110.3925,1,5
63730ba3-3095-4e36-a296-da066c508c1a,-7.7575,110.3675,42,92
63798ed2-e274-47dd-a7a2-570c4e7f843d,-7.7575,110.3825,2,10
638d9055-7123-4d0f-9191-8a4c420fdb04,-7.7575,110.4025,1009,3031
63a498aa-50cf-4cc5-a30e-60606ab42864,-7.7625,110.3675,165,394
63b2ad5f-ad5f-c1c4-36fa-7fe488196b95,-7.7625,110.3625,2,29
63c24f60-2316-44c7-a5dd-c15e90ca44ad,-7.7625,110.3925,1944,3155
63ecc846-27c3-40a6-976f-ba975b6c9121,-7.7525,110.3525,128,484
63f1c4b4-c4b4-9516-a086-33dc1bbae8c8,-7.7675,110.3525,2,275
63fd5c2a-91e8-4d9e-9b24-ace8986adfbc,-7.7475,110.3875,1,11
640471d8-71d8-5e8b-12d5-8b2e8f893cdb,-7.7475,110.3725,1,7
6417d4dc-d4dc-9d04-4082-4ab615eb8b77,-7.7525,110.4025,99,1902
64255dc9-4a7a-42ed-a4cc-ec37f824245c,-7.7475,110.3925,166,569
6436153e-d550-4cff-b406-94b7111ab346,-7.7475,110.4175,402,2573
647581ff-81ff-ee12-b8f1-3bd94555c258,-7.7525,110.3775,2,4
64789810-9810-fe9f-d4c7-950056ea3d2f,-7.7425,110.3925,1,57
648bc5bd-326d-4bbf-8ea3-e42554135ed5,-7.7625,110.3975,17,118
64a0fd5d-fd5d-55fb-dfc4-d60252018d27,-7.7575,110.4225,54,199
64d334bb-8e9a-46e5-84fd-3c145cfa0aa5,-7.7575,110.4225,358,1253
64d72ad3-3a54-424a-a169-f737b9289bae,-7.7575,110.3925,105,753
64e1f252-6684-47cc-a915-d8de8c84035b,-7.7475,110.3575,1,16
64f08520-8520-da0d-18e7-5864560a12d0,-7.7625,110.3825,4,33
64f09449-22e1-4b3a-a5d5-96701f7c54ec,-7.7475,110.4125,5,18
64fcf665-d3c9-4db5-8939-7bc295fa1173,-7.7625,110.4125,242,1274
6511ddc1-6945-4164-a310-afa23225ae5f,-7.7475,110.3625,3,9
65134aa0-e1ab-4875-8d68-d992b5364331,-7.7575,110.3975,11,30
651ebdfd-f413-47e4-b131-dd4677a5445f,-7.7525,110.3675,9,79
6533603f-603f-bbc1-3880-834fc0809a13,-7.7575,110.3825,12,31
653dc0aa-0e6d-469e-9193-c7923bb646a5,-7.7625,110.3625,2,8
653e6ec0-6ec0-c7a7-9455-5f7166571f20,-7.7475,110.3625,122,340
654477c9-77c9-28d9-9099-c939d9f8d90a,-7.7575,110.3625,3,13
6544f134-5605-400c-b487-96fc45bb7312,-7.7475,110.3825,123,1188
65591b75-2afa-4d65-9339-41aed8ae6870,-7.7625,110.3975,16,56
6563b99e-b99e-6b61-d55d-f9df914a0b61,-7.7625,110.4125,65,513
65759a7b-d3b5-4c81-9ee6-a68ec6dd8deb,-7.7625,110.4175,4,54
6577344a-af02-4c59-b8a6-729f0fbdce72,-7.7625,110.3625,2,27
658fe1d8-b231-400f-a94d-1189cb5f8297,-7.7475,110.3425,5,22
65c5b4d0-b4d0-c717-a314-3abbea813de2,-7.7425,110.3675,14,18
65fc8a9b-8a9b-3234-8d3f-238a6624277f,-7.7625,110.3725,167,625
660ad9cf-d9cf-6e4f-48ac-4ddaad24d72d,-7.7525,110.3975,289,994
660d417b-417b-1570-fd05-ab39bb341faa,-7.7625,110.4125,4,7
664ed27b-0423-46aa-aecc-be74b2314bee,-7.7625,110.4325,47,207
6656b330-9b8e-4d4e-83aa-5b8e1b1d5493,-7.7625,110.4225,3180,48210
665899a2-da51-4a89-9b48-e2ae24603326,-7.7675,110.3975,5,330
66736767-6767-db45-73c7-c26cd990840f,-7.7575,110.3925,1,3
6683bf07-77ad-4930-943a-812e7d69c4ff,-7.7425,110.4125,3,43
668a6049-b036-40a9-a3c7-259eb9f532cc,-7.7525,110.3625,165,673
668c249b-47e8-4ade-8653-96ce4f52cb54,-7.7575,110.4075,2,73
66c7a9ee-ac99-474a-afea-b2ba820842c2,-7.7425,110.3725,1,78
66e138f9-38f9-038a-a093-e34ad1302027,-7.7475,110.3725,2,20
66e5e628-e628-742b-d353-b1f02859a37c,-7.7525,110.4025,44,617
672a7a07-bfd1-4186-a633-b5243b3e64db,-7.7525,110.4325,61,227
672be0d9-e0d9-4ad1-1bea-4f4243bc0714,-7.7525,110.3725,1,24
67483ed1-3ed1-5118-7379-fa50c5beb465,-7.7625,110.4125,20,366
67717de7-7de7-b729-2acf-7dbd08954211,-7.7625,110.3975,10,88
6797de6e-42fa-461a-afa3-66047791c781,-7.7425,110.3925,2,11
67a04854-7161-4c2b-b570-36086231cd30,-7.7625,110.3625,6,154
67b3d612-2973-4678-a7a0-f8b404dbbfb6,-7.7675,110.3625,2,13
67b6c859-c859-70b4-e20e-15fffd153b57,-7.7525,110.4275,2,33
67d18aab-77b1-48bf-921e-3c2cca1f5b3e,-7.7625,110.3425,14,211
67db22c6-22c6-b424-dc1f-a571a69272dc,-7.7625,110.3725,124,712
67f27a02-68ac-4d0a-9f25-390c0e933b29,-7.7525,110.3925,357,1411
67f2abd2-4b12-4ab0-b608-0b9f3649bcdd,-7.7525,110.3725,5,31
68090a6c-56b1-47d1-8bbf-feab636753fb,-7.7575,110.3675,5,32
6813c981-7173-487d-a58f-cd28e5107085,-7.7525,110.3675,1,1
681503a2-71a9-45f8-a396-4cd6a2d565cf,-7.7575,110.4025,19,179
681f7c72-4e7a-4b2a-806f-8bdbf0f65f03,-7.7475,110.3625,7,96
681fffca-36f4-4d4f-a6f6-2869e3a88699,-7.7575,110.3975,10,31
68439f94-a25d-4ffe-2013-67298a232c8e,-7.7625,110.3675,2,47
68552c9e-2c9e-9f79-d492-ace89344a816,-7.7475,110.3825,7,44
6865a811-a811-d590-c283-f2c03a264b4f,-7.7525,110.4025,298,651
686ace85-aed2-4ddc-9b57-624d95604b24,-7.7575,110.3875,4,3977
6871a22d-a22d-9614-b084-f665cea1379a,-7.7675,110.3875,4,10
688148cd-48cd-3b34-adf6-f0f7d1fdc14d,-7.7625,110.4125,7,54
6884763a-ffba-4218-87a7-e171c41b12c3,-7.7425,110.3625,1,22
6884a277-928a-434e-2aa9-f872f2d44726,-7.7525,110.3825,7,26
688d4b74-4b74-5255-2a61-d18a778e2cb2,-7.7575,110.3775,107,561
689af245-c75c-4a47-b095-5b6b7a27adf2,-7.7525,110.3725,2,32
68a61d52-c932-4c2e-11c3-19629add60fd,-7.7625,110.3875,277,1420
68b69740-ab85-4e55-9968-b4e5538a564e,-7.7425,110.3525,12,169
68f63479-a6f7-47dd-a8ed-34a427338093,-7.7525,110.3725,1,1
693e596a-596a-8fa6-583d-63842c40bef8,-7.7525,110.4125,74,399
69575fa0-2a77-4166-bdf0-dadb8c1e9fd8,-7.7525,110.4225,23,23
697d035c-035c-0b41-72c6-9c429fff7dd4,-7.7625,110.3875,15,73
69890111-5961-4007-a381-470d581d572a,-7.7475,110.4025,4,18
698e0ef2-33fb-4f94-a1a4-32417e6c916e,-7.7425,110.3575,179,559
69982c43-45ca-4222-9524-20c2edfd5a3e,-7.7475,110.3775,275,1886
69fa69b7-69b7-d905-4af8-db8aa17878fc,-7.7475,110.3925,2,118
69fb6d65-4065-4693-a38e-78a21b0c791d,-7.7675,110.4325,17,62
6a0c38df-8036-4f9e-ba5b-e71af1f05d4e,-7.7675,110.3775,1,25
6a19b188-12ed-4d34-8011-8f13fbeaea65,-7.7575,110.3875,1,9
6a1a5350-5350-14b4-e0f7-113eb0697c45,-7.7625,110.3675,347,707
6a2eed7e-fdd4-4635-9c29-6c0418b2e2f3,-7.7625,110.3725,1,9
6a34473c-473c-2ba2-d2e5-81d896c0f868,-7.7625,110.3775,3,33
6a42a575-a575-bf7f-db57-71fb27aec2d5,-7.7425,110.4325,2,11
6a4934b8-fe42-4a41-852e-0fc5e6f5ddbb,-7.7525,110.3725,2,24
6a5050a1-e333-4b8b-9dfc-e2e3942d79ea,-7.7625,110.3725,47,564
6a618bc0-e060-4b64-8934-73d9ef6dc6d4,-7.7675,110.3675,5,118
6a64d839-68f8-4300-a87c-e4f7d3de6954,-7.7575,110.3725,287,931
6a721de4-1de4-d0c0-0f97-0bc81f2822d1,-7.7575,110.4225,148,366
6a76470d-d36b-48e2-bc32-2cf8b11f93e9,-7.7625,110.3825,81,529
6a765c27-2014-49b0-aac9-f55e50ff78ba,-7.7475,110.3725,729,3953
6a822c96-2c96-c147-429d-0fcdbad97529,-7.7525,110.3625,10,13
6a8e0b4c-cfe1-46d7-972a-56d9d24185ef,-7.7475,110.3825,267,1396
6a99e4c0-e4c0-7b05-18dc-a19d6e4e3559,-7.7625,110.3625,1,19
6ac167ee-6743-41e4-8bed-951a5710d12c,-7.7475,110.3625,16,176
6ad28328-8f81-4081-a208-2ecb88025af7,-7.7575,110.3975,54,206
6ad30fa1-0fa1-2e56-0f10-0ca53ac7c7f5,-7.7575,110.3625,1,16
6b0e6e1b-6e1b-5a26-d069-21df30ad1298,-7.7675,110.3675,2,32
6b104e59-4e59-3793-496b-9b583980c126,-7.7425,110.3975,25,25
6b31275e-e6a7-44a1-8a4c-dbdc67650afb,-7.7625,110.4125,29,54
6b3ccb78-09bf-4987-9601-40de25e5b847,-7.7625,110.4275,28,64
6b423a07-7f11-4ec0-98ab-bf8ceec8c8f0,-7.7525,110.3975,502,2948
6b49568e-e1d7-46d2-ac3b-1b53b147b772,-7.7575,110.4125,2,4
6b5339d8-39d8-158d-4b2c-1670f6fdeca7,-7.7575,110.3625,2,21
6b677bcd-a768-468a-9cb0-43f42429d3cc,-7.7475,110.4125,3,28
6b8147aa-e5f6-46bc-8e4e-82998c0318d1,-7.7475,110.3825,104,693
6ba8bb4d-df46-4e53-968e-30306725a87f,-7.7575,110.3625,80,320
6bb1a92c-7236-4575-afff-e9721aa10afd,-7.7575,110.3975,2,86
6bc24dff-4dff-395f-eb30-dd02169cf6df,-7.7475,110.3975,163,684
6bdb50a4-50a4-7446-969c-d2c073512e2d,-7.7675,110.4075,33,109
6bdc8a3f-8a3f-dc80-bd46-740978c8d394,-7.7575,110.3775,48,305
6bf51974-e0b1-4eef-a900-dca7c4e5bab3,-7.7675,110.3625,8,77
6bfebdec-0d9a-4a01-a6e0-fff1f0168670,-7.7575,110.3925,18,59
6c0eaf7e-5aaa-4b73-8876-26734e982aaf,-7.7425,110.3975,1,70
6c3feefa-116e-43c0-8b02-f7b8cc2a3e26,-7.7675,110.4325,108,481
6c57b4ab-b4ab-2d82-dcb1-407626e3fca6,-7.7625,110.4025,2,27
6c59f818-ffbe-4a5e-9430-67a1a9e7a986,-7.7575,110.3825,20,62
6c6404b6-71df-4057-878d-fc8f8086e110,-7.7575,110.3975,6,48
6c73d3d7-e08c-4f53-a938-3379bfd08a9e,-7.7475,110.4075,291,1363
6c7f3627-3627-ac78-0f45-3a93a75d97d1,-7.7425,110.3925,3,9
6c837140-3d1f-4bfa-1c2e-dc46dc07c854,-7.7575,110.3825,4,7
6ca90bbf-0bbf-de48-460c-a7502fdbffab,-7.7425,110.3875,42,1954
6cdbb80e-b2ea-49ee-b97f-310b2facd90c,-7.7425,110.3475,1,76
6d0bfa26-fa26-f691-d460-9ab0604299a5,-7.7425,110.3575,24,138
6d11de2d-de2d-e466-2034-6ed3c0da1b60,-7.7625,110.4125,17,136
6d2373cb-73cb-c82f-1c01-700d3bd83dff,-7.7425,110.4325,166,834
6d2959e6-0417-4574-bfa2-b3d92a198cdb,-7.7425,110.3475,1,23
6d474bb2-4bb2-038f-e188-d5370e8c2c38,-7.7575,110.3975,1,42
6d53931a-6250-48ef-899b-d42c96b685b8,-7.7625,110.3625,7,75
6d72c078-39c2-43ef-9f66-e9585c377b8d,-7.7575,110.3825,30,109
6d976a0d-97ca-4662-862b-d0a87882a239,-7.7625,110.3975,5,12
6d982525-1320-4633-98b7-f3182fccd780,-7.7525,110.3825,5,5
6da430c3-30c3-8b07-877b-357c61a73da2,-7.7675,110.3675,5,8
6dbdf677-f677-76a4-7c26-c286e1f1d6ed,-7.7425,110.3625,8,95
6dc1dbdf-7405-4d51-8ffe-ca7acbc91c23,-7.7575,110.3975,6,19
6df8041e-2633-4d17-ae24-cf9af0dc2e5b,-7.7475,110.3775,345,1486
6e34292c-e1a9-43e9-b4d0-5de6e8c034fe,-7.7525,110.3625,1,36
6e4becbe-dd6d-4760-8d44-3a4b4748f405,-7.7475,110.3625,2,363
6e4c3bf4-8835-4910-b10f-0750d5d4bab6,-7.7575,110.4025,1,9
6e599831-b880-40eb-aaa1-5cdfc6592a3a,-7.7525,110.3425,303,1344
6e5bc2e1-030f-4f96-a494-a9086696fca3,-7.7475,110.4025,49,67
6e64148c-f3be-4784-843c-0ef9cb0d964a,-7.7425,110.4325,1,10
6e70ef1e-7858-43c7-b193-ec69e2d94c15,-7.7675,110.4325,1,27
6e77952a-b1b1-4097-bde3-0d356f79596d,-7.7475,110.3925,35,134
6e938423-eab5-4d6b-9253-f713b6de4898,-7.7575,110.4125,1,13
6ea20a3c-1b56-4273-bc2b-4c2b79c5d1c2,-7.7575,110.3625,4,19
6ea25cee-5cee-6bda-584f-55254f8de66c,-7.7575,110.3775,145,786
6eada751-f57f-4436-81dc-eac5a27bc3b4,-7.7675,110.4175,1,10
6ec39375-9375-3331-e864-fd0fceb25df1,-7.7475,110.3575,50,706
6ed175e2-75e2-7143-20e3-2081a73ab927,-7.7475,110.3975,18,147
6ed62372-cec5-4426-bfe8-01628f595c19,-7.7425,110.3625,3,499
6ef2fa4c-b32b-488f-8fdf-2a5fa96ce69b,-7.7425,110.3725,1,17
6f0a078a-b0f2-4494-8d9a-95c642c308b5,-7.7575,110.4125,144,852
6f1c6e24-8d58-42d3-8ba4-2a13cda81a42,-7.7475,110.3875,9,38
6f1db800-62fb-454d-ae29-1efac13835cd,-7.7575,110.4025,1,19
6f1dfbb7-fbb7-63b0-8889-ee7f5eab22b3,-7.7625,110.4225,432,6182
6f23fd22-4b44-4330-a8d7-7d7ad715c0a0,-7.7525,110.3975,236,1475
6f2e9454-25fd-4fc9-2fdf-dd94be92d71a,-7.7625,110.4025,3,26
6f2fd453-d453-69e7-9b74-18cc315a27ef,-7.7475,110.3725,3,60
6f321078-b123-4e13-949c-d81ab7921ec9,-7.7625,110.3975,2,5
6f38c883-c883-d232-e356-cc9e1224e354,-7.7525,110.4025,16,65
6f492603-0ecc-4a93-965c-ff8d782e027e,-7.7625,110.3975,194,643
6f914549-4549-737c-80bf-c65e62d6f71d,-7.7575,110.4325,4,34
6fca0382-6131-4ebd-8703-f2c159041ea9,-7.7575,110.3975,239,1383
6fd7913d-1042-4164-afc0-2532536c645a,-7.7675,110.3425,178,495
7008ee77-85ca-462b-8159-7ed7653e73d7,-7.7625,110.4125,1,48
700ef778-28be-47e7-9034-40ee10abd708,-7.7525,110.3725,25,233
7011613e-e75e-4151-baa9-4222ed5a0fdd,-7.7625,110.3625,472,1400
70143e23-7d70-4e48-a8c9-78183d161441,-7.7475,110.3625,34,46
702b9a67-4953-4d4a-bbdc-1f0e4c848c3b,-7.7525,110.4075,4,54
70691440-917d-46e7-a4ec-a362ef824ebb,-7.7475,110.3925,6,22
7070581d-da2a-48b9-8a23-0750b4166225,-7.7625,110.4225,2,28
7074964d-b4b9-49fa-a3d1-43f7487f6438,-7.7525,110.3875,15,803
707f7426-7426-1f29-651e-b8ae8342e16a,-7.7575,110.3775,96,460
708eb51e-e552-4fe5-ba50-490670de03e6,-7.7475,110.3725,1,49
70b0272e-783f-4ed1-95d0-8bcf39a07dd1,-7.7525,110.3825,5,5
70bd7325-8a07-4247-abb2-c2400a7bf074,-7.7525,110.3825,3,107
70d6b761-658c-4620-b513-0de0864082c2,-7.7575,110.3825,6,6
70dd0e0e-0e0e-b7ad-7a91-29c51e35d71f,-7.7625,110.4025,367,1195
70eadaf9-cdeb-42bb-960f-ec8f0482b3bf,-7.7425,110.3525,45,154
7104053b-053b-70c0-7502-397b5e8dafc0,-7.7425,110.3525,37,101
711b6a68-6a68-eabd-0ecc-c6561cb5d571,-7.7525,110.3825,1,4
71264208-4208-13a8-6388-6f6d4cfe9fc9,-7.7525,110.4075,30,150
71541bbd-775f-46ff-b021-3e9ef7dcf644,-7.7475,110.4075,235,1177
7156e37a-9818-4667-9ec0-50d54dbfac45,-7.7675,110.4325,6,26
715ff796-f796-f778-d4a1-63e282e8d51f,-7.7575,110.3625,57,473
716bea35-7b4b-40ba-9a70-72697c16fcb0,-7.7675,110.3975,29,72
71712f54-c456-47fc-855c-9b75b3fc6d4b,-7.7525,110.3925,276,1124
717bb853-b853-043f-75e9-85b882254404,-7.7675,110.3575,1,240
71a75670-9254-4c5b-a897-ce41f884b879,-7.7625,110.3625,1,11
71abd036-3027-47ca-acc5-2bd61ab48b62,-7.7625,110.4175,1,27
71c340ff-797a-4d1e-8776-b42e83a7bb22,-7.7525,110.4225,25,54
71cc38a5-9098-4f67-aca3-230d0c910267,-7.7425,110.3725,3,63
71efbe83-be83-2e6d-5af3-fd5839599e7e,-7.7625,110.3875,230,1085
71fdbd53-4a6e-44da-9635-f8e1c1b7863e,-7.7425,110.3475,1,2
720ee6b0-e6b0-4766-e7c0-04e026aced72,-7.7525,110.3725,10,23
72265194-09f9-42db-b9d2-361d4dcb4763,-7.7475,110.3575,2,8
722c797e-24df-49b7-ab63-a95db2afc5e1,-7.7625,110.3975,9,68
72413098-c4e0-469f-8095-e0ff3fbc09b3,-7.7475,110.3875,6891,28195
724c08eb-08eb-7fe4-738f-e2e29a692ab3,-7.7625,110.4125,2,5
727f0ae2-045f-4cd0-8b44-6c6fc80cab8e,-7.7475,110.3425,91,730
728cb3ec-8e1c-4952-9701-941b80d1239e,-7.7625,110.3975,95,297
729007f8-07f8-f316-a4ec-19ea14ad3b38,-7.7575,110.3675,63,283
72912502-e2f4-40d0-8308-8d6dea98d25b,-7.7625,110.4075,72,3067
72a6fb76-a15a-444e-a08c-40a14b762831,-7.7675,110.3925,1,31
72ba5745-808d-45bd-853b-cf012a6fddb2,-7.7575,110.3875,12,47
72bb2ed0-740b-4005-9d73-fe258a741fb8,-7.7525,110.3975,14,466
72bda71f-a71f-557c-6608-571877241acd,-7.7575,110.3875,7,61
72f67555-65d7-4e72-acd5-3154e93ed23b,-7.7575,110.3425,6,61
7300bbec-bbec-4134-1873-fd1d0c9438cb,-7.7475,110.3725,3,27
73054bd7-82c1-462b-88cc-bc617545e26e,-7.7475,110.3725,91,1201
73102e63-2e63-f190-1678-0559de4c387c,-7.7675,110.4025,23,239
731cb30d-7513-4dbc-a862-497073575221,-7.7425,110.3475,1,6
7321fa0e-570e-4fc1-9cc2-2b47bded8887,-7.7625,110.3975,39,70
733ff81a-71b9-4a44-b6c1-9b5832e0a5e7,-7.7525,110.4075,19,67
73679899-3f95-467f-b8e1-3212faf0939a,-7.7475,110.3525,3,3
737fc29e-1275-4d81-87e1-fad76bf4371f,-7.7575,110.3825,144,719
7396e7c8-e7c8-f2f0-928a-14aa08aeca52,-7.7575,110.3975,18,49
73acfd1f-fd1f-3101-941e-6eba50d37560,-7.7475,110.3725,3,18
73aeb3fa-3e1b-4190-8d6a-093e5490f3a3,-7.7625,110.3525,207,568
73d23e12-2921-49a5-9f5c-9f9a3ec14284,-7.7475,110.3725,7,40
73ee79c0-79c0-b7f8-dbb8-26e49078e91e,-7.7625,110.3875,17,593
74092e84-2e84-80e5-3542-57e734fd36e2,-7.7475,110.3775,161,1419
740eac2e-ac2e-34ad-4eb9-d8d37bc9f8f3,-7.7575,110.3825,8,17
7440e8da-e8da-a7c9-6697-89f4dc0e4ed7,-7.7625,110.3925,13,156
744bd1a5-d269-45c5-80bb-bae15d336503,-7.7525,110.3625,10,13
746056ce-56ce-a474-e71e-ed046cc81cd3,-7.7675,110.4125,41,201
746669fe-ae52-4ee7-af4b-29394f157136,-7.7475,110.3625,1,7
747530b4-f629-4821-93d3-60a84476b78a,-7.7525,110.3825,3,6
7486833f-833f-8d3a-11a8-f3a89a723d3c,-7.7475,110.3725,3,10
749dadf7-adf7-2f16-3a5f-c3c9e66b13fa,-7.7525,110.3725,7,24
74b23489-89ca-4b22-8544-a9275822669d,-7.7475,110.3575,23,23
74ba7bb9-4f99-4df8-83c9-9d8eeea7ee80,-7.7425,110.3575,116,768
74d12418-2418-8efc-0219-c65b63986852,-7.7575,110.4325,14,174
74d4b16e-b16e-3803-f83a-4728faffbf50,-7.7475,110.3625,1,5
74dc2481-bbd2-440b-ba8f-6802ad3193e9,-7.7675,110.3975,3,63
74ea98ca-a5e7-4d89-b846-eac9cb2c654b,-7.7575,110.3625,8,19
74ec9025-e92a-431c-885d-f38af8221b46,-7.7575,110.3975,1,26
74ee6093-f475-4394-9ed4-a8d97ec189b8,-7.7475,110.4125,3724,14660
75043317-3317-bb69-2f83-2e0ab20d42f9,-7.7475,110.4275,24,89
752db8ec-b5bb-4e04-1028-a2f0d667f7cb,-7.7575,110.3675,1,2
753b07ee-c5a4-4cbf-8d00-669f3e105521,-7.7575,110.3975,23,42
753d8b4b-25ec-4f9a-9851-c38ca5ddf12a,-7.7525,110.3625,9,51
753de921-d9fc-4c67-8de1-4721ef460089,-7.7475,110.3625,1,2
7542a735-a735-a51b-3e31-90fac5cca18c,-7.7525,110.3825,191,692
754305fb-ed18-4867-8219-bf1aa4a25083,-7.7675,110.3775,2,11
75477063-7063-c365-47cb-4da0ec19b88c,-7.7475,110.4025,11,58
75491f1d-1f1d-3201-1427-4541025cd569,-7.7525,110.4025,120,1186
75572f0d-2f0d-d1ae-6398-0f1f6a6e4b51,-7.7425,110.4175,15,63
7557b5d8-9f3f-4e7d-af33-1c7abcd695a3,-7.7625,110.3975,21,43
755a104d-a825-4425-a554-b7cdd39786a5,-7.7575,110.3925,12,74
75617830-42ab-43de-9018-1090060ecbc9,-7.7675,110.3775,12,963
756f3e31-3e31-e367-ede7-b244f2b075b1,-7.7425,110.3525,10,118
75713140-1d6d-40cf-be02-1f1813fedfbf,-7.7425,110.4175,121,412
7571bee0-bee0-9259-f4f4-91390e9df768,-7.7625,110.3925,11,36
757359c0-6277-44d2-ab07-8c470cccb7c1,-7.7575,110.3875,6,13
757fa14b-04e3-4f81-ab94-8068e7d8d590,-7.7625,110.4075,412,2201
7598e213-5a5f-4d63-a08a-8afd5f52f3e4,-7.7525,110.3725,2,18
75a07311-07c1-476b-8853-00306aab3f0d,-7.7575,110.3975,6,26
75c0bc6b-65a6-438d-2d40-67e6d620eef9,-7.7625,110.3875,103,475
75eaf0f5-a2fd-4054-bb97-fbd1f3f37464,-7.7425,110.3475,6,66
760c7c31-b18d-4272-b5d5-e561fc72cb20,-7.7625,110.3975,3,40
761e2243-3e9d-4391-9ba4-7209eb399e0a,-7.7625,110.4275,1,26
762e780d-780d-4bf0-e017-004f2750595e,-7.7675,110.4325,5,15
766148bd-48bd-d25c-911c-a78890519ef8,-7.7525,110.3975,36,132
76742815-2657-4027-bc50-eca4d71b274f,-7.7575,110.3975,1,3
768af663-f663-19d2-be35-40bb7869dd55,-7.7625,110.4125,42,126
76b008d3-c6f0-4576-9977-38dbb6f47629,-7.7525,110.3775,209,736
76c21fde-8862-4fa2-9462-499fe122ec8b,-7.7525,110.3625,6,26
76c9f89b-65c2-47b9-1ca9-7e717809f9e4,-7.7625,110.3425,59,598
76d35a20-8d80-4196-9a13-3f6708688140,-7.7425,110.4125,4,22
76d46163-6163-44a1-3847-2217c90c5b89,-7.7625,110.4125,1,1388
76d5f68f-63a4-4b49-a267-af1f11bd03c8,-7.7475,110.4075,347,1850
76df3457-2ae6-44ed-b03b-4fc1f267d998,-7.7475,110.3625,4,13
76f0886b-886b-78b4-7b0c-afc486c39433,-7.7475,110.3875,6,409
77169aad-d16b-4f68-9198-42d7dafd301f,-7.7525,110.3625,13,43
7723eaee-eaee-c9f2-a080-1565cc7504a8,-7.7575,110.3825,9,46
774047c1-4bf7-4336-90a3-8ea17c53f63a,-7.7575,110.3825,640,2457
7748e611-15e7-433d-8603-30a22392b0d3,-7.7625,110.3975,21,46
774ba4c8-fb95-4779-9aff-4810ef979d53,-7.7625,110.3725,49,204
77526932-6932-909b-6154-735cfb010831,-7.7525,110.3875,32,138
775689a7-89a7-56bf-a7e8-889625e4f46e,-7.7675,110.3775,2,4
775b5540-0e6f-4022-9642-b56cb3b8ee98,-7.7525,110.3625,4,30
77612b32-2b32-7057-dff2-8248186106a7,-7.7625,110.4175,212,1483
777b8956-8956-fc4e-143d-d5d7f60c5d59,-7.7625,110.3675,1,42
77899517-e317-4204-bb67-e57534dd87b9,-7.7575,110.3825,31,141
779bf250-0f2a-46c6-adf5-783ff0c8bc85,-7.7625,110.4225,22,62
779e0e7c-f327-4c5e-a767-c62014ad0747,-7.7425,110.3625,7,29
77a7e347-b0f3-40d0-aa15-0d6fbc01ab8e,-7.7475,110.3875,4,114
77b0a9cb-a9cb-6acf-26c0-140e7ca00b86,-7.7475,110.3825,1,22
77c24e31-4e31-03b8-11a2-9d7981505ce7,-7.7575,110.3975,3,34
77c72375-2375-c8d8-56d0-53aa7232257c,-7.7625,110.3975,6,53
77cefabe-fabe-f7aa-18c7-8c08c975f4d5,-7.7625,110.3825,1,23
77cf4584-4584-e5ff-d437-c4dc178518d0,-7.7575,110.3975,3,13
77d026ad-f758-4aac-99a9-dc756987c1e9,-7.7425,110.3625,4,18
77d41b5b-f242-44ce-2d13-0941fbeefcd3,-7.7475,110.3975,3,99
77db6580-28d7-4584-bed6-dc1fe8b86b46,-7.7575,110.3875,1,4
77eeacdc-acdc-f1c3-36d9-98328cf5d044,-7.7575,110.3925,1,19
77f2edee-5125-4b9e-bf52-d81a52cd585b,-7.7575,110.3925,4,45
7826a90f-3d04-457b-bb40-4f546766f2c2,-7.7425,110.3575,268,717
7832a83c-70d2-47fd-b6bb-fc558e1f3d7e,-7.7575,110.4025,143,674
784cb3e6-a21b-4567-a12e-f6d0251a6854,-7.7525,110.4075,4,86
788a1ada-c68a-4431-af8e-72dbc7625fb3,-7.7625,110.4175,1,45
788cb3a3-af1d-452f-9d85-c2e0c0475203,-7.7675,110.4275,1,19
78c35a18-5a18-4bfd-0b53-e19af7893bd9,-7.7625,110.3675,1,13
78fb7c40-7c40-3125-2984-6273e6cd3a3a,-7.7525,110.3775,7,10
78fe1a1c-1a1c-4472-9f45-071cfb8137fe,-7.7575,110.3875,3,46
790c1c37-1c37-a158-3def-9b71996edcea,-7.7425,110.3625,5,23
790c65ed-65ed-30b1-09a7-29337483937f,-7.7625,110.4225,6,33
791cc6ab-c6ab-5f6d-5147-f436d28833ad,-7.7525,110.4025,121,321
7924104a-c173-4a71-9edd-97a9451d26b0,-7.7525,110.3725,21,143
7936972d-0bc8-4cd2-9c47-025fcf673175,-7.7625,110.3975,1,60
793f5d76-5d76-1913-2ee2-d76e08fe4811,-7.7625,110.4175,1,7
796f222a-8ad6-40c6-83bf-df1d68729b1b,-7.7475,110.4025,20,166
79aa8756-8756-f606-1abb-76a650aa0963,-7.7625,110.3925,1,38
79bf61c8-61c8-9fb1-0b1a-fcdfe26a5266,-7.7425,110.3625,60,218
79d84088-b1ab-4872-ada7-f56f53662106,-7.7625,110.3675,163,1041
79e83efc-25b4-4169-a58c-ae967d9cd396,-7.7525,110.3475,1,90
79e8ae2b-c113-4b78-ba1d-8d744ae0acb4,-7.7625,110.3925,2,19
7a28b4f0-2c17-425f-b480-b237bb8aab48,-7.7525,110.3975,31,252
7a5ad2cc-60ee-4b22-b408-5d22b92c2484,-7.7625,110.4225,133,1359
7a667319-7319-0059-827f-661b86e1376d,-7.7575,110.4175,3,16
7a66da7f-da7f-f9e5-cbfb-a3fb168362e9,-7.7475,110.3625,8,68
7a6916ea-7b7b-42c0-b028-c080e43acf12,-7.7525,110.4225,37,179
7a7a4e04-4b79-4800-bbde-867961905d35,-7.7675,110.3675,120,439
7a7e3cda-0a68-46a8-95d1-8768ba79f874,-7.7625,110.4025,11,41
7aa8c806-2ac5-45f6-a9d2-3c79974d7c2e,-7.7625,110.3975,16,68
7ab71f40-afeb-47fa-8584-3c838198a29b,-7.7525,110.3725,1,2
7abd01e8-6fb5-48ca-8181-19d5d22f0ee6,-7.7575,110.3825,3,4
7ae9e469-7a90-4b8d-886c-f3b0a370b219,-7.7525,110.3625,14,67
7b01a95a-a95a-ffdf-8f31-340a0a07ddce,-7.7625,110.3725,150,769
7b0d734e-734e-39be-8838-fb77d61cd7f0,-7.7575,110.3625,46,211
7b12311f-a754-41b6-aa5c-3e959b3a413c,-7.7525,110.3725,3,21
7b174c03-4c03-01a3-9f89-b91277c0aeb2,-7.7625,110.3425,25,493
7b1c685e-3cb8-4a13-a74a-0cb06c02ac67,-7.7525,110.3725,3,24
7b3a4c6f-1b33-402d-9c39-43c1583c135e,-7.7575,110.4025,1,13
7b3aa009-4373-43d3-b698-c3ebd1f851f4,-7.7475,110.3825,29,225
7b4e889f-e0c9-4fcb-bc99-241c026aa880,-7.7525,110.3625,730,2074
7b5b3973-3973-ddd6-9026-33f2f149fb2f,-7.7575,110.3675,46,101
7b78f4f2-0bd0-4066-907c-5ab1184302cf,-7.7575,110.3875,5,96
7b8b040c-65d1-4b08-95f4-bed5be90b93a,-7.7675,110.3925,7,85
7bb4f4f8-f4f8-122e-197d-8e7db24acaf1,-7.7625,110.4075,12,40
7bc0731c-0c54-42a3-bf6f-cdfa68aa5951,-7.7625,110.3875,28,124
7bc4dc9f-dc9f-e23b-98a2-f12a40364191,-7.7525,110.3825,51,223
7bccfa9b-fa9b-a1d6-3dd0-0be4177d3938,-7.7425,110.3575,2,20
7bcf9c75-28af-4334-b4f6-14d67209caf8,-7.7625,110.4225,1,2
7bfe964a-964a-1842-fdb9-ef76a8654e9e,-7.7525,110.4075,120,533
7c01eb97-0a10-4914-9e19-64497ccbd7ad,-7.7675,110.4275,1,20
7c10e64d-1a31-4823-a8af-8a33ca644206,-7.7675,110.3775,4,15
7c357d5b-e3b9-49e8-a70e-f60b35f50572,-7.7475,110.3625,4,15
7c3bb6b3-c722-401d-9874-3c08906abf48,-7.7675,110.3525,2,61
7c3c9129-9129-0f1d-454b-43c8e4e5dbfe,-7.7625,110.3825,17,680
7c54d141-314a-46d6-b6f2-cb1c85fd0fc9,-7.7625,110.4125,13,13
7c78083f-083f-0e8b-2ec4-ec3971bc2861,-7.7425,110.3475,1,18
7c888a59-ed22-4afb-9de3-58ed5a1184e9,-7.7625,110.4025,136,322
7c920279-d3f8-4a70-8900-e4c9ad75f1b5,-7.7575,110.3675,119,842
7cc63258-f1c1-4787-9325-a4488d74ebe9,-7.7525,110.3675,1,7
7cd33894-ef6a-4b16-843d-801d96d52e7c,-7.7525,110.3825,424,1094
7cdf8199-8199-a992-bd6e-ef68408a8fdb,-7.7675,110.4325,31,108
7cf6b9c7-b9c7-16ec-1376-85877a35372c,-7.7475,110.3425,12,21
7d0399fa-49d2-407b-abde-5a4fb58d05e3,-7.7675,110.3625,9,9
7d2978a2-78a2-4fa1-9806-b62caeedb0ac,-7.7425,110.3675,12,31
7d48e167-e167-37cd-429a-ac57a321b9d2,-7.7575,110.3875,2,607
7d4c62e1-62e1-d951-2035-6a2b84efdeda,-7.7475,110.4175,1,13
7d6689b8-89b8-9db8-50f0-7af7c18bfe37,-7.7425,110.3825,7,162
7d715475-5a69-4a70-a74c-c9aabf90908a,-7.7475,110.3975,14,84
7d72dcbd-dcbd-d6df-75d3-23c7d756691f,-7.7625,110.3925,293,1352
7d7a287a-fbda-425a-bb9e-919a874bd3de,-7.7575,110.3925,76,131
7d7c06ea-06ea-ec37-3ebb-bfaf7c3b41e6,-7.7425,110.3725,9,32
7dc23c29-3c29-0636-f82f-946092cf6a58,-7.7425,110.3925,1,493
7dd93a0c-3a0c-7c6e-6108-21deb0ad5caf,-7.7625,110.4125,2,10
7ddbe647-e647-b6bb-d2bb-7faea7968559,-7.7525,110.3725,1,2
7de4b5fe-7294-4991-a1ba-489b0f7d5f03,-7.7625,110.3775,1,344
7dec6457-4f3c-4cf5-a57c-8a81913c1d70,-7.7625,110.4025,7,56
7df04121-4121-abaf-031c-802c7b7106a0,-7.7425,110.3475,2,3
7dffbf9b-6eb4-43ae-a282-56e5da79a862,-7.7575,110.3975,9,38
7e014297-4297-8330-6fb7-1d5c3cda7d1e,-7.7525,110.3725,2,2
7e4589c3-89c3-e32c-3f64-93f38b36c79b,-7.7475,110.3675,127,894
7e4b914b-fc72-4b1d-a95d-e8b2985a195c,-7.7525,110.3625,10,49
7e51a304-0b82-4f16-8906-50b17fd06dbf,-7.7625,110.4125,17,132
7e68a46b-0520-406f-afc2-8b4afcd266eb,-7.7525,110.3725,26,129
7e726a9b-6a9b-b6b3-edcf-897bbf3916fb,-7.7625,110.3975,24,90
7e7fc20c-c20c-b162-f3f1-f4747244a83c,-7.7575,110.3875,53,90
7e92c259-89dd-4b13-a3b7-e2ee97d9f074,-7.7575,110.4275,26,131
7e9a017d-8854-44b9-92b2-0a3d53b60fa0,-7.7425,110.3625,129,377
7ea6423d-423d-c978-166b-435146d47f44,-7.7475,110.3875,1,8
7eade92f-e92f-b0a7-9a11-cbba5a469f06,-7.7475,110.3825,170,489
7eb53c04-3c04-366e-5efe-cf3a4a807a0e,-7.7575,110.3975,24,548
7eb6720b-ff61-482d-94e6-57240dd54a0b,-7.7625,110.4225,62,194
7ec6548c-6f27-445c-aa83-3112a97fc97b,-7.7525,110.3625,6,85
7ecad983-d983-09ea-1b97-35c454cc3198,-7.7675,110.4325,1,9
7ed841ad-41ad-8559-a08a-9ad7c6a2886a,-7.7575,110.3875,9,29
7edf7ea3-b195-4a78-adc8-7cda6b968175,-7.7625,110.4225,17,17
7edfc0ad-8463-42be-ab64-1f9518958df0,-7.7475,110.3925,5,21
7ee86ea8-947c-4be1-9096-fe4853d0d730,-7.7425,110.3625,12,23
7f05c8fe-fa74-4344-a60b-aa35e36ce969,-7.7575,110.3625,3,26
7f1dd240-dc6f-4753-9e2b-99909db9edc4,-7.7475,110.3925,23,35
7f2617d5-be8c-48c0-944d-bb0d57cbb3e8,-7.7575,110.3625,2,12
7f2ecb3f-cb3f-e469-0f0f-03032740b396,-7.7525,110.4075,112,648
7f331974-1974-f9a7-1148-14ee1c9f6a0e,-7.7625,110.4225,1,14
7f33d792-b8e1-4604-9d66-b43d4f126e5e,-7.7625,110.3725,2,30
7f413d3d-6a6b-47a2-90e7-8adc278d9acf,-7.7425,110.3875,6,21
7f62c612-c612-c1d4-bfee-ec062987a8b5,-7.7475,110.3625,2,8
7f8331d3-31d3-caca-4d55-8a0c3d27db72,-7.7575,110.3875,1,8
7fa21c9e-1c9e-9e5a-1853-75f08cb3686a,-7.7625,110.4125,10,124
7fa25360-5360-06f0-ff76-0716137c74cb,-7.7575,110.3675,6,8
7fd3b35b-b35b-6e8f-144b-0aa095d519b2,-7.7575,110.3975,105,118
7fd4ac51-ac51-09af-2384-704568d645d5,-7.7425,110.4175,234,1823
7fd8300a-300a-9aa4-18f6-b0970639f03a,-7.7475,110.3925,101,802
7ff75ec9-2044-48b6-a7e0-877c5a8935c9,-7.7675,110.4325,13,54
80091e13-b382-4a9c-a874-0368bb5a5b7d,-7.7425,110.3475,8,67
802627f2-27f2-707a-810b-2020dc0c8f46,-7.7575,110.3725,34,91
802c1d97-03ee-497e-994a-9a39dfaa77d8,-7.7425,110.4175,260,1073
8049ae10-3052-423d-9f25-e1f87cc3a566,-7.7575,110.3875,29,133
805970df-70df-c83c-36d2-7d754bd2e76e,-7.7675,110.3975,5,22
8070f0f6-9a7d-4cc9-a76f-c39d084acc70,-7.7575,110.4125,43,424
8071801a-801a-660e-e8bd-ecc153f542bf,-7.7425,110.3875,4,13
8082053c-4bf4-44c8-9ba8-ddefcae20128,-7.7475,110.3875,2,8
8087e256-e256-2ea9-3274-fa3129870fc9,-7.7575,110.3875,4,32
8096a633-5ad9-4665-98d4-a1c6154f770d,-7.7625,110.4225,336,1416
80e0cdcb-106a-4a07-8875-682d513fb88b,-7.7425,110.3725,2,7
80ea01f1-78ce-4bc3-a8c2-4f300008db4f,-7.7475,110.3525,118,1097
80f8be66-6b8a-47e9-9520-d2c89675450f,-7.7525,110.3625,2,39
81083e67-0b0a-4bbf-ac39-01d57a1e553e,-7.7525,110.4225,577,1801
810fbbf4-29be-4829-a275-c48d7cbae5ab,-7.7575,110.3975,5,93
81485fff-7462-4579-ad39-98be283324af,-7.7525,110.4025,388,3582
81641633-802c-4beb-b23c-c1ec3289d1b7,-7.7525,110.3675,3,9
816d06ea-9bec-435f-bd16-71b582abc891,-7.7575,110.3825,3,24
816e808b-9a30-4cbf-b998-1073702ff6dd,-7.7675,110.3775,1,20
8178bbe5-bbe5-b28e-ba7b-6a4865fb28ae,-7.7675,110.4125,4,51
817f08a6-2e60-40e8-aefd-1318d48fbda5,-7.7625,110.3925,10,47
8186de0b-a0ce-433e-bd96-8d3f47bcf0de,-7.7475,110.3475,64,64
818772d2-d66d-4c65-8c51-68b0f6f507ae,-7.7575,110.3725,27,101
818ce0d9-e1bb-4fdd-82f5-7a34f35d8bef,-7.7625,110.4125,5,13
819879b8-e85f-4e81-b0b4-bad7f79bffea,-7.7625,110.3625,1,10
819a7f62-5e59-420a-8739-86b1f494c696,-7.7525,110.3625,44,1010
819bfccd-fccd-e66f-25d4-8482ff98fbfa,-7.7575,110.3625,90,223
81b2a8ae-a8ae-d0cf-1152-377282bb990f,-7.7475,110.3725,24,116
81b477d3-77d3-4652-f0b0-cdc70a80a8a1,-7.7475,110.3575,9,69
81b95999-4bdc-41a9-abf4-7b949ad8ddcb,-7.7675,110.4025,198,724
81bae0d8-b225-4188-ba1c-c41c670dc068,-7.7425,110.3675,19,50
81d75d05-25cc-4a61-b0e3-4429f179d3c3,-7.7625,110.4125,1,39
81de0a77-8c6c-4131-955c-c76fffb1ae61,-7.7525,110.4075,154,828
81eb4085-4085-541b-995b-b5988173000a,-7.7625,110.3975,8,47
81ffefc5-3f94-408a-b2a0-c7bf89599f35,-7.7625,110.3975,15,114
82062e57-bf29-420e-8af2-1facda9510e9,-7.7475,110.3725,1,11
8208d9a0-4160-43d6-9fa3-3fee1b828127,-7.7525,110.3725,5,72
8234a7c3-a7c3-ce10-04b3-a3f2e3b8bb52,-7.7425,110.3775,129,838
823e5770-7170-4e3b-8bb3-4e95e4b68a82,-7.7475,110.4125,16,108
825a17d4-6d9d-4946-88d3-d0400ea52dc6,-7.7675,110.4025,16,23
826720b9-20b9-e9ee-578b-66dcaa084230,-7.7575,110.3825,5,30
82cf7686-0a16-472c-8769-775ddb4461be,-7.7575,110.3925,2,8
82d6864a-a538-4c2e-b3d5-c5d70b4752d3,-7.7475,110.3875,6,75
82dbafcc-f66b-4c49-231a-1cb305be5331,-7.7625,110.4025,17,57
82e4c693-5702-482d-a63f-a69f87767d5e,-7.7525,110.3825,5,58
82ef7ebc-2ef7-4315-ac23-01701a1009a5,-7.7625,110.3625,1,6
82fd9ced-ded1-4677-b929-7627d382dcf1,-7.7625,110.4075,2,508
8305e9ec-e9ec-8754-febd-a94238407e9e,-7.7525,110.3825,1,2
831a9d61-9d61-798b-afab-e876e4e8b36b,-7.7575,110.4125,74,374
833663a8-85b9-4020-8058-f6d331d54b00,-7.7625,110.3975,4,8
833b7f11-4143-4e58-8e47-e43f7db234e3,-7.7575,110.3825,1,1
834e0457-ea94-4ebb-bbc7-6cb69ae4ef06,-7.7525,110.3475,2,14
83765996-2fa1-4e6f-bcae-1ba1662843e6,-7.7475,110.3825,3,23
838386cf-9abb-43ac-a839-0c0037fa3ca7,-7.7475,110.3625,7,160
83b41218-93f7-444d-9e7d-0833fd8f128f,-7.7575,110.3975,56,203
83b91c3f-1c3f-c350-b15d-0a41fe60d85c,-7.7475,110.3825,53,600
83c163f2-28c4-474b-b133-d94f7e0091cb,-7.7625,110.4125,78,843
83c891c9-91c9-fa3d-f618-0578ae209604,-7.7475,110.3675,65,284
83cc6932-d831-44e2-b8ac-9f88eee39546,-7.7575,110.3975,3,8
83ced02b-d675-4f26-896f-38bd7b8cfa84,-7.7625,110.4325,1,19
83e23126-3126-8dc5-40a0-2ab29bd8960d,-7.7475,110.3925,3,28
83e8ad18-ad18-54f7-88c8-d93cdb4eeb1c,-7.7625,110.3975,16,199
83eaf2d3-f2d3-05be-c68f-2c958d43ded9,-7.7575,110.3825,2,7
83eaf548-f548-9825-9dad-ea540b9748a7,-7.7475,110.3725,1,13
83f8e377-e377-ece4-5c88-56b233d18ec9,-7.7575,110.3925,2,21
840ea8ae-a8ae-4660-36aa-fa1b624dabb3,-7.7525,110.3975,88,879
8424106c-bd23-40b6-aade-90b2d7e36967,-7.7525,110.3725,4,20
84418afe-8afe-001b-d86b-95dc33ab98c1,-7.7425,110.3875,1,13
84556392-c609-4888-b89b-89d4b346e9c3,-7.7675,110.3625,2,96
847ffee5-d814-4c8f-8b3f-07d19cc9f5ca,-7.7575,110.3875,8,21
84e2f330-f330-fec4-4a25-e3ebe2034fa1,-7.7475,110.3875,5,12
84ecb99f-2fad-409f-870d-19e0630c79a1,-7.7675,110.4225,904,3219
84f9bcc9-bcc9-8c60-3585-03e7bf7a6568,-7.7575,110.3975,2,18
8505d6d4-d6d4-4f59-3772-2055af435da6,-7.7675,110.4075,275,1782
8508b2aa-b2aa-c2bc-d1c4-e6a20c17f5ad,-7.7575,110.3775,2,3
85102caa-e475-443a-9124-0e8aecf65bf5,-7.7625,110.4325,1,21
8516b4c0-d7df-4f73-ad5a-f21039f32d0c,-7.7575,110.3975,280,345
85496bc2-69bf-4b2f-b190-45d7dd476d81,-7.7575,110.3825,20,61
85732b66-ea16-45ee-a875-af03fc546768,-7.7525,110.3725,39,102
858850bd-50bd-83ec-68e6-ab44df8f1328,-7.7625,110.3675,2,9
85916c15-6388-494a-a686-6c7844f905b2,-7.7475,110.3625,1,28
8599021a-73bf-4994-8b85-52dd3841909e,-7.7675,110.3775,11,45
85ac8a26-8421-4fbd-b417-465d4062c8d1,-7.7475,110.3775,4,39
85c4ed61-e80c-4995-9725-3c29da92bba1,-7.7475,110.3625,69,146
85ce35e3-35e3-61bd-c6f6-f7f716a6a7ae,-7.7575,110.4025,1,100
85dd7e5a-5333-420a-aab5-36f3a0f07dcb,-7.7675,110.4125,22,71
85de84db-637a-4064-b946-48287d17549a,-7.7675,110.4325,2,11
85e4a8a6-cf2b-492a-860a-c50840e1fc96,-7.7575,110.3875,3,3
85e8df1c-c7ea-4344-8871-dbe3312f81b8,-7.7425,110.3475,1,5
85f1daf1-2618-4255-a8bf-c558cdb69f51,-7.7675,110.4325,10,17
86170535-fbf6-45f2-b6a8-3c55d8c9aad8,-7.7475,110.3575,11,11
86318133-6d7d-4f73-88b3-d28958a5c7b7,-7.7575,110.3975,1,1
865481d1-81d1-4941-cb79-a467a0f7d5ed,-7.7575,110.3825,7,99
867067de-67de-847d-ce03-168a9393ed0d,-7.7425,110.3875,3,81
867cb797-dcb7-4883-8278-20da8e32b703,-7.7625,110.3825,1,52
8696e915-c5e2-46ad-937f-b89a112fc1a2,-7.7525,110.3575,13,19
86c40a3d-bbbe-43a9-a061-d4294932a800,-7.7475,110.3625,6,16
86cbca6f-f0f2-4f62-a945-b03bcb4746a2,-7.7575,110.3825,2,4
86cd4c38-4c38-f746-dd2e-bb9c8e04479c,-7.7575,110.3875,19,45
86d9fc0f-108f-4c78-b433-253d8381cce1,-7.7575,110.3925,3,15
86e64c1f-3a8d-461b-b143-972739746192,-7.7525,110.3625,1,52
86ec0c31-439f-435f-b4a3-9ee10aff124f,-7.7625,110.3925,2,76
8706c0f4-a985-4bf0-9c26-a9195c63e5f1,-7.7475,110.3625,2,28
870df76b-fbe7-4ef3-9877-ebdf278fac8e,-7.7575,110.3925,21,45
87183ade-23c1-4474-914b-e28daf7d3263,-7.7575,110.3875,18,55
8721779d-40b1-4fd5-8d64-8fe6b099b089,-7.7575,110.4325,27,211
87228bf1-8bf1-c1bf-951a-b90d4091d0b3,-7.7575,110.4025,10,206
87315e87-5e87-28fd-8ff0-c532b01636d1,-7.7625,110.3525,91,251
87437477-7477-5e58-9e91-b67fc640b431,-7.7525,110.3625,15,37
87481c07-a549-408e-8a0a-04dc46e9f99f,-7.7575,110.3775,307,1977
8754df36-80ca-4f06-ba06-96123f0f10c7,-7.7575,110.3875,5,13
87614a0c-e221-4d99-b53d-5128a8831c3f,-7.7625,110.3975,438,989
8761fe21-fe21-bc29-2dde-7dba65e1c2c8,-7.7475,110.3525,2,2
87691bd7-80a8-44a3-b9da-078853a17ccd,-7.7575,110.3875,2,97
87860fae-0fae-61cd-a717-87b2491d80e6,-7.7625,110.3725,4,305
879a9ce5-3996-44d3-805f-e1983fa20a89,-7.7525,110.4075,394,474
87a5fc96-fc96-7425-3869-f4764cd1f54f,-7.7675,110.3925,1,18
87e0f0bc-c2ae-4ff8-adf1-bf752457fb58,-7.7675,110.4125,1,7
87e29e7f-9e7f-b82c-b843-1945504162df,-7.7525,110.3725,12,55
88010351-72ca-4b04-8edd-00f38c46f3f6,-7.7475,110.3675,19,216
881ba678-9c63-491c-b8d6-ef024a9cbbb7,-7.7575,110.3975,6,22
883368fa-5e21-4900-9eff-6dddaaacc0b4,-7.7475,110.3725,63,430
883e4986-0fe3-43ab-a4a4-12e7359cfbe0,-7.7475,110.3625,74,86
883f175e-175e-5709-1982-823061f67a77,-7.7475,110.3775,38,159
8847cb5e-fc1d-48a6-a3e6-1eaf29364a2e,-7.7475,110.3975,134,780
8864fab4-fab4-b24a-ac8e-28bfda5cffce,-7.7575,110.3975,2,11
8878c6c4-c6c4-6184-a500-777a8b61f754,-7.7625,110.3725,26,72
88797c29-8d06-4493-bcd6-d7d1311c8319,-7.7425,110.3925,1,18
887f8669-8669-8b5d-c251-c8e7aefdde3f,-7.7575,110.4275,2,125
8881251a-3c0b-4ee8-9989-5294dd2f184e,-7.7525,110.3625,42,114
888c68a2-bf6d-49a7-9d82-545045e2b9d3,-7.7525,110.4225,1,37
88acabc7-4eeb-491a-1420-b56c181707d7,-7.7425,110.4175,3,11
88b80e70-0e70-685d-8141-27fb2dcb6f4e,-7.7475,110.4175,181,535
88e343d0-43d0-ebbb-e847-692fe47885e8,-7.7425,110.4125,115,546
88fe0a4f-888c-4d56-8642-1c70854cd2c0,-7.7625,110.3625,16,18
890ebad6-8b2b-476c-87f2-bce45e040c9c,-7.7475,110.3625,98,448
892ed7c9-d7c9-f25e-d0cb-1ea557fd64be,-7.7475,110.3775,11,53
89367485-7f93-4889-a62f-2bf3c45b262c,-7.7675,110.3925,18,36
89462552-9d88-4962-adb2-06012f799e09,-7.7575,110.4325,2,2
89731fff-dbb8-48fb-83e6-6fae29f4b6bb,-7.7675,110.3625,3,320
8976c82b-c82b-c8f8-5ece-43d504193453,-7.7475,110.3925,9,119
897d4e09-a880-4410-8d62-92e86fa9f925,-7.7525,110.3725,2,3
899b3114-4711-4739-96a8-a8dfa5a3bf38,-7.7575,110.4125,1,597
89a322bf-22bf-2cf1-3ec9-fd74d7ebe9cb,-7.7575,110.3975,9,33
89a57db1-62be-4b47-b307-33b7e4bf9704,-7.7675,110.3425,1,4
89a8f76d-6030-48dd-9f30-cf1515886842,-7.7625,110.4325,1,8
89d486c7-05d3-430f-a402-b8a5a62f9a9a,-7.7575,110.3925,239,1025
89fd0e7e-0e7e-b785-cf76-863fdf5e54d3,-7.7525,110.4225,5,64
8a101c88-601a-4d21-ba1b-6b400cb9a32c,-7.7575,110.4025,1,200
8a11ea1e-0640-47a7-9745-773bd5da431a,-7.7675,110.4025,246,732
8a19ff1d-ff1d-5507-24b8-83e8dbdbea5f,-7.7425,110.3875,9,132
8a3522af-439b-4a59-8e93-95d9e147928d,-7.7675,110.4075,207,1451
8a3b5669-5669-959c-7918-42fcbb3e1f5c,-7.7625,110.4175,3,6
8a6b4548-4548-60fe-d98b-635e83d72e95,-7.7675,110.3775,8,147
8ac146dc-46dc-384d-26c2-3a0ff252f503,-7.7675,110.4225,14,187
8ad2f8e5-91c5-42cb-b257-fdb516d5bb88,-7.7625,110.4225,15,290
8adb6166-f8aa-49f4-8914-2dc8d9628608,-7.7575,110.3975,8,59
8adec189-31c2-4b4d-b611-73558a2d626f,-7.7475,110.3775,7,14
8b06ecf7-d961-4708-801f-088d616ced44,-7.7575,110.3925,36,109
8b0d0af6-0af6-39eb-c3ad-e817eb5f32ef,-7.7575,110.3975,21,68
8b528ba9-8ba9-e820-e6a3-26cada546644,-7.7625,110.4275,45,280
8b64610e-610e-861e-4cc3-d3f02fbb9479,-7.7475,110.3925,160,837
8b721c79-03a0-4597-8f13-1748e0c38555,-7.7575,110.3875,56,124
8b8c2085-2085-3117-153a-d5b29631644d,-7.7525,110.4025,331,3374
8baa7527-e677-4397-b108-90c53e3d61fd,-7.7575,110.3975,15,23
8baf8a9b-069e-4dbc-9597-277347a3f2db,-7.7525,110.3675,1,17
8bb957d2-57d2-3bc2-fc96-cb887e3f7350,-7.7475,110.3725,1,49
8bdff734-3085-4504-9d49-7f5491e9c750,-7.7675,110.4075,287,1465
8bf16e39-5269-45c2-abec-637015abf4c1,-7.7625,110.3975,62,157
8c103622-f65d-4340-ab8d-654c3739e493,-7.7625,110.4225,3,217
8c19378f-378f-c033-7a4a-5f69e6e1074b,-7.7625,110.4125,2,247
8c1da824-70ec-4905-9945-6b37521f2d5e,-7.7675,110.4025,169,1206
8c2a2110-2110-7a42-2255-e47cc774b830,-7.7525,110.3625,2,30
8c6fafc4-afc4-2eb5-77f8-5432654d7197,-7.7625,110.4325,13,67
8c747b7b-f985-4a80-94ff-bae1d7d16ae0,-7.7675,110.3925,5,16
8ca5f673-f673-02a7-a7c8-b2a3428f391e,-7.7475,110.4125,12,51
8cb46b2c-6b2c-25a6-bd0f-d87ddabb64c4,-7.7475,110.3675,115,559
8cc103b3-67ae-4016-a17b-782fa7f5145d,-7.7575,110.4025,7,24
8cc9ca85-4fdf-4fc5-8f1e-f94b868f1420,-7.7575,110.3725,43,287
8cdb146f-3054-45b0-bf7d-8938413139c2,-7.7625,110.3625,18,498
8cead153-c89e-43e8-994b-262813fa512d,-7.7625,110.3975,274,1518
8d196a44-6a44-04b2-6d43-7d34c2912bc2,-7.7625,110.3775,2,65
8d2b5900-7440-494a-b0a8-165db1fd34db,-7.7625,110.4275,1,1
8d347299-f8cb-4a07-a9f8-e9538c9a2756,-7.7575,110.3975,12,42
8d467d25-567c-4cf7-b81b-c31ca8e240f0,-7.7525,110.3725,6,104
8d5d3a2c-6363-49b1-a527-0234c01c22a0,-7.7575,110.3725,68,494
8d76fa4d-fa4d-3203-bf2c-6a719317bd3b,-7.7675,110.4225,79,368
8dbae67c-f3c5-4f22-b800-7f6787a5a8be,-7.7425,110.3725,20,40
8dc0fe65-add9-4e28-8443-ad60cec4b7a2,-7.7575,110.3875,228,826
8df12e20-0713-429b-b032-8d750c1efb10,-7.7625,110.3725,30,407
8df8a7f2-a7f2-786e-6009-e446c48f380e,-7.7625,110.3975,11,35
8e0b1dbd-5d14-46e7-b5fe-888842666545,-7.7525,110.3875,9,21
8e129a15-9a15-4d4b-0242-62b64e777b6a,-7.7625,110.3925,1,32
8e41ca92-147f-4d9c-8e4c-7b3b82c215ef,-7.7425,110.3625,348,1191
8e48adfe-8838-4370-b044-d6e1f3201aa9,-7.7625,110.3925,1,66
8e5924bb-24bb-15be-da8a-7d8bf60688cf,-7.7475,110.3825,111,719
8e6bacc2-27a2-41d4-b144-ebd29bc48777,-7.7625,110.3475,1,34
8ed01ca9-a241-499b-8f35-0acb8fb3e9e4,-7.7575,110.3975,2,9
8ee621a6-21a6-fa76-670c-fe1eb805c99f,-7.7475,110.3825,29,206
8f10d032-fd18-4188-831e-cb297060a967,-7.7625,110.3975,10,33
8f136dca-c658-43be-b43f-ea095fc7ffed,-7.7675,110.3475,9,30
8f20a2bc-68cd-4110-9698-a2c6de8324cc,-7.7675,110.3475,79,174
8f3f64ef-c464-4b92-a4f5-4c8e4caddac6,-7.7475,110.3625,1,10
8f515667-5667-6c06-90e2-87cbc9d21d99,-7.7575,110.4275,45,168
8f6b4e84-4e84-c00d-db1f-7a59c1989042,-7.7475,110.3575,81,369
8f9371c7-71c7-d88f-2e3d-875397812498,-7.7525,110.4075,43,105
8fe8a9a3-a9a3-dc01-7c44-a4525df70a59,-7.7675,110.3925,2,19
9003d191-ae02-43f3-a91d-4b59dc965ef6,-7.7425,110.3525,7,38
9010151b-151b-7f9f-86aa-0d6f961dcb34,-7.7675,110.4225,7,164
902d20f7-20f7-5628-0444-dd92439993cf,-7.7625,110.4225,1,5
904557b4-4056-4952-92e6-08cd1942533a,-7.7575,110.3725,430,1415
9077bf5f-bf5f-e60e-ac73-ef47ecca292a,-7.7625,110.3925,5,41
90a1ce65-7fbd-4c33-a018-7a4759c2c32c,-7.7525,110.4225,364,1862
90aa9426-3f3b-49d8-be71-d9f82aef1940,-7.7525,110.4025,52,919
90ad8a4e-ee3b-48f8-bb16-7bfdcbe49cae,-7.7475,110.3425,4,60
90d9ca6b-e981-4565-ab75-f1dd7e1d8055,-7.7625,110.4225,7,9
90e407cd-b5a5-4086-b8ea-da7cebe33ebc,-7.7675,110.4325,3,3
90e5b9db-d2a3-470f-bcb4-47d021d78cfc,-7.7475,110.3525,1,2
90ebba84-02f5-43d6-8d9b-e29403ea4bf6,-7.7525,110.4075,220,1113
9110cc18-37fa-4a01-a3f9-9362a86b89a2,-7.7625,110.3975,27,57
911ccf26-cf26-e333-6fa3-6c33eced75de,-7.7425,110.3925,10,47
9147c07a-e7e0-4fcd-b117-d2315f18c9ff,-7.7525,110.3825,8,47
914b1486-4b3b-42d9-9714-d25cda4411cb,-7.7575,110.3975,83,189
915b361d-fe8a-4378-854a-d1e9d929fbb4,-7.7625,110.3975,10,26
9160593a-593a-3491-e245-98f12f5521ac,-7.7575,110.4025,6,58
916ea21f-2b40-4f64-b3f2-dcf32e47e38e,-7.7675,110.4325,6,20
91a902df-16af-4772-8e03-b2c3008faa26,-7.7575,110.3675,2,37
91af1068-1068-5405-2624-0e50b328b864,-7.7625,110.3875,5,23
91b710fb-b0f8-499c-811e-87852e0dca11,-7.7675,110.4325,4,110
91c65744-5744-3338-4765-b6ed11ed8b54,-7.7525,110.4225,168,886
91e1fff2-fff2-7983-fcf4-5afc8806c840,-7.7625,110.3975,10,64
922b8989-8989-798e-ae0d-01eee19e9c0c,-7.7475,110.3675,4,54
92328da3-602e-4705-a001-694cb0424039,-7.7575,110.3975,1,9
9238532b-532b-75d6-c8cb-9ff1fd4e12d2,-7.7675,110.3675,4,62
924a109c-109c-728e-a697-69b2e1ddee7b,-7.7575,110.3725,3,45
9273c8d7-f2db-455a-a691-f1927941e014,-7.7425,110.3525,2,5
928d36f9-fc84-4949-90a3-4b76bd4bbb46,-7.7625,110.3975,15,40
928de5d2-8057-43ff-8664-6045934961d4,-7.7625,110.4025,39,290
92a0308c-05a7-47e3-8e49-f88f03c5045f,-7.7625,110.4225,10,21
92a5301c-fd1e-4593-9cd9-fe53e027f363,-7.7625,110.3975,384,1811
92ae5a3d-1466-4d85-b9b1-964707cd0695,-7.7575,110.3625,60,186
92d283a4-83a4-a68f-8541-5f358ac66002,-7.7625,110.3975,2,21
92dc3b84-3b84-7ca3-2b59-cd122fc61b55,-7.7625,110.4125,2,2
92f447fb-6d48-415f-b41f-e9d124d34e26,-7.7525,110.3725,1,3
92fb3b04-3b04-5f83-23c2-17f11619b04c,-7.7525,110.3975,6,18
930bcb30-cb30-9f1f-98a5-fa1af13b3207,-7.7575,110.3875,10,67
931d7a27-eedf-4832-b690-5bbac28bd26e,-7.7475,110.4025,76,265
935e11ee-3513-4149-b253-e50d8c65bba4,-7.7625,110.4325,1,63
937da327-a327-5889-7f41-0b090846f69f,-7.7525,110.3725,53,553
93cdccbf-ccbf-af12-1cc9-59d2ce007a50,-7.7575,110.3975,15,58
93d0861e-861e-e96e-12d2-128437f4a8b3,-7.7625,110.4075,98,166
93dbd0e7-10ff-4f8e-9ce0-8ff603b84664,-7.7575,110.3925,1,11
93e85b70-632d-401b-b17f-8b488b0de436,-7.7575,110.4125,1,1
93eca002-5a3c-43f1-a22c-7e2f0e1497d6,-7.7475,110.3475,10,14
93f0019a-1bd9-447d-95bb-4560c3e3c0d7,-7.7475,110.3775,290,1295
93f336f6-36f6-1cae-0427-0c247b47d428,-7.7625,110.4075,5,9
94066676-699a-45c7-ab2f-89a26077926e,-7.7625,110.3975,49,967
940a033c-057f-4e2e-a505-0d15428be906,-7.7575,110.3975,2,67
94134556-4556-cc0c-68b7-4b7c0917969c,-7.7425,110.3775,3,24
9417c479-1d7e-47d4-ae52-2057d050b285,-7.7525,110.3825,3,42
94246cb3-6cb3-533e-43af-8afbc9a90b87,-7.7575,110.3825,6,33
945b55c1-55c1-57c3-83fb-1e56303a9018,-7.7525,110.3825,8,33
945f0a29-5eba-41d6-a09c-37cdeb951d5e,-7.7575,110.3975,2,2
947a82fe-8f64-4cce-ab23-33dec7375c66,-7.7575,110.3825,4,8
947d4855-0463-4b73-8739-fb327a8e908a,-7.7475,110.3625,1,1
9484b54d-b3ab-4e6e-8282-42e9dfcf87f3,-7.7625,110.3725,70,284
94a55106-8eba-47d2-961d-e42ef0da718b,-7.7475,110.3525,2,24
94a85c20-5c20-401c-f826-15750bf1bcd3,-7.7575,110.3975,10,50
94a9b4a3-706f-486e-9212-e77f1108c1e0,-7.7575,110.3975,14,89
94aee2c5-ab7f-4ce7-a406-b2fd17200422,-7.7475,110.3625,91,489
94b3d055-a576-412f-196e-311457eb1607,-7.7525,110.3925,22,179
94cc5e49-5e49-b8e0-e7f9-c91dd009594c,-7.7475,110.3525,7,34
94d06f17-6f17-86b7-f9c7-637177d0a2be,-7.7475,110.3625,8,121
94dddf52-df52-fb49-4499-a2c54957a1e3,-7.7525,110.3825,2,2
95115956-5956-2aef-6061-c8f6d7892ce4,-7.7525,110.4225,93,482
95135dd5-e0c6-4d8b-a309-45940499c7f6,-7.7525,110.3875,69,872
9515ff2e-e7c5-4ebe-88c8-edfedf767e5e,-7.7475,110.3525,5,65
952323c4-23c4-ba72-7fe5-186d0df49e30,-7.7575,110.4025,102,734
952d4aef-09c4-4871-b902-842d2d2879bf,-7.7425,110.3625,10,204
95428a22-b3e9-427a-9083-d321e05e75f0,-7.7525,110.3625,2,8
95445210-4d1f-4afa-a0db-5ac26b9d3e23,-7.7575,110.3875,69,324
954d31b4-31b4-81bc-300b-2405d9574195,-7.7575,110.3875,183,792
954ea208-aa9c-42d7-b9cc-9b2d8c5239d0,-7.7675,110.4025,11,103
954ec7c2-c7c2-c871-43ca-de6cfdb5048b,-7.7475,110.4275,40,221
956c4b98-9821-4138-ac64-4e2dacb948ec,-7.7575,110.3825,1,7
956cee48-82ff-4223-9015-c95f6205b881,-7.7475,110.3825,203,1261
9594d965-d965-df0e-ee5c-46d0d7a83959,-7.7625,110.4175,1,2
95e6156d-9402-4ade-b152-7230bfcf21f5,-7.7525,110.3425,13,100
960ed9d1-d9d1-7201-25e9-d9b08397363d,-7.7475,110.3475,158,586
9612daf8-daf8-cd02-52dd-1dda2ab5bfd1,-7.7575,110.4025,12,12
9621e523-70c4-4dae-9ac1-6f946d2e5a6c,-7.7575,110.3725,345,1007
96277034-7034-adcc-2a41-0d8243541325,-7.7575,110.3925,8,13
96474c70-3dd0-472c-ba15-e68bf81eaa77,-7.7475,110.3575,110,632
964f9de0-3bc0-47b0-b449-b1de22fdcff2,-7.7575,110.3975,21,21
96b53bb2-085c-4411-8d0e-879877d4a419,-7.7425,110.3775,5,18
96c4bb4f-c924-4e17-9e9c-9194a787cd86,-7.7475,110.3725,1,94
96d4d2d5-18d0-4504-a580-24d8420b9535,-7.7575,110.3925,49,208
96de13f8-dc40-45ae-8070-9995b65fc661,-7.7475,110.4225,11,47
97207063-4028-46b3-b4ef-ae35f6db51f4,-7.7575,110.3875,19,78
974fc632-8ff2-4844-8870-6df04fb4d1e2,-7.7575,110.3975,10,14
976ecfdd-dd38-4c5d-9b9e-94f07d542748,-7.7625,110.3825,1,4
9799ac89-7fa3-45e8-805a-bad954db9a2d,-7.7675,110.4125,4,11
97a0f02f-bf0f-4dce-a647-fcfe1162a654,-7.7575,110.3775,359,1555
97b35c2d-e6b6-4ea1-a48b-374f25f22b25,-7.7525,110.4025,8,13
97c2aa4a-aa4a-682a-8fde-aa580d9060d7,-7.7675,110.4325,6,40
97c8d6ab-d6ab-5943-3c5e-907f34bc4ad4,-7.7625,110.3975,8,17
97d39e19-6702-4e00-8433-449d4eacc32f,-7.7525,110.3725,1,3
97dea61b-4181-402c-bdb3-3f3fe222e7f9,-7.7425,110.3675,6,37
97f7e9f6-e9f6-1f4a-5524-146cec78d0ea,-7.7575,110.3925,11,19
9803637d-ad6b-41a8-bc3a-2664414ea111,-7.7625,110.3825,16661,86463
980b9323-4953-420a-8b2c-7bc91c32aacb,-7.7575,110.3725,341,1491
9810e4a5-e4a5-0a74-89b2-0710295ca069,-7.7525,110.3725,137,795
981eaa1c-aa1c-780e-d5ea-67d78674ae9d,-7.7575,110.3975,9,34
982e0a89-e39f-47fb-abd1-e3139b3e2e9e,-7.7475,110.3675,10,86
98333cff-fa0e-45d5-b382-b89c58102fc4,-7.7575,110.4025,1,19
983c9983-a7f3-486d-b7ae-a17b46a6c732,-7.7525,110.4275,15,20
986ed0f6-1653-406d-8811-e90f114f1b59,-7.7675,110.4075,24,388
987cbbcd-9106-4ddb-a1be-8b96e07071c3,-7.7525,110.3725,11,1024
98864da1-30fb-4837-b94a-5e7c54fc110a,-7.7625,110.4125,19,21
98912e0e-d029-41b2-ac4f-942f7326b1c6,-7.7625,110.3925,2,11
9893995b-ceed-4b51-ab8b-a2022257945a,-7.7575,110.3825,97,467
98c3acac-9f19-4d8d-82b8-624e10f6692c,-7.7425,110.3475,2,35
990adc10-dc10-d420-25d3-82c68eb2687c,-7.7525,110.4075,34,200
9914c89e-c89e-155a-cf26-bbede2a98d89,-7.7425,110.3875,200,1030
99273977-3977-4573-56ef-c4179f350037,-7.7575,110.4025,1,84
9939b4ce-b4ce-9293-e1fe-8a3daedfe625,-7.7575,110.3825,28,130
99425383-67cf-4048-b810-82545c80b4ca,-7.7525,110.4075,20,82
9947ad23-96e0-471d-8fcc-d6803137e557,-7.7625,110.3925,4,27
994b414c-6378-4762-a5f8-0860ee1c58b5,-7.7475,110.3725,1,4
994dd632-a0e5-4efa-981e-4f8ae2a99680,-7.7675,110.3675,18,54
996567d9-aba7-4d41-ab44-39474035f739,-7.7625,110.4225,8,8
9985aeed-2103-4660-b424-c8f2e9cae833,-7.7475,110.4175,2,12
998fad62-5373-4231-9858-d87d9f677574,-7.7525,110.3775,1,10
9999cdde-e257-447b-9d34-3468a0b204eb,-7.7625,110.3875,58,278
99bbe505-16d8-443f-9b30-bedc485ab44e,-7.7525,110.3725,16,79
99bee659-e659-d2ae-4923-5083bf5a718d,-7.7625,110.4025,16,36
99c755e9-5755-49cd-a419-f0483608897e,-7.7425,110.4125,39,144
99ece104-aa97-45cd-846b-175513647cbe,-7.7625,110.3975,110,264
99fcddb7-ddb7-2d82-204c-e91ba5570216,-7.7475,110.3825,9,66
9a2ac25e-904b-456f-8295-212638b9efce,-7.7475,110.4175,3,83
9a31c65f-8863-4eaf-b89e-44e9f3e8d43f,-7.7575,110.4025,1,10
9a31d838-d838-a217-ec4b-d18622e1eb9b,-7.7625,110.4175,4,47
9a5f4be7-4be7-bf69-d4e8-65e377f03621,-7.7475,110.3425,29,286
9a80f8db-f8db-e383-70dd-ac5dbcde1bca,-7.7475,110.3775,168,692
9a97108d-3b79-4346-af99-82f99aab44a3,-7.7625,110.3975,6,142
9a98bb27-98f6-468c-8488-b26beef8f323,-7.7425,110.3925,1,100
9a9d7041-7041-50e4-9bac-68cb332349c5,-7.7625,110.4125,6,16
9aab2ed4-2ed4-c9ee-3b12-5a39d198c8ea,-7.7575,110.3825,34,47
9aaf6cd9-6cd9-d297-799f-d7e0269f1717,-7.7575,110.4125,103,614
9abecd97-0b23-4368-a6f7-0e15b57fd806,-7.7575,110.3925,4,14
9ad04f21-4f21-fadf-8641-592946598e12,-7.7475,110.3825,34,367
9ad8f56e-d9d3-45b6-a033-0630d98c859c,-7.7625,110.3975,16,51
9ae1e0a8-5b7c-4fb1-b27c-7e1938c2ec5a,-7.7425,110.4175,138,877
9b13a5a4-c44c-4142-ae2f-686abe09363f,-7.7575,110.3825,5,15
9b2bd8c0-d8c0-87e3-44e8-bc64dd024bc0,-7.7575,110.3975,10,32
9b59475a-475a-ce48-fbe4-f3879973aaef,-7.7475,110.4175,148,1060
9b6081e7-d641-4ce5-a076-db48cf0ca103,-7.7625,110.3975,6,14
9b81e720-12a6-4e5c-b834-9d7f0f887adb,-7.7425,110.4125,68,269
9bc2360f-19ed-4df2-9920-321edad1c421,-7.7625,110.3625,2,19
9bd99723-5046-499d-9940-98b7bd2c2e7d,-7.7625,110.3675,1,6
9be2b9d5-4cf4-4d88-9e31-55a0ce3750a5,-7.7525,110.3975,4,161
9bf8be9e-be9e-3c4b-666f-0db998b5b9cb,-7.7675,110.4225,186,1265
9bfa05a4-3774-4e3b-beb4-be1c918836d2,-7.7625,110.4125,9,17
9bfffe02-fe02-90a5-0297-46d3c2f253a8,-7.7625,110.4175,67,272
9c1bee50-4062-4ad1-93e2-c4b2df90dd32,-7.7625,110.4175,7,9
9c2b7bf5-7bf5-9402-605c-34bcdc99358f,-7.7475,110.3575,2,7
9c31d060-d060-2e00-1c69-62521aabca7c,-7.7625,110.3875,259,1295
9c418606-2df7-4bd1-bc4d-d73ba0d0ad1e,-7.7525,110.3725,29,99
9c450fb5-0fb5-f179-c26b-295a531d7b4c,-7.7425,110.4125,493,2139
9c53f89b-f89b-2e12-c6a1-3b4a57e64731,-7.7525,110.3725,1,22
9c9c28a1-8f1d-4073-83bb-0b0128ed22f8,-7.7525,110.3625,14,34
9ca431c3-31c3-933e-132e-101aee2b9e0a,-7.7575,110.4025,21,278
9ca9a52b-a52b-f57a-1495-607834d12e8a,-7.7625,110.4125,10,10
9cabc8c8-c8c8-0e68-bb46-ddfe9b1a9ada,-7.7575,110.3925,1,6
9cbca7fe-a7fe-d9d3-bab2-e2a4c37cfddf,-7.7525,110.3975,16,135
9ccf55d1-24eb-4629-1ce3-1569a88cb4d5,-7.7575,110.4025,38,199
9cf6a614-d585-4479-a297-6168200dcf32,-7.7625,110.3725,1,6
9d02545f-545f-c948-85fc-bebc957cc5d7,-7.7525,110.3425,387,1266
9d0edd25-2821-4d0f-9e5e-e78a8237396b,-7.7575,110.3925,74,151
9d287224-7224-2da7-757c-baa6268679a9,-7.7525,110.4225,110,435
9d297270-3227-44d0-a14e-57fef6f04fb3,-7.7625,110.3975,26,152
9d338111-8111-2486-54dd-de80544c881c,-7.7525,110.4025,12,55
9d377526-ee5d-4b5f-bfa2-3c43ea30ac36,-7.7475,110.3675,18,23
9d482b8e-703a-4a59-275a-a6432c2527e1,-7.7675,110.3925,1,9
9d747fc1-2628-461e-a4f6-7287dd4c95a7,-7.7625,110.3975,114,324
9d7c5dae-a41d-49f1-af23-d2a3bd30162c,-7.7575,110.3775,13,21
9d8bf990-1f30-444a-bc73-6eb610d1f457,-7.7525,110.3725,4,56
9dac14d0-14d0-1d56-aad3-45cdb18b2b41,-7.7525,110.3825,17,58
9db9d28b-d28b-0789-1705-ac5cdcf76111,-7.7575,110.3975,2,117
9dd760dc-3194-4201-a628-d2215e5649b5,-7.7425,110.3925,23,426
9dec8612-6a3a-426d-a91c-77e2c2fbfe81,-7.7525,110.3725,1,3
9e112620-43bc-45bc-b175-42d79c0e6d49,-7.7625,110.3975,30,122
9e1af842-f842-29f8-f880-e74416883836,-7.7625,110.3725,14,19
9e264d68-4953-4f40-aad3-4c31e6e98cb0,-7.7625,110.3975,12,30
9e38b677-e818-4446-b068-c20bf6a67af9,-7.7575,110.3925,398,554
9e39ff47-ff47-f869-a1b2-d9529bef1eaa,-7.7625,110.4125,4,29
9e86e5d7-e5d7-f2ea-6faf-eaa0248e60c6,-7.7575,110.3875,6,11
9e8bff67-ff67-35a2-e63c-3cd03dee95eb,-7.7475,110.3525,34,199
9ea5195c-4f99-45d0-8f25-d9db6544cbb7,-7.7675,110.3625,5,44
9ea5abe0-cc3a-464c-b0a0-c29b9bafa990,-7.7525,110.4275,29,118
9ef1bc57-71a6-4cf8-bb33-d2957c66b14f,-7.7575,110.3975,2,16
9f192314-2314-672c-1654-b8458a5d38ef,-7.7625,110.4175,8,18
9f36e7a3-38d2-4fb6-a1ef-48aeb00f88e3,-7.7575,110.3975,2,7
9f3a8306-7664-458d-9927-9f87064d33a1,-7.7575,110.3975,14,30
9f50b6e1-ad63-427a-891d-1934a4cc9bf5,-7.7425,110.3575,213,938
9f54cbb4-cbb4-9ec2-8e3e-19547072a93b,-7.7475,110.3625,1,6
9f6b4477-c765-4363-9548-12acedb7e4be,-7.7525,110.3625,32,126
9f6f84e5-84e5-6fb5-1008-1c6e3a7af425,-7.7475,110.4125,7,11
9f704ff1-8270-48ab-b8f0-e5bf7149d058,-7.7625,110.3975,34,142
9f7b49f1-49f1-5b85-1c9d-128e630a887a,-7.7575,110.3675,36,41
9f829a7f-9a7f-7798-d4d0-7c6aaefea226,-7.7625,110.3975,21,61
9fa09f07-1c92-4296-94bd-b5dd1a4a8948,-7.7625,110.3975,3,57
9faa58b8-a18d-4444-a913-eb81e0376a35,-7.7625,110.4225,1,10
9fafd153-4c3b-4626-90e4-b5f478c4f872,-7.7625,110.3675,2,75
9fb03d47-3d47-8a9a-f899-ccbd00cb8a8c,-7.7675,110.4325,50,50
9fbde887-e887-9da6-417a-3102aa197435,-7.7525,110.3725,76,477
9fc4307c-307c-6fb0-fca7-06e46740a2a8,-7.7525,110.4225,137,143
9fede6b3-e6b3-b566-650f-29ccd6e320f0,-7.7675,110.4125,8,24
a0032d06-2d06-5205-b459-e72edf8089d6,-7.7575,110.3975,2,4
a0058b99-ff53-4d27-8343-424176140997,-7.7625,110.4225,3,396
a01971d0-b957-428a-924a-d47593662308,-7.7575,110.4025,4,7
a01d20ef-20ef-a84e-4d46-ec9755e3a3d0,-7.7625,110.3475,30,209
a02ec952-a1a9-4ca8-ad99-69e913393a71,-7.7475,110.3575,158,667
a0616adb-5ab1-4448-b8c0-e329d5eb1d7f,-7.7575,110.3875,1,8
a0692a3c-6b80-41d7-8d68-b568dbfc78c3,-7.7675,110.4325,52,76
a07f51f4-8386-40e6-a6d1-ef273e9ee430,-7.7525,110.3725,15,38
a080554a-2558-4335-8958-e743b63d003c,-7.7425,110.3825,3,17
a0885353-5353-c8a1-76ed-43d9376fe1ab,-7.7625,110.4225,9,9
a0b0d27e-879e-40b0-8da1-f3b540c24ccc,-7.7425,110.3575,14,245
a0c482d0-eec8-44f9-bf92-9287975fdee1,-7.7525,110.4025,1,3
a0c88f8c-8f8c-beac-b2f7-2774738bec71,-7.7475,110.3975,13,14
a0c9ae12-ae12-7310-4dd5-0285327441f2,-7.7475,110.3775,62,680
a0dcb7c4-4af3-45f1-1692-41b4099e0dc4,-7.7525,110.3825,4,4
a0e28dbc-9b82-4c72-af43-57c157c8bf5f,-7.7575,110.3675,1,10
a0ec684f-99e6-4353-95de-4b547dc97649,-7.7475,110.3675,289,867
a1527a64-eb1e-43fb-8574-e7d1e5f4a63a,-7.7575,110.3975,14,68
a15b8d37-8d37-3ed4-ed91-0d8c6fe6543f,-7.7525,110.3825,1,16
a15ff809-bb63-45af-8e85-cafc60abf077,-7.7625,110.4125,89,243
a16b906c-9a14-4151-be12-2a2a31068350,-7.7625,110.4225,116,191
a17fda53-da53-f118-ee3b-b478e8514066,-7.7625,110.3475,6,53
a19073cf-822b-4c13-be35-133ecd52be13,-7.7525,110.3725,39,182
a19177cf-8d6f-429f-95dc-dff953d80101,-7.7625,110.3925,66,603
a1bf7840-6747-4149-8ff0-fc250be74d43,-7.7575,110.3925,3,79
a1c5c42e-c42e-884d-d26d-3e9e14190047,-7.7625,110.4275,201,916
a20c4948-2582-460f-af81-39fec2783225,-7.7575,110.3625,160,707
a20efc47-3306-406c-a91d-4ae6d2d810dc,-7.7575,110.3875,47,132
a2362004-d4cc-46dc-1c3c-e21205d2e54a,-7.7625,110.4225,2,4
a2570b07-9ca9-411f-9376-67c501da7fa2,-7.7625,110.4075,1,283
a26ccee2-9644-45b0-1335-9c7930183e5f,-7.7475,110.3725,248,2693
a29105d5-97df-4341-85f2-ec49f52d134a,-7.7575,110.3825,12,66
a2965916-5916-fa7d-5a5b-6fd1a5a22166,-7.7475,110.3975,11,120
a2972bed-2bed-0136-1cf7-80217c346cc0,-7.7475,110.3625,2,10
a2b15bb6-6145-4357-2cd4-898f3db29bf4,-7.7525,110.4075,8,13
a2c99986-b2bd-4628-9744-c6ff33d2bc6c,-7.7625,110.3975,20,51
a2d006bd-06bd-6042-2335-3ccaef58593a,-7.7475,110.3625,15,40
a2e3525c-e25b-496c-bb4c-3f947d0efe2d,-7.7575,110.3825,46,99
a3156e22-9391-4012-9c23-2831c35d239a,-7.7525,110.4275,325,827
a317dcbb-e4c6-487e-8f17-00544d6c04b4,-7.7575,110.4025,50,738
a32ede36-f0a8-4cf7-acb2-51873323aa07,-7.7575,110.3875,5,13
a35c6fd9-6fd9-d196-251b-038ffca73fbe,-7.7475,110.3425,90,215
a3682f53-2f53-145a-92d3-f2a237de676f,-7.7575,110.3725,2,18
a368c05b-c05b-b32e-4c5a-3e05c7a39401,-7.7525,110.3725,32,102
a36ea4b5-8ee8-4f16-9d80-307e39a7aeba,-7.7525,110.4075,61,120
a371f48a-5c1a-4cde-beef-7558852d5bd9,-7.7525,110.3725,350,2144
a385080e-3ebf-4320-8c3c-476db0efec36,-7.7625,110.4125,1,3
a38b8a0a-8a0a-7105-3213-8ae1714803ad,-7.7475,110.4075,354,1691
a3c0205d-b2aa-4519-82d1-7aac24badb2d,-7.7425,110.3675,11,65
a3d7fa68-bea4-47b3-8c4b-d4998360e45a,-7.7675,110.3675,2,60
a3de7f03-7f03-231d-4e34-a2243ec6ec8d,-7.7425,110.3625,29,229
a3f60842-3cfc-4e9b-8557-ec112d667518,-7.7475,110.3425,197,441
a423f8d3-1a3a-4532-82fe-9af631cbe3f4,-7.7475,110.4125,78,416
a43a908c-5676-4aaf-9946-6bc61b45a9a9,-7.7625,110.4125,6,19
a45b4a4e-4cf0-4ecb-898d-83d716d52063,-7.7675,110.3975,370,1674
a46c7aa8-2cce-48fa-9a4f-dc595d2dde3b,-7.7625,110.4075,13,37
a4aa63fa-63fa-28d3-6379-e978799312f3,-7.7625,110.3975,16,132
a4b76412-6412-1541-39b7-116569b55133,-7.7525,110.3825,4,6
a4c686a6-86a6-81eb-5a03-a95c718bd431,-7.7475,110.3725,7,73
a4e14513-4513-0d21-a04b-96fd09d5fa33,-7.7625,110.3425,66,238
a501b3e5-b3e5-9ab9-8424-55c6db3a781f,-7.7625,110.3675,25,138
a50b0fc8-0fc8-1d30-d51a-19d07d6bba47,-7.7525,110.3975,42,220
a50f7e44-87f7-404a-bc09-ac8764a6a508,-7.7625,110.4125,2,2
a5205855-311b-4d9d-aab2-631551728d5a,-7.7575,110.3825,118,460
a5244d52-4d52-fcd8-4027-0cb619f87fbd,-7.7475,110.3975,40,280
a5292f32-2b47-46d2-9adc-fb751495132a,-7.7575,110.4025,10,61
a53b88e8-88e8-a8ac-f5ab-6eb0f17de244,-7.7625,110.3925,2,4
a5405bda-761b-4319-b9f1-61e1830d5024,-7.7525,110.4275,131,979
a568cceb-bda9-4641-968e-e81902213ca8,-7.7625,110.4225,3,13
a56a861d-a1c4-4434-a39e-3e6b918f5a53,-7.7575,110.3925,10,42
a574ff3a-ff3a-a7ae-48a2-ee644516080b,-7.7575,110.3675,154,974
a5819f1a-9f1a-1af8-3a9f-f170ccc6d8b9,-7.7475,110.3425,1,3
a59a8ca3-8ca3-5769-ad77-278f8bc92fe9,-7.7525,110.4275,86,461
a5ccca1a-ca1a-a197-160e-7657581e700d,-7.7625,110.4225,3,19
a5d55b09-5b09-c5de-f569-eaead053939d,-7.7575,110.3825,1,2
a5e85e9e-5e9e-cec2-c4a7-3d9939215f88,-7.7425,110.3725,5,47
a5f170d4-70d4-7b54-4ea8-1d5e8dcccde9,-7.7525,110.3625,47,126
a61d08f1-08f1-8948-44b7-4370ce1a4bf8,-7.7575,110.4325,88,598
a63b0c0e-0c0e-4b25-a488-5d8b5711289e,-7.7625,110.3925,183,528
a64203da-6ebd-47ae-85b2-0131b5e8b96d,-7.7575,110.4175,1,139
a6495ef2-dba4-4229-b9f5-47238ee4b6c9,-7.7625,110.3925,1,38
a662794d-29a1-4228-a45a-6f853b3268cc,-7.7575,110.3425,115,317
a669e996-e996-d028-a3ff-072b944cf44f,-7.7575,110.3975,7,43
a6751b69-8504-40f3-92e7-2b73d6d91ccf,-7.7575,110.3825,3,8
a680fb76-8557-4ba5-b457-458552d4af51,-7.7675,110.4325,22,65
a68673bc-73bc-23e0-55b0-d7db261ea903,-7.7575,110.3825,6,38
a6988b1e-8b1e-3bc0-3cdf-a9da9fc06a06,-7.7525,110.3825,3,49
a6a4c83f-bbe6-43ea-8219-2a5c75af1ca8,-7.7425,110.3875,454,1805
a6b45eb5-0458-4cd2-9da6-56122f0e0b28,-7.7625,110.4125,1,2
a6ca39ea-39ea-e340-ed00-4baa33e1b0b1,-7.7525,110.3525,92,566
a6d1e939-e939-d423-7c3c-75f5e02aa55b,-7.7425,110.3925,228,921
a702af59-8d18-4034-b61c-776acbbdd506,-7.7525,110.3625,14,115
a718434b-434b-af8d-5dda-e8f76e94d307,-7.7625,110.3825,10,87
a7218e3d-a0a5-4eca-b99e-2f2f7a236bae,-7.7625,110.3975,11,25
a7343492-3ed4-4f89-b8c1-4141f5ae1aac,-7.7625,110.3775,527,2443
a746fe03-530b-45d0-ae40-a5e4c1498dcd,-7.7525,110.3725,3,12
a74a70f2-bf1a-49b1-916f-44962229fd41,-7.7475,110.3475,172,800
a76412b4-12b4-b16f-95ee-9ef3b0b5383e,-7.7525,110.3675,2,66
a78502b1-02b1-5c4e-bf3d-ded66f48d850,-7.7475,110.3975,157,750
a788d714-d714-17a4-1644-6f4e86dc7d37,-7.7475,110.3475,240,772
a79cee76-ee76-dc73-cd98-c3552bd2c93e,-7.7525,110.3825,2,12
a7b35031-c89c-4482-b742-335ba7def0fe,-7.7625,110.3975,20,103
a7d81f5d-15e0-4aa7-8531-1d725865e50f,-7.7575,110.3975,35,104
a7dbb4e7-8f3a-42f7-859b-c4ca8ec77dc1,-7.7475,110.4175,2,17
a7fdd9f6-d9f6-8417-282f-eaa498a522f6,-7.7625,110.4125,9,126
a80315f6-58ae-4514-9662-7a8cc6a03b35,-7.7525,110.3775,685,2543
a806c289-7850-4257-a7e6-5a98f4c2a81f,-7.7575,110.3825,1,1
a809f2f1-f2f1-af2a-aaed-d7f97db08564,-7.7525,110.4225,34,127
a810a098-3477-4f4e-a3cd-7f0d5554353f,-7.7575,110.3925,1,7
a824b662-639e-4a64-8124-cf4b254a6ac7,-7.7575,110.3975,39,108
a83c84cb-84cb-dde9-0a5d-91973ca6bac7,-7.7625,110.3725,20,235
a858e292-a0c9-4155-1f15-15fdb4a792ec,-7.7625,110.4225,2,7
a878d836-e6ce-44fd-aef9-a7b3b1bd5161,-7.7625,110.3975,95,495
a89060e5-ba3f-4d25-9d7f-3ac993dff0a3,-7.7575,110.3475,3,56
a8bc6d3d-8761-4853-8d98-8e24c1275f97,-7.7525,110.3725,94,855
a8ff6a5c-26ad-4313-acf2-3f4fed04f50d,-7.7625,110.4125,5,153
a90326e1-2477-48d0-a66d-dea86f68b12e,-7.7575,110.3825,4,5
a91f28f4-28f4-ad4b-4053-356d28c6904c,-7.7625,110.4175,2,79
a92dcacd-fbf9-4da2-a5df-7005545da7e7,-7.7525,110.3725,2,10
a92e9de5-0ef3-48c0-a7d3-5aeacc934161,-7.7425,110.3675,1,298
a9516426-6426-41b4-2036-e4f679fc4bda,-7.7475,110.3425,4,215
a95cb8f8-b8f8-1c7e-23a7-ec867e71fd02,-7.7525,110.4075,74,296
a960bab5-86a6-4788-9de5-a6c8c871791d,-7.7475,110.3625,2,35
a974a23e-a23e-cf5a-fd88-0d225bfa8221,-7.7575,110.3425,100,325
a9807aef-89a8-4fb5-a417-8cffe38e0d18,-7.7475,110.4025,8,74
a9b8f29a-f29a-98a9-f0c1-b13b93e3ee66,-7.7575,110.4025,5,52
a9df20c8-20c8-261d-03b1-ba68e2c64310,-7.7675,110.4325,18,40
a9e47802-b3b5-4f5b-a545-f3b4e4e26cd0,-7.7475,110.3575,9,69
a9eb39d3-ee4c-4d5c-9d94-fc94ab872a5c,-7.7525,110.3725,7,8
a9f07270-7270-8997-0ad5-a6b58f9cc7fb,-7.7475,110.3825,47,267
a9fac3df-b79a-44bf-8eb7-5f5d4a8af70d,-7.7525,110.4175,3,32
aa243675-3675-48be-f3b1-e690fe8830dd,-7.7625,110.3775,1,4
aa2a3de7-b2e7-4b36-b46b-ab77fc7258cb,-7.7625,110.4175,6,27
aa4747ce-c294-4ef4-90b4-78cf5b008a5b,-7.7625,110.3975,10,26
aa59e3af-273b-40d8-8c1b-94a2fda5e837,-7.7525,110.4025,32,80
aa7eb344-b344-1aee-40da-045e7b760ced,-7.7525,110.3775,2,33
aa9282d9-82d9-853c-cb29-6215cb59e23e,-7.7575,110.3975,3,16
aaa0216f-a7a7-436b-bf80-822e225c6914,-7.7625,110.3975,6,13
aaa3fc03-2ffe-414e-83ee-34139f4b7aac,-7.7625,110.3725,108,220
aaa6fe5f-fe5f-157e-a856-68a056b64e74,-7.7625,110.4225,1,13
aaac7f2d-89bf-4920-be55-d394b81975d8,-7.7475,110.3725,15,45
aab7a3ea-4072-4918-866d-93ed26cc14e2,-7.7525,110.4075,16,72
aae739be-39be-63ee-41e5-7e77801abaf5,-7.7675,110.4225,9,115
ab0365d9-2e65-4178-b16b-04f28853931e,-7.7525,110.3625,1,14
ab0fcf1e-cf1e-4d7a-d81d-18ff052dcda0,-7.7425,110.3675,2,17
ab2e93aa-e710-42f9-83e2-022e52aaacb2,-7.7675,110.3625,9,16
ab7f1657-c593-4ddd-a8bc-df28b17fb04f,-7.7675,110.4125,12,33
ab818efd-8efd-7786-572a-f5278cd9ef5b,-7.7475,110.4175,401,2149
ab94e893-57de-4374-9837-ef75c595bbba,-7.7575,110.4125,7,15
aba8898e-898e-32e3-bb1e-6afa0ff8eedd,-7.7425,110.4325,131,886
abaa57bc-71cc-404a-9118-1766cd187f47,-7.7625,110.3425,345,1636
abba0865-9624-4532-87cc-bd98f5b97b7e,-7.7575,110.3975,10,39
abdbeb8d-eb8d-387a-af1b-39fa082aeada,-7.7575,110.4175,15,111
ac075893-5893-ed0e-c11b-02612d776e83,-7.7425,110.3725,31,157
ac446130-6130-3550-48aa-22ab12a4ed40,-7.7575,110.3625,615,2354
ac4a92d0-1e1c-4ce5-9a20-cf0e0c1bd047,-7.7525,110.3875,30,198
ac4ca726-95fe-44c3-9b68-e68da77fa2f9,-7.7475,110.3625,2,7
ac4d9452-fd53-446a-ad92-e7db231cc6ad,-7.7475,110.3975,390,886
ac4df6e6-128f-4379-afad-6b0fc6207eb5,-7.7475,110.3525,1,14
ac680284-0284-7a34-bf42-225d2b2f623c,-7.7575,110.3675,4,9
ac7926fb-caed-46d7-9554-662ce2e9bfd2,-7.7625,110.4325,1,22
ac96503b-7408-4682-9f14-b42d9f9ddfd8,-7.7675,110.3625,1,10
ac99156e-156e-461e-50fe-134c54af0400,-7.7675,110.3925,1,11
ac9ed78b-d84c-48ee-8749-3ae8d242d65e,-7.7425,110.4025,120,427
acb205a6-f7f8-44e7-a347-91ad037301f5,-7.7625,110.4125,6,305
acc1937a-8411-4725-b1ac-2dafdd3b97ce,-7.7425,110.3625,37,212
acc2b7a7-2d20-48d2-837e-f4fca5b0e468,-7.7475,110.3775,13,23
acd2a93b-5227-4645-9d5b-868c125defad,-7.7625,110.4125,14,64
acea9958-253a-40a8-b120-8eb1b002e5a9,-7.7575,110.3775,10,63
aced5b64-72db-44f4-8a7e-616c81235dad,-7.7675,110.4025,47,226
acf1fa12-8b49-426f-bceb-8250b6722903,-7.7425,110.3875,11,32
acfa20eb-20eb-810e-d3cd-59d6f9653a5a,-7.7475,110.3725,36,393
acfaa1f7-a1f7-7530-25f2-071a0f98632a,-7.7675,110.3475,10,26
ad0af039-8b13-48fa-95be-08bda429dda4,-7.7525,110.3975,1,33
ad19c9f5-c9f5-2c82-36d6-830261f15d53,-7.7625,110.3625,8,10
ad1cd483-d483-6ca8-02a7-cab6d526241c,-7.7525,110.3825,8,8
ad73d5d5-3889-40d7-8119-1f72cd071d34,-7.7625,110.3975,25,84
ad763048-727e-40a2-a3a5-6e1a58bf92ee,-7.7475,110.3625,786,3605
ad76abe4-5ab9-4f05-bd78-d7dda3b8cc64,-7.7475,110.3725,9,95
ad7dcef8-cef8-a4e6-13b7-f78d28a7701c,-7.7425,110.3675,1,4
ad911983-4f21-4f6b-80ee-569426a48d4c,-7.7675,110.3825,6,149
ada6f692-5582-4e1c-9ed9-d2113b2008e2,-7.7675,110.4325,23,78
ada85c07-fdc0-4a2d-869b-976376c0e50f,-7.7625,110.4175,7,18
adb950c1-7213-4c41-a448-406624ddbe40,-7.7525,110.3775,4,21
adbe5953-0496-4a15-b013-6aee71d7ad6c,-7.7625,110.3475,485,1456
adbf4e4c-af06-4a25-ac1f-1b5a8977a155,-7.7625,110.3425,337,975
adc5a757-bd48-4a6c-8eb1-3bc1c11783e6,-7.7675,110.4175,96,757
add6016c-e647-4e74-a67c-0fb33a4d028a,-7.7575,110.4075,341,3743
adddca15-5c19-4ec2-2bfc-66387e30a3bd,-7.7425,110.3575,11,64
adfa2c8a-3968-498c-b411-36e57cf997b5,-7.7475,110.3625,4,17
ae0cd759-eb25-4bdb-b053-d07d1dcd198d,-7.7525,110.3725,2,2
ae3d49c3-49bc-48a8-905c-2b1ec09f748b,-7.7575,110.3875,5,20
ae530e96-4c74-4667-a430-fd3a68646cc8,-7.7525,110.3625,1,1
ae59df21-df21-aa72-a0bd-72ac0d87ebc8,-7.7675,110.3775,3,49
ae7a1d7f-7aac-4e53-89e9-593c5524dfc1,-7.7625,110.4125,10,46
aea013f6-de6a-45fd-9961-e94f0184b361,-7.7675,110.4125,8,21
aea536b9-6775-45a8-a270-2741f1e81361,-7.7675,110.4325,8,24
aeaf5fd5-5fd5-b4b8-b884-cd46ab238e46,-7.7525,110.3725,59,207
aecfbbc1-037a-4972-a609-6e76df46fc8b,-7.7475,110.3875,4,15
aed03fbc-3fbc-c403-0244-1f4cee760d66,-7.7625,110.4175,122,385
aed05e3e-2850-4afe-9f3c-8f7c8e63de57,-7.7625,110.4125,24,27
aedb2ac0-644d-4622-b59f-1222474b110a,-7.7675,110.3825,47,138
aee001b4-01b4-a33a-c20b-a9dee29befba,-7.7475,110.3625,10,35
af05df6e-1db9-4423-a59d-c5d2f04fcfc4,-7.7575,110.3825,6,25
af254708-8cee-4071-b46e-440eb4204d32,-7.7475,110.3425,6,7
af369294-9294-7ffd-f422-2313d1bab516,-7.7575,110.3625,1,4
af547dd6-0764-4733-b567-73ef477f47bb,-7.7575,110.4125,8,71
af5d0446-0446-d534-e61c-8f31b453c9ae,-7.7675,110.4325,3,22
af7232a9-f8f9-4033-a8e3-40300564efc4,-7.7625,110.3975,106,359
af80f276-f276-345d-3d95-bc428283d581,-7.7575,110.4075,2,9
af85e9c4-e9c4-b996-88ed-c5eacb9e8b4c,-7.7675,110.4025,52,323
afcbe75c-e75c-d479-a16c-e14922622ab4,-7.7475,110.3825,3,33
afd09121-8f5d-48ec-afe2-905ec889c123,-7.7425,110.3875,23,68
afda85f2-58c1-4259-9ca3-0bf50e2e402a,-7.7625,110.4125,1,39
afe5ea6c-d117-4450-a8fb-5dbab7725b85,-7.7525,110.3725,8,80
affc90c9-e358-42e9-bc9c-5479cd4fb0db,-7.7625,110.3925,4,54
b01e1363-4a80-4ae7-ad05-b111c7fa8ef8,-7.7525,110.4075,24,63
b02a2ae4-d5a6-4c67-836a-59d42a81d2d1,-7.7575,110.3625,9,77
b0311ed7-cc66-4df3-8a5c-a9108dfe811c,-7.7575,110.3875,2,13
b03fdc3f-90ac-4c77-b9a2-1e42320a8be9,-7.7475,110.3625,2,14
b04ce5c5-97ef-453f-9dd7-91b2393cc60a,-7.7625,110.4175,1,1347
b050a6d2-0603-47bf-a220-2bb6e69d796d,-7.7575,110.3575,20,41
b05ec688-c688-ce06-75f2-5d193761a4a2,-7.7475,110.3875,165,446
b06403cf-03cf-0ecc-01e3-90d65ecf8d34,-7.7625,110.4225,43,103
b0770845-0845-f85b-c78f-61c18502b6a5,-7.7575,110.4025,48,1026
b09b3366-3366-e7bd-d739-d59a2449de2e,-7.7525,110.3625,6,23
b0c157ae-57ae-8393-9600-7f8c2803f167,-7.7525,110.3725,65,283
b0cefa81-fa81-a061-4e55-953660fc11a1,-7.7675,110.4125,80,452
b0d29a2a-f40b-4029-a5bb-a1d770763ed6,-7.7625,110.4125,2,44
b0f22f52-2f52-a74f-26e7-87e813b90025,-7.7675,110.4325,4,7
b100616f-d56e-4a8a-8ab6-b25d895fccf5,-7.7625,110.3775,3,10
b105e8ec-d6a6-4b96-92d7-372890fe7f37,-7.7525,110.3975,9,57
b106b9e5-1676-4f13-a079-cbbba499d97a,-7.7475,110.4175,15,56
b1080ae5-0ae5-89f8-f388-c64c339d261d,-7.7475,110.4125,10,42
b10db095-f543-4e26-b77c-d460eb5b7176,-7.7675,110.3575,55,99
b10eb5c9-c2a4-47b0-99b1-c5f3c6f298a4,-7.7425,110.4125,1,16
b12dc0fa-bc45-46e2-aed8-988807f7a3de,-7.7475,110.3625,6,78
b13a54a0-d9c4-4724-aca5-c4d2fae5576b,-7.7675,110.3425,64,95
b14a16fb-16fb-3181-c785-ca2e6fc3fafd,-7.7625,110.3975,3,19
b15f6ef9-6ef9-799c-d13d-1922262de0b1,-7.7625,110.4175,141,529
b164a176-adf1-4e2c-adb9-fca859497b1c,-7.7425,110.4125,61,161
b1679e1b-9e1b-57ab-9db2-3bfafce0a1cc,-7.7675,110.4075,3,10
b16a84c5-84c5-e624-2b77-5eb450b6efcb,-7.7575,110.3625,7,63
b1921cc0-1cc0-695d-30f3-64104ea39224,-7.7425,110.3575,2,30
b1991c4c-1c4c-cf13-c988-d54a5ab776ef,-7.7475,110.4075,510,1604
b1b06e6d-cb62-46a2-1646-d8e33f75bfc4,-7.7675,110.4025,35,133
b1c9c66e-aa94-44c4-a593-e90dafcf9ef8,-7.7575,110.4025,1,66
b1e96486-750c-422f-934e-bbebf825c315,-7.7525,110.3725,2,146
b1f1593c-593c-27c2-d2d4-a2f4a7a58940,-7.7575,110.3875,5,5
b20fa036-a036-2e36-071e-b552c850b5a6,-7.7675,110.4225,3,15
b21cf201-f201-a280-5d54-01546b2908d9,-7.7625,110.3625,13,122
b23c15ef-cbed-4076-966b-a6d573d30d31,-7.7675,110.4075,134,585
b23fc83f-c83f-3c30-1dc2-0d43cafb02f3,-7.7425,110.4075,2,55
b25170a5-bc5d-4fa8-bbb5-f3f226d30432,-7.7675,110.3625,28,29
b2736c98-6c98-4929-622d-9517bef5fe01,-7.7575,110.3875,14,33
b284bd85-bd85-e3f2-4b5c-bac5da944e11,-7.7475,110.3975,37,239
b29ab4f8-e9c0-4a9f-83f5-c2ee8f368b38,-7.7525,110.3675,161,1787
b2b8c22c-0d32-4116-9522-21e5088012e3,-7.7525,110.3625,12,21
b2c40bb4-0bb4-ee51-fca4-7de8c53d1c3d,-7.7625,110.3975,19,69
b2d1fe18-438d-4963-ade1-93168c7ff566,-7.7475,110.3725,10,113
b2f48bdd-8bdd-1a10-4cad-aa5f810385b2,-7.7475,110.3625,1,187
b2f9a15f-a15f-2cd2-e5fa-e3846df4cd40,-7.7625,110.3525,23,92
b313de74-de74-489f-4da5-4d31f8f2627a,-7.7525,110.3825,1,6
b33ed8b8-fa42-411f-bcef-965fe3e5a9fa,-7.7525,110.3725,4,133
b34022dc-22dc-3d79-4939-91a673d74bfb,-7.7425,110.3525,4,77
b3409987-9987-92f6-8fb9-01b095020b0e,-7.7625,110.3425,11,67
b34392be-7242-45ab-8ca7-74d7d26ba94c,-7.7575,110.4125,9,46
b376abd2-d79a-4d0e-bc16-9be9499d295a,-7.7575,110.3625,9,11
b3798710-8710-66ee-0685-99e32bbcc3f7,-7.7425,110.3875,45,565
b38f0311-0311-75d3-d1bd-520dbd9cee11,-7.7575,110.3975,9,15
b3921d39-1d39-b4cd-8a5c-fcff9dd6cda7,-7.7675,110.3725,9,93
b3bc655f-33ae-4200-bc0c-05f3ec47952a,-7.7525,110.3625,16,58
b3bfb4a2-b4a2-dcdb-37c9-376e518ffcc9,-7.7575,110.3675,6,63
b3cadadf-504f-46f1-9cc0-d0751992b662,-7.7475,110.3625,5,15
b3d59843-9843-54a8-15e2-c7f453f8ec21,-7.7575,110.4025,2,33
b3f585fc-85fc-68fd-69ba-cacfbb35126f,-7.7675,110.3425,121,442
b400b42d-abf6-400d-95da-42d43ac59c52,-7.7525,110.4075,28,61
b41ac594-c594-a068-170f-910046c41d7c,-7.7625,110.4175,19,113
b4251f55-1f55-2ffb-9c6e-aad36e9d03b2,-7.7575,110.3725,106,561
b42a8f77-d21d-4b04-93d4-206444f74b5f,-7.7625,110.3925,1,10
b44eda32-1267-42ef-8456-1a0af8be2627,-7.7675,110.4075,15,446
b45cc353-c353-30f4-17ed-1f654ee96cc3,-7.7675,110.3425,16,78
b46178bc-78bc-c5f3-baf6-e137d0293d2e,-7.7475,110.4175,3,51
b475138e-6d2c-4a33-b091-ce7cc05b21e4,-7.7475,110.3625,1,8
b489e457-e457-7a59-4d3a-542d48d303d7,-7.7475,110.3675,105,662
b48fe8d6-e8d6-775d-27fc-2bf315094c7c,-7.7525,110.3875,26,454
b4a0c0c0-ca88-46dd-a126-184a3113c1f5,-7.7425,110.3725,11,38
b4a23a6e-da9f-4414-9c1a-fb8b1e77dc5c,-7.7525,110.3725,1,8
b4a8e749-28ea-46c4-9127-e117a959c949,-7.7575,110.3925,10,672
b4cb2fe9-2fe9-3e8c-8f2c-6993e2fc2f0b,-7.7525,110.3725,1,6
b4d281db-c007-4d4d-b774-163ca3fce86b,-7.7575,110.4075,1,17
b4d74de4-4de4-bb76-dbb7-26718d31b8e2,-7.7575,110.4025,3,37
b4dccb4f-cb4f-8dc1-0c2b-886be4c5839e,-7.7675,110.4025,131,315
b4de417c-be1a-4430-b4be-f6c3cb6670c1,-7.7525,110.3975,16,23
b4e653aa-53aa-fd30-0f82-549db21cf398,-7.7675,110.3675,47,100
b4faf445-c0db-4385-9890-022e53bb0d50,-7.7475,110.3825,23,52
b5369f6e-168b-4c6e-b1aa-a10e54d7a103,-7.7575,110.3825,1,51
b539749f-4779-4a16-8a6e-6549f9283a0c,-7.7525,110.3725,18,18
b56fcb0c-3a2d-4987-ba37-b90eaccca50a,-7.7525,110.3625,3,34
b57a7e88-7e88-183b-8206-5ae26d1f5d39,-7.7675,110.3525,3,171
b59abe28-6ef3-43b3-1139-d59dea0966cf,-7.7525,110.3975,159,609
b5b56fc9-80a4-4315-b19e-e328d152e29d,-7.7525,110.3625,3,40
b5cc2c3a-2c3a-c811-5565-88b75744ff6e,-7.7475,110.4025,1,29
b5e1656f-a81c-4b47-bef6-eaa862d3ec6a,-7.7675,110.3425,1,59
b5e7051f-051f-1bcf-7898-769326c8f1fb,-7.7575,110.4075,1,28
b6076f69-6f69-1cba-57dc-8ef94987ad74,-7.7525,110.3825,226,1389
b68a1ecf-ee33-4c1b-bce7-d41aa2d915ec,-7.7575,110.3825,21,284
b6ac0e0a-0e0a-29aa-944b-e3b8f492321b,-7.7675,110.3775,1,126
b6c4a5f1-06b7-43bb-b925-9f8626569f3a,-7.7475,110.3825,339,1162
b6e50096-0096-5d6b-4633-da5abd1d27b0,-7.7425,110.3575,17,114
b6ed042f-f6bb-46d9-9fde-da24a613fc92,-7.7575,110.4125,12,569
b71c814f-4c57-4f24-8c41-37416a147554,-7.7575,110.3875,39,149
b71ff0f2-f0f2-e1f5-7095-9dbca075b4c4,-7.7475,110.3625,5,689
b72a1c51-1c51-817d-2292-b5f457c2cca9,-7.7475,110.3975,348,2169
b7399310-9310-9ca9-bb7b-2c69f46fa3ad,-7.7475,110.3625,10,16
b73b0e34-6821-4175-9cab-d3a936515bfc,-7.7425,110.3475,1,74
b74b9aac-9aac-7429-cb35-1265d5b63b1c,-7.7425,110.4225,55,310
b74ea60b-a60b-fc43-e620-0e5a99468cfe,-7.7625,110.4075,2,21
b75bba64-b970-434a-89dd-a542c96bffe9,-7.7425,110.3925,505,1784
b75c3909-3909-f723-f825-30977aa5df09,-7.7575,110.3625,1,21
b7655a4f-4435-46ff-b45c-9c6f79bb98a9,-7.7475,110.3725,1,4
b765a5f5-a5f5-f157-c47e-3447159cec8a,-7.7575,110.4175,186,746
b76aadf2-c3ea-4dfe-9091-12764c69d373,-7.7575,110.3825,24,147
b7752331-2331-ee59-6ae5-f30d9e0e9ce1,-7.7625,110.3975,18,37
b776aa0d-cf27-44a2-8e87-4329049afea6,-7.7625,110.4275,2,3
b798a024-eb9b-4c5e-819a-86b41d09c524,-7.7425,110.3475,7,35
b79edcfc-f6b1-4446-906a-209dbb031192,-7.7425,110.3475,756,3945
b7a272f2-3735-4a97-9b60-2b416fbd4f96,-7.7475,110.3675,43,130
b7a54797-4797-23f8-28b0-b5c54bde6144,-7.7625,110.3625,1,11
b7b2fd84-9336-4795-adcc-76efdb8a70b2,-7.7425,110.4075,127,214
b7e7dff4-cbc2-49a9-b4bd-25243aad406e,-7.7625,110.3775,1,5
b81c4127-ddd8-4638-9130-0994c484d03c,-7.7575,110.3725,28,163
b81d0b22-0b22-501d-c081-b75d3865cadf,-7.7425,110.3675,1,61
b8259dc3-2cee-4ec8-9054-411c78e735d3,-7.7625,110.3925,317,1378
b83ea0b2-a0b2-84c3-5672-5071fedd586c,-7.7575,110.3825,14,75
b8484d4a-4d4a-4baa-9f8b-f32a0a0ef6d8,-7.7625,110.3975,25,65
b8486f7c-043c-493f-97f1-b8d63fa88ac4,-7.7475,110.3625,3,3
b85c16ef-9c75-426f-9e5b-2a6fd8db611e,-7.7625,110.4025,46,78
b85d45e7-45e7-5a3c-4d44-60adf9c07502,-7.7475,110.3825,71,313
b85f9982-9982-1ea8-4157-19a6bd726ca6,-7.7625,110.3925,1,7
b87bb255-b255-5608-ae0a-c407ba725223,-7.7475,110.3825,9,39
b88fba4c-06d5-4d3b-a948-0c1e8bb83414,-7.7525,110.3725,2,7
b89a6bca-aeee-4181-b533-da2ce1050044,-7.7625,110.3725,6,31
b8a98d24-7ea1-4526-9ffd-d02b385370cb,-7.7525,110.3725,321,1584
b8ba4aef-5e7b-4319-8e91-84ff74311ae2,-7.7625,110.4125,6,9
b8bbc230-2c94-48f3-a661-b25263b048a6,-7.7525,110.3625,165,544
b8bf84ae-0752-40a9-a9a5-e433359b6587,-7.7525,110.4075,9,16
b8e7bf9f-ebe2-4cd3-a211-cdf1175d4d3b,-7.7625,110.3925,1,2
b91999cd-9f91-4852-977d-23a7c13f9c97,-7.7525,110.3875,5,35
b9242710-e949-4248-83f5-ff2dbd5eaca1,-7.7575,110.3825,49,192
b93d5f29-f1b3-4892-2d6f-7114f53c19e0,-7.7575,110.3725,297,1418
b93f16d9-2aa9-4089-8ebf-a66ab1caf6d1,-7.7425,110.3625,1,21
b9495245-dbf2-4f65-abaa-94707e015d4c,-7.7625,110.3975,12,53
b959491b-ef5a-44a2-b329-9314b5681900,-7.7675,110.4325,52,201
b9600ead-433e-49fd-8e24-dbce5bd63128,-7.7525,110.3675,2,214
b96cf49e-1e07-4c37-b71b-0a6bdc333487,-7.7525,110.3975,10,30
b9aacbed-cbed-3ea3-6542-f87950d974d4,-7.7575,110.3475,3,12
b9c3eb8b-eb8b-7dab-1ad6-7bcab32c23f4,-7.7575,110.3825,6,29
b9c3ecb7-a546-4227-85fa-7e3b11468373,-7.7625,110.3975,21,49
b9d97ab6-f611-4950-9b33-4776fdec524a,-7.7675,110.4125,2,9
b9dcee55-ee55-6375-3a85-4d24c95fbddf,-7.7575,110.3925,14,46
b9eb7900-7900-1b55-8433-e4aca6912134,-7.7625,110.3925,4,43
b9f3ab70-d58e-4c0c-ac3d-23783ae36f4f,-7.7575,110.3875,1,10
ba081abe-044d-442a-b31a-05cb727fd44a,-7.7625,110.4075,21,99
ba1f6420-256b-4788-aa77-a752c92d6ddc,-7.7525,110.4125,172,1521
ba2965f9-e32a-4031-264e-3043ca098279,-7.7525,110.3725,3,21
ba2aa8e2-b76c-434e-8565-50d54c30e6c1,-7.7525,110.3725,2,5
ba39cc9b-714e-4810-8f58-631d62dd9b02,-7.7425,110.3475,2,40
ba39f612-c217-44c9-92fe-b2986e584ac0,-7.7525,110.3875,8,140
ba440a39-03ed-474d-b8e7-4d42459865e5,-7.7575,110.3925,8,18
ba523f62-3f62-0d34-7424-2094571e10e7,-7.7475,110.4175,26,86
ba5cb4ec-9f42-4984-2fbc-e16324a168cf,-7.7575,110.3975,304,2137
ba97e540-e6fc-4fcd-9dc5-62a8690a9df7,-7.7625,110.3675,1,81
bacf1aef-81ba-4bee-9856-752c2e42e1b2,-7.7525,110.4225,45,211
bb1a4a92-fc92-469c-821a-c0db87f371f9,-7.7475,110.3875,107,410
bb255b73-5b73-fa5c-07af-43d5f5d39a27,-7.7475,110.3975,2,9
bb417b18-0cc7-4dde-a222-109e3e121a92,-7.7525,110.3875,278,1098
bb874bdd-4bdd-bfea-e75e-736d7ca17afc,-7.7625,110.3925,43,209
bbbb4676-4d6b-40cf-9b28-be45d502081a,-7.7475,110.3725,113,540
bbde7c6d-7715-4eaa-af37-cd476c25dc08,-7.7575,110.3725,3,18
bbeb734e-734e-110f-b7d2-513dab3db32f,-7.7575,110.3875,23,88
bbeca28e-a28e-c737-aada-d66b69b00458,-7.7575,110.3675,22,25
bc012abf-354b-42a6-9e5c-fe1c70707479,-7.7475,110.3625,25,25
bc12ac30-af71-4d36-97b8-fd0e63500200,-7.7475,110.3625,2,39
bc1f0f99-bf47-4907-b04b-dd8eb2980762,-7.7675,110.3775,1,67
bc22ceec-d331-4ab7-2cee-1b76f09a97ab,-7.7675,110.3925,9,65
bc2ab65f-5af0-4ffd-bb7d-3f37f5801def,-7.7525,110.3825,5,14
bc2f2e88-ba1f-49ca-831f-0cd7270b76e8,-7.7575,110.3975,9,37
bc310258-f746-4dd3-828f-811f51c2b962,-7.7425,110.3875,16,16
bc5751ad-e50c-4724-ab87-9ea135654f72,-7.7625,110.4275,239,851
bc5dea9c-4363-4362-a2fc-7736b1b3ee6c,-7.7575,110.3625,2,90
bc675a92-a9c9-4d12-8d71-e3986cd8f88b,-7.7675,110.3775,1,5
bc7aee62-2f3f-4a70-b00b-1336af40535d,-7.7525,110.3625,10,26
bc8d8b14-55f0-4131-9671-d2ccfa1a4adf,-7.7425,110.4125,2,5
bccbd963-9c7f-4377-9640-59824cbbe822,-7.7525,110.3825,3,12
bccd83e9-83e9-9379-f630-ba3caa75a38f,-7.7475,110.3725,11,66
bcd2aa91-1582-4430-a46c-7d84a6a869ef,-7.7425,110.3925,1,2
bcd38def-e22a-4203-123a-d3de3bd209e7,-7.7675,110.3775,1,3
bcfae0e2-aa6b-46ea-9e82-9bf5c4bfb4d8,-7.7525,110.3725,1,11
bcffd052-359c-4854-b562-a2e0118cd2a0,-7.7475,110.3575,16,115
bd04dd8f-dd8f-2e89-faf4-ad85aaf8572c,-7.7625,110.3975,4,67
bd1dc203-c203-9b86-5332-24dd0581b507,-7.7675,110.4025,73,1002
bd24cde7-cde7-dfa8-b1ee-6865cf7bfe5c,-7.7575,110.3925,1,15
bd490200-ea60-45a8-8de6-d4746503f9af,-7.7675,110.3925,1,9
bd4b195b-3071-4c85-aa4a-af6c8e92b900,-7.7625,110.3975,34,216
bd531963-2c67-4284-be93-91f9e4cd5c2c,-7.7475,110.3675,1,37
bd5c24e1-24e1-0781-5a69-a2154a5fc23a,-7.7475,110.3625,243,554
bd640391-0391-044d-2596-661001d28be3,-7.7575,110.3875,5,21
bd650e41-675e-4a9f-a4dc-1849dd9359ca,-7.7575,110.3875,7,13
bd7715bf-e831-4994-ada8-33cdc2a8d0fa,-7.7475,110.4125,2016,6282
bd895779-460d-47e1-95ce-6c185132c97e,-7.7675,110.3525,66,113
bdb363a3-63a3-2a2d-5809-49cd532e7b9b,-7.7475,110.3825,7,15
bde270f4-b8df-4717-b17f-7c45aad567f3,-7.7475,110.4075,95,373
bde5f8b6-c5cf-4f14-98da-ae7189adddd6,-7.7475,110.3625,13,38
bdf88315-8315-722a-6171-f24b22e772ab,-7.7475,110.3475,6,64
be10de8a-b60c-4ac8-8812-9f9866f85c03,-7.7625,110.4225,6,199
be425b2a-5b2a-fd5b-4631-3ad6b12c6927,-7.7425,110.4175,63,177
be6c464c-c1b8-41f9-b505-49c8c3d49249,-7.7625,110.3975,169,827
bea26791-6791-53b7-09f4-68dfc524abb1,-7.7425,110.4325,4,51
beb553c2-53c2-7dab-4cae-24b9287044f2,-7.7525,110.3975,464,1371
bebded71-ed71-9e6b-588e-cdb1b7a67b8c,-7.7675,110.3675,1,23
bed57e66-5d99-45e0-9a04-3a0959eeacdf,-7.7525,110.3825,488,3278
bee9a52e-a52e-c428-f28c-5de6d827c3f8,-7.7575,110.3875,2,35
bf1862f5-62f5-c628-b852-3881d5c1cad7,-7.7625,110.3975,3,8
bf26a9e2-a9e2-3c96-6c03-3374c08c8c8c,-7.7425,110.3975,26,247
bf582fec-2fec-1029-9794-cb6d6cce655d,-7.7425,110.4025,2,42
bf78772e-772e-1969-89e9-120b97b4fe4f,-7.7425,110.4025,97,428
bf9dddd6-5055-4b17-a04b-d261d7e769d5,-7.7475,110.4075,1101,7660
bfa7a2f5-b4b0-478e-98af-7b19f3518969,-7.7525,110.3725,2,7
bfbbcda4-20e9-4a4c-a723-1ece518c01a3,-7.7675,110.3575,7,156
bfcab193-db72-4fdf-91ec-8e890e4597b6,-7.7425,110.3725,27,56
bfce8a0e-a2a1-45ff-a6b8-c073096fd1c1,-7.7475,110.3725,1,37
bfe252bb-ef81-44f1-ab51-f4544dee0798,-7.7675,110.4125,2,53
bfe6b030-b030-174e-3d1f-2e20befb7e72,-7.7475,110.3875,23,1702
bfeb54a5-4052-4191-94a0-7728cee409c3,-7.7475,110.4225,6,33
bffe87b7-44fa-4acc-94d2-6c40fc9253a4,-7.7475,110.3625,15,441
c007237a-b206-466e-b9e9-4c3a1830f817,-7.7425,110.3725,112,1595
c0298e36-8e36-d720-b9e9-524f774ba866,-7.7675,110.3625,1,71
c04c6a5d-6a5d-04f4-c21e-7fae975dfc53,-7.7625,110.3975,21,48
c052861b-861b-dc18-145f-104f53a3c91c,-7.7475,110.3825,75,283
c07894c7-80d0-4e05-b501-21993020adb3,-7.7675,110.4125,6,20
c08aca48-ca48-8bd0-dad2-ccf8082bd0d9,-7.7475,110.3625,73,110
c090df71-5c76-4864-aaf2-a03ad341f0ca,-7.7625,110.4125,5,7
c09bcd62-4805-400d-918a-8c29cbb71295,-7.7575,110.4225,1,9
c0af0d00-7734-48fb-8436-a457833da168,-7.7525,110.3975,4358,12855
c0b5bd2c-1ddb-4541-80b8-50e60115059d,-7.7475,110.3975,10,77
c0b833c0-8039-442a-a8f4-c03f0ea43cdc,-7.7675,110.3625,1,19
c0be50ce-50ce-d1b7-8083-9c815e6b6672,-7.7625,110.4175,45,272
c0c0b62a-b62a-9108-c036-24a0d260896d,-7.7475,110.3975,89,327
c0cee818-99cb-4277-a946-1f0110da3c38,-7.7575,110.3975,25,38
c0d4199c-199c-607b-26a3-0beeb953cbbe,-7.7525,110.3525,25,128
c116b336-b336-9789-fcb3-7740b6e5a10a,-7.7675,110.3925,5,9
c11db84e-4ab6-48c2-8dc9-896fe1c8e1f6,-7.7525,110.4225,237,1024
c1240a55-87c5-4b88-82a3-efea282c43d0,-7.7475,110.3725,2,7
c1283e7b-add3-4fe7-80bd-ddc637ce1569,-7.7525,110.3625,11,12
c12a16be-16be-520c-dc8c-82c5026bbcf0,-7.7525,110.4225,12,40
c131c060-d994-4e11-a561-fcf08e57928e,-7.7575,110.3875,112,120
c147e5e1-e5e1-220b-2b82-43af600d7aa6,-7.7525,110.3725,2,15
c161b6ee-b6ee-cc58-8fcc-6e5fdf626ba6,-7.7625,110.4175,9,68
c1708c76-399c-4310-bd1b-7b0b8095436a,-7.7575,110.3725,2,176
c173b65e-35ec-42a9-b06f-52cc9f2d2661,-7.7525,110.4225,6,109
c17f14d8-66ca-4484-b6b7-e8d6ef665374,-7.7625,110.3925,2,17
c199211d-5a90-4dcb-960a-1049f944e0fd,-7.7475,110.3825,2,18
c1a1c986-8058-4468-901e-e9aea7072c2e,-7.7575,110.4125,5,26
c1bb8de3-8de3-89df-b541-0b34e1660a6c,-7.7625,110.4225,1,16
c1c19679-4c92-46fa-a3c4-acef13c79abd,-7.7575,110.4025,7,38
c1d01a89-3e4b-463b-9a84-42d9702130ba,-7.7525,110.3625,25,94
c1d298f2-aa5f-4a94-8dd8-10dbc66f1811,-7.7675,110.4325,17,36
c1eed4ca-e7ae-4e5a-b592-9fa87a531009,-7.7625,110.4125,2,7
c1ff3acf-a2a9-4190-8a73-704fbcd97a30,-7.7675,110.4125,72,1005
c21d4c8d-598a-487f-9225-3782f8b7aaac,-7.7625,110.3475,1,4
c21ed2d7-89db-43f9-8ab6-8cad40d4dce1,-7.7525,110.4075,41,85
c2402fab-2fab-3c5d-0457-365f4995a8ce,-7.7625,110.3675,39,276
c24ee474-40f3-487a-9c28-e4424f979631,-7.7575,110.3675,15,36
c2620773-0773-d317-01f3-72107a0c0d48,-7.7575,110.3975,5,6
c2798945-8945-b73b-ad21-c8f3d6697608,-7.7575,110.3875,6,23
c27fe62a-c568-427d-afed-62dd97e6700f,-7.7675,110.3425,1467,4149
c2861a07-0a08-48f5-b63b-f29bd2a84ee0,-7.7625,110.4125,1,36
c2899509-4f80-4f8a-bc6f-d3da77db8941,-7.7525,110.3825,8,62
c29ab2b0-b2b0-78eb-6981-fb308ff9ac1f,-7.7675,110.3925,4,7
c2a6223e-223e-9a76-aa87-7dd776c471cc,-7.7575,110.3975,2,14
c2d3f9bd-247e-443f-8bf1-3a14e99d4b39,-7.7475,110.3975,182,638
c305cfec-cfec-4d8c-2921-7665d9815871,-7.7675,110.4125,1,19
c3818ddd-8ddd-66e5-7d59-54522826a507,-7.7675,110.3675,15,44
c39357e1-003a-4fbf-a3a7-68f1c2182334,-7.7575,110.4225,33,140
c3bfdd0c-1a24-49d0-ba6f-df92d78c000c,-7.7425,110.4025,2,12
c3cbaad0-a067-4adc-8018-4b8858c55937,-7.7625,110.3675,10,69
c3d32289-2289-ab76-f8f3-bf7105902857,-7.7625,110.3625,3,19
c3fe8506-d8a0-41de-8bff-1057669bd3d9,-7.7575,110.3775,71,286
c418ec2f-844b-48a1-a74b-b3717af022bc,-7.7675,110.3925,8,8
c4322cc6-97a0-40a7-9ed0-f8fbdd17da9d,-7.7575,110.4025,2,3
c44e2de9-07f8-4965-b576-7fbd471e75ae,-7.7625,110.3975,1,25
c45a4cc2-ce90-4acf-843f-24e0d051319d,-7.7675,110.3875,5,28
c4648420-530e-44cc-a1fc-5a5c32f87cef,-7.7675,110.3425,2,163
c47b457e-8262-41f3-b658-3aff2981b6a2,-7.7425,110.3425,1,11
c48de444-3e3a-4a07-9ecf-477763e9ce31,-7.7675,110.4225,45,75
c491bb59-bb59-43c8-9581-37ecefcdcaba,-7.7575,110.3975,5,6
c49a3136-7048-48b2-8aec-d638b6b4a199,-7.7625,110.3875,604,2872
c4ae8a64-3b8f-4258-a145-07c1e007b472,-7.7675,110.4125,10,18
c4c97eab-3b6a-4b39-b8a8-eb31ba976277,-7.7575,110.3825,2,2
c4dd3a58-3a58-861b-2ca6-534808a01665,-7.7575,110.3725,22,75
c4dd9c99-2c6c-4e0e-80a9-3a37ebd87f60,-7.7675,110.3925,15,30
c5159ece-b3e4-4cea-8d66-22d054bb1d49,-7.7475,110.3725,199,1164
c5473232-ff99-4c39-b601-7933b4582cc9,-7.7625,110.4025,4,26
c558e68f-e68f-4b29-038f-f5b78afa334f,-7.7625,110.3625,64,359
c56f2972-2862-4104-911a-42c82b1db7c8,-7.7675,110.4325,1,15
c58d1711-dd3e-4812-8e33-4ffe8ec049fb,-7.7575,110.3775,303,1253
c5980138-cc62-4316-bed0-97c6a5dd156b,-7.7425,110.4075,44,91
c59f9d98-9d98-83b3-277b-cc48163ec88c,-7.7575,110.4025,5,48
c5b99656-f13e-4db8-9a95-aabc32605542,-7.7625,110.3725,21,64
c5dd9874-35d8-47cc-295c-34a77916ab44,-7.7625,110.3975,2,10
c60bf682-e3c6-4b23-b951-7edb90e44b26,-7.7475,110.3625,14,44
c60d4a7d-5da6-4312-ae4a-a94e16ec00d2,-7.7525,110.3425,209,931
c60f7f76-53e8-4c95-b8ae-3885d415f4c5,-7.7475,110.3775,3,61
c656f292-b9e1-41a1-8927-62c4ebb6a76e,-7.7575,110.3775,2,839
c659b04a-b04a-ae97-a066-9163309b9b18,-7.7525,110.3825,4,20
c6656ee6-bae0-48b6-a32a-7a38bc3a9301,-7.7575,110.3975,10,40
c6661603-8650-4d8b-abd2-fce611a52421,-7.7625,110.3975,10,32
c669261c-9e2b-4950-98d8-8c6e7376eae2,-7.7575,110.3975,1,1
c6700370-c063-4c3b-8750-529c6e18840c,-7.7675,110.4125,41,113
c68193ef-4e35-4bce-a378-40436c3f72fa,-7.7475,110.4125,161,225
c68769ba-5d0e-4914-9109-ae517182cd83,-7.7525,110.3725,1,2
c6a1f607-f607-921a-05af-be9dddd81ffd,-7.7625,110.3975,6,11
c6a3dfdd-f3e8-4727-9800-0b25279fc379,-7.7475,110.3625,58,193
c6bff0b0-bf8f-42b9-b211-9cbbe35fcc78,-7.7525,110.3575,2,11
c6c80174-899e-476e-bafe-d3063ce693fc,-7.7675,110.3875,23,55
c6cc8991-fc37-46d6-9102-b1f02e558432,-7.7525,110.3725,2,16
c6cf8cb2-cec8-4445-a526-9cba14c6fb02,-7.7625,110.3975,15,45
c6f5bf74-b339-4df3-b134-25b31c9c11c8,-7.7425,110.3625,7,17
c6f7a59b-a59b-a144-9ffb-b181eaee45f0,-7.7575,110.3975,21,162
c6fb7e36-cf5b-4bd2-82db-324cf43a1a73,-7.7625,110.4125,47,81
c6ff2a8e-46a7-46c6-b08a-92857c0267b1,-7.7525,110.3725,10,91
c70a4af7-e467-4a32-81ef-6a955bd752bd,-7.7625,110.3925,9,115
c7208061-5064-4669-b94b-592f0b630e19,-7.7575,110.4025,2,2
c7354052-9324-45d8-2c48-2bca35588c48,-7.7625,110.3875,257,935
c73eb52e-cece-41f3-a47d-7e7ec94b9bb4,-7.7475,110.3425,1,65
c755c727-5624-4796-9805-a552d2366781,-7.7425,110.3725,3,44
c770b2a7-66b1-417e-9c83-310882e9cb6c,-7.7475,110.3775,178,562
c780306e-306e-b8ae-0108-717a9fe0fac6,-7.7425,110.3675,2,97
c7878fae-1ecd-482d-a572-15050f658168,-7.7475,110.4225,4,4
c787943b-8a86-4017-b0ce-5971ab7026a4,-7.7675,110.3925,4,18
c78f363a-0d32-4c0f-9626-68b6f4780551,-7.7625,110.3775,1,5
c7982ab8-fb5c-4e67-ba7c-1a13376efacb,-7.7625,110.3725,12,34
c7d5f188-41f5-404a-a10c-a3f20f2eec19,-7.7475,110.3775,162,706
c7da4777-8a91-417c-b6b2-e0acb7c68f07,-7.7425,110.3725,1,69
c7dfca88-ca88-8bf6-7698-7cf09be5bb6b,-7.7525,110.3825,19,62
c7eba418-7978-4324-a6c2-bafd43e47199,-7.7675,110.3925,15,33
c8070a85-0a85-75cb-410d-4680e34bf546,-7.7525,110.4025,54,281
c8303014-d8f2-40f9-2c3f-6d1d9488530a,-7.7425,110.4075,3,9
c8326164-60a0-4b4d-b99a-c061ca0600cd,-7.7575,110.4025,4,9
c843aa11-9794-4cf8-b9d4-3d461808fb96,-7.7625,110.3825,1,14
c85e1752-147d-4315-85d6-fa367288e738,-7.7625,110.4325,4,341
c86b00b3-00b3-e463-f804-8bcaac274cd2,-7.7575,110.3825,1,52
c86e04f3-04f3-86fa-d7bd-eb7af78dae9c,-7.7425,110.3925,2,6
c87247c4-47c4-2fe6-5ddd-edb3cf40c5b7,-7.7575,110.3425,12,40
c8774882-c149-48cc-aaaf-0f0110c759c6,-7.7475,110.3675,154,1177
c87c3dad-055e-41c7-a49c-ff5817bc1f60,-7.7675,110.3875,33,304
c883787c-aa10-4827-9752-ceef1212e3d8,-7.7475,110.4175,13,36
c88c0975-d50a-41d3-819e-883f390d6676,-7.7575,110.3925,24,36
c897ad39-3115-4851-9748-8586778d0719,-7.7625,110.3975,28,61
c89c2f87-2f87-1a5d-8ee6-053a1a53652d,-7.7625,110.3725,5,46
c8a70c09-0c09-00f9-e962-f24c9c9f591d,-7.7525,110.3825,3,486
c8a94309-4309-60d3-8a15-ae7875007809,-7.7625,110.4125,1,4
c8aa9a6d-9a6d-b50a-f49b-c6508de29e4f,-7.7475,110.4075,56,409
c8ae3e54-544b-496b-abef-9ef82fac4652,-7.7675,110.4125,8,29
c8c4bdb9-f18c-43a2-baca-2a57b8f7df38,-7.7625,110.4175,1,127
c8c84419-d0cf-4cfe-96bb-b04f4a78c6cc,-7.7475,110.3625,9,56
c8cbb415-d932-4c7b-a632-2245160271ec,-7.7475,110.3875,3,54
c8d0972e-fce7-4cd8-831a-6f098c916473,-7.7475,110.3775,185,1422
c8d32600-2600-0a12-21be-8b56dbf95383,-7.7425,110.3725,1,3
c8f71887-1887-70fd-0367-88836585889f,-7.7475,110.3675,36,122
c910b9d5-31b1-4855-8348-68a2b417b139,-7.7575,110.3625,4,9
c9175a14-cfea-4f36-b3b1-6738d4f228dd,-7.7625,110.3975,57,207
c91f4789-6d96-4871-89bb-b68597e788bd,-7.7575,110.3925,1,2
c9262869-2869-1f03-947a-7aa30ea602eb,-7.7475,110.3975,18,154
c93be11d-e11d-39eb-cf0a-9b25dbbce970,-7.7625,110.3575,120,335
c94461de-61de-8bd1-0c52-50f6f1d26329,-7.7475,110.3725,216,1250
c9558d9d-8d9d-dab8-2840-9151cb6a2c32,-7.7625,110.3675,2,30
c95b6e1e-6e1e-edcf-1c7f-dc80183815fd,-7.7675,110.4225,91,457
c98efcdf-a09d-4954-8a5b-30704c4101cc,-7.7525,110.4075,12,415
c99920d4-7633-43a9-9086-85bf1bc7682f,-7.7525,110.4275,2413,17587
c9b51829-556d-42e6-be4a-a0994cd26dad,-7.7425,110.3575,43,85
c9e31db4-d5de-4f6b-90d7-e127894e899f,-7.7475,110.3875,21,122
c9f3ee26-ee26-78a9-61ca-c83db3272a53,-7.7575,110.4125,55,255
c9f9d084-cc56-4982-a4ee-807ef1bfa523,-7.7475,110.3725,6,108
ca23ebe3-ebe3-6390-8659-7bcd3d4fca35,-7.7675,110.3575,3,18
ca4b96cf-dc04-4f23-9a86-1c57f5a84d38,-7.7625,110.4325,7,100
ca4c5b5d-9b43-4802-ba7d-b5c68912b589,-7.7475,110.3625,2,22
ca4d2006-a044-490a-acd3-ee03f06402d9,-7.7625,110.4225,4,5
ca527ac2-7ac2-6a7c-8996-f2eb34f2e03d,-7.7525,110.4075,74,374
ca59d1bd-d1bd-419d-76b1-1182b05a687a,-7.7625,110.4025,498,1916
ca5c6e55-6e55-7230-94f9-de3a572dd8a1,-7.7525,110.3775,59,582
ca61c8e8-c8e8-4765-81d0-39ddfd8f8648,-7.7475,110.3625,6,12
ca6728ca-28ca-c724-e8b4-1cb3b0643d32,-7.7475,110.3425,70,470
ca78e2f2-7221-46e3-a369-3accfb2fdef8,-7.7425,110.3875,5,31
ca7a6ef3-80ef-4f8a-963e-13064378921b,-7.7675,110.4325,26,42
ca8fc6cf-fc42-420b-ae14-53b6eb30098d,-7.7425,110.3925,1,16
ca9b8cf8-393e-4a24-939a-0a6c52da0b9c,-7.7475,110.3625,3,485
ca9fb67e-4a4d-4f0d-bfdf-139ad056fe6e,-7.7675,110.4175,4,28
cab33d6f-0174-4b77-bfa8-905bfe3d91bc,-7.7475,110.3925,241,1770
cab72e7b-2e7b-526f-e23b-a47681b5623b,-7.7475,110.4125,28,465
cac28682-8682-a437-10a8-e58471eb76e8,-7.7575,110.3825,13,106
cae9e9a9-3bfb-46ee-a633-33ef3f40d3b8,-7.7525,110.3625,29,103
caff404b-404b-0ccd-2cd4-2ab5fed23cf8,-7.7575,110.3425,12,144
caffb7d5-8ec9-49b4-9035-1fcea23a741e,-7.7475,110.3675,331,1286
cb216b8a-6b8a-bdd5-2595-87c585d2c7fa,-7.7525,110.4075,28,170
cb23b342-16c6-4de0-b9b3-9e9d7c4dde5c,-7.7625,110.3775,12,135
cb2571f8-71f8-e83f-ffc0-01477b99d3ee,-7.7575,110.4025,98,372
cb3db0f9-5182-47df-b912-58e822998eb4,-7.7625,110.3675,145,515
cb4fdf57-0849-4af4-b772-5d1205cca678,-7.7625,110.3625,2,4
cb5d569a-ca04-45f6-105d-8445b35699b1,-7.7625,110.4075,1,519
cb6ffb9e-fb9e-4e90-7677-fde7010fa002,-7.7425,110.4125,7,55
cba19100-9100-e845-2929-2a1d0cb6c1d0,-7.7675,110.4275,2,25
cbbc7e3c-7e3c-4153-23f2-afa37cb3ea17,-7.7525,110.3625,5,43
cbd63764-9dea-4548-8727-7ea4db0b4b79,-7.7625,110.4125,225,1356
cbe1d3f8-d3f8-948c-e809-f7bd36467503,-7.7625,110.3775,167,672
cbfaf5ac-26df-453b-8bec-6306b6009b2f,-7.7575,110.4025,1,6
cc054541-84e4-4d77-8ed9-d5b3bfe741cc,-7.7675,110.3925,18,50
cc0eb22f-f812-4cfe-b6ac-3283c40e1f2d,-7.7475,110.3725,7,19
cc1874f0-74f0-e4d5-9cf9-5d8af2966a9c,-7.7625,110.4125,4,70
cc238f0c-5d80-4601-1dee-3729b7261871,-7.7475,110.3725,17,147
cc23d464-dfc8-4ac3-9a47-be6ed2931965,-7.7675,110.3775,3,32
cc251cc6-7e54-486d-990b-ce52961e6504,-7.7575,110.3725,468,2107
cc3c908d-908d-885b-0abf-f3eddc68fe0f,-7.7675,110.4025,7,509
cc6ea27a-f319-4178-8c23-1282fcd9943a,-7.7425,110.3625,2,10
cc70a2f0-a2f0-3216-f8cd-e4ad0e774756,-7.7575,110.4075,7,94
cc792261-2261-4df3-7d32-23635ebfb5cd,-7.7475,110.3825,190,647
cc7e5802-d1ea-42dc-aca3-edbff0936da6,-7.7425,110.4325,1,7
cc81fae7-fae7-952f-8cd9-34fe6234f896,-7.7525,110.3825,1,26
cca034dd-b2a1-4899-a40f-6adcb4de4be1,-7.7425,110.3875,155,766
ccb180a2-80a2-1404-d4e8-b0b0d6f262d6,-7.7625,110.4125,1,6
ccb66066-6708-449a-9896-cb3d3cf8ba37,-7.7475,110.3525,1,17
ccc9c2e6-36e3-4219-b714-4467694574a3,-7.7525,110.3825,7,68
ccd0d42e-5b6d-4434-a2ee-dbfa5530c693,-7.7525,110.3625,16,88
ccd8e302-f79a-4de7-8e92-adba0217900c,-7.7525,110.4125,186,877
cce8a27c-8ae7-4128-afea-e4d8756f61eb,-7.7575,110.4275,101,395
cceb7545-4b4c-4899-95eb-32adc1af0e09,-7.7525,110.3825,4,14
cd3713f0-8d78-4433-b191-2a6a81f1b536,-7.7675,110.3825,3,4
cd3e150c-9b7e-46bb-a47a-13f4dc376de6,-7.7475,110.3975,40,321
cd691452-4fa2-4e06-9dc0-bd08539f8502,-7.7575,110.4025,2,61
cd719a57-25fb-4123-810e-fa828ad34cbd,-7.7475,110.3875,1,13
cd79c3ea-c3ea-4e24-9426-a6ffd546484f,-7.7625,110.3625,1,15
cdc12646-2646-ab32-5322-b3a1362b2a70,-7.7675,110.3925,7,15
cdcd2cbb-2cbb-f7f8-89de-9df748373ee0,-7.7525,110.3825,44,285
cdd12f22-b55e-4ff7-8dc0-2d30751ec779,-7.7525,110.3725,9,42
cddff745-f8f4-407d-8c28-a6d1b0419a5f,-7.7625,110.4325,338,1633
cde19647-9647-1ecb-6864-66735787f44f,-7.7625,110.3975,3,7
cdea7699-3429-4f40-a0b7-c7b69219d1bc,-7.7425,110.3725,1,13
cdf3084d-06d1-4bf7-9c08-faf18e67db65,-7.7425,110.3625,1,7
ce019a9e-9a9e-2845-eef9-b06673a311c2,-7.7675,110.4075,2,22
ce1b4be1-a6a0-4fd7-87fd-7b57666233a2,-7.7625,110.4325,10,70
ce266152-6152-9211-4da3-d3286311816d,-7.7475,110.3625,5,5
ce285b5b-bbcb-4e94-826b-790b8b94c1ff,-7.7625,110.4025,21,94
ce4bfaad-faad-677e-9519-97b30b569c4c,-7.7475,110.3625,5,86
ce6b8528-b642-40e0-abf0-bc81733f8e6d,-7.7625,110.4325,1,5
ce7d5f2b-5e69-4711-b01c-d40877ad0385,-7.7475,110.3625,212,430
ce9a34ec-174c-4e14-bf4f-6cc11f09853c,-7.7675,110.4325,15,110
ce9be38e-e38e-1319-d882-37489787cd68,-7.7525,110.3875,130,766
cebb4a52-5df1-405d-af2f-dfe19dfe31c5,-7.7475,110.3625,9,12
ced1e967-34e5-4834-8bd6-dac980a11bda,-7.7475,110.3925,21,246
ced46d9e-6d9e-f604-6ca9-16eed2874627,-7.7525,110.3725,8,17
cefe0e59-0e59-d6d2-e042-9b264018b127,-7.7525,110.3775,1,21
cf03986c-c19a-4e49-ad1d-5a4f6ef2b586,-7.7575,110.3825,54,554
cf0441df-5bcc-4280-8c1d-4b26fa27b9c0,-7.7425,110.4175,18,65
cf278e3e-502c-4de1-abb6-1aec294a9eda,-7.7425,110.3925,156,524
cf368adb-8adb-4e30-433d-1e4b1efe62ca,-7.7675,110.3875,118,454
cf49c5f5-b2a5-4e0f-8f9c-af79a7109460,-7.7625,110.3775,12,71
cf59955a-ad1d-4a34-aa11-234d53ac2e9c,-7.7625,110.3825,5,64
cf5c17a1-4b31-4a87-a84e-eafa1fa06e39,-7.7425,110.4175,3,6
cf5ded6c-ed6c-9bdf-ca29-8eb910c1a1b2,-7.7525,110.4025,22,103
cf6861e8-61e8-73b8-a86b-76368f419876,-7.7575,110.3825,1,21
cf691135-1135-89c3-1059-b219289f622e,-7.7525,110.3675,3,3
cf6d0fdf-a063-4718-9d81-baec811582b1,-7.7625,110.3775,49,361
cfae8859-a60b-443b-8455-bd31da6f1eea,-7.7575,110.3875,5,16
cfce6e69-6e69-7350-4ec8-dc2669de470b,-7.7625,110.4225,35,135
d032f22b-3390-4e8b-8a92-350fd52aaa6a,-7.7625,110.3675,3,7
d04a5c30-74d8-400f-b79c-15e3afae0061,-7.7475,110.3625,73,1163
d06deb11-5cc4-4c33-a65d-905f162d2717,-7.7575,110.4125,324,1435
d0787106-2d40-4923-bd10-77856c04523f,-7.7575,110.4025,8,8
d07900a3-00a3-0b1e-a7c3-743496c67011,-7.7625,110.3625,2,843
d080a0c6-4afb-4238-8899-2943e77f9874,-7.7625,110.4125,5,72
d0986b8d-9972-4a10-1440-00c2a97058cd,-7.7525,110.4025,8,30
d0a64ccd-b6d1-4a32-82e0-00f74a7c8310,-7.7525,110.3825,33,197
d0abc302-c302-e5e7-2f02-a2c4075346f6,-7.7525,110.3625,23,132
d0d3bce8-bce8-e151-d3bb-fea6360c4483,-7.7475,110.3925,290,1334
d0fe8590-6d50-434c-9582-fe024c5db1b3,-7.7475,110.3625,35,70
d12babc9-6962-4b2c-9724-b78f24490535,-7.7525,110.3725,2,21
d16fea67-ea67-193f-1e27-e4db1e453284,-7.7575,110.3825,11,43
d17d2bd4-ccda-476d-8be1-10547b60af49,-7.7625,110.4175,9,28
d191725f-044e-40fb-86c5-a8b033faa0f4,-7.7525,110.3775,4,7
d1c6e294-e294-825d-6b60-8c6ee8ee0ff9,-7.7625,110.3775,141,427
d1c6e917-b995-4cdc-aed1-297d468c1618,-7.7525,110.3625,5,18
d1d59fd0-9fd0-8ffa-9c82-44543941bce7,-7.7425,110.4175,11,39
d1e46742-6742-5cab-3613-64c9a0a257f1,-7.7475,110.3725,1,19
d1f50587-0587-7936-9320-93ab88688e85,-7.7575,110.3625,15,15
d214b327-b327-0e7f-2c39-af747e9c7fb9,-7.7575,110.3725,544,2437
d232137c-137c-4e1f-7a0a-d639a2e273d7,-7.7475,110.3475,104,394
d244f3fb-f3fb-4180-c830-49d7505aca2a,-7.7675,110.4325,10,36
d2514f9c-4f9c-f4c8-9c2b-8efd235ee1c3,-7.7525,110.3725,8,84
d25e8ae2-7c03-449e-81e1-aeae3a836926,-7.7525,110.3725,22,81
d2643e1d-3e1d-7b22-679a-df87fb1e1b5b,-7.7675,110.4025,75,1477
d27a1836-1836-7abb-1dd3-6f5429a12bab,-7.7525,110.4225,163,533
d2912837-0c80-42c2-a6a0-4bbf458c57d4,-7.7575,110.3675,30,86
d2a2e84b-e84b-638c-3f58-90233f9d88e4,-7.7475,110.3725,17,56
d2a53221-db7a-4a83-b413-2ef98b83013a,-7.7625,110.3975,4,43
d2d127bd-42b6-43ab-a518-40d16e569c20,-7.7575,110.3925,24,192
d302affa-2fb8-451e-a5fd-d49b246bbd81,-7.7525,110.4025,80,579
d3258ebf-7346-4cf9-b1e1-df283d1d2f23,-7.7575,110.3925,99,263
d3266e54-4a62-4629-a86c-57e92b49d843,-7.7525,110.4075,18,32
d328511e-7629-43c9-8dc1-c5a64539e5a0,-7.7575,110.4325,4,38
d32fe433-e433-607d-b062-41e35b0401e7,-7.7475,110.3975,359,1739
d3467c26-7c26-0fbb-e2dd-b068d71fb0c1,-7.7525,110.3675,4,24
d349c9af-78cc-4be5-add5-0a0e1ee25016,-7.7425,110.3475,2,19
d36f3348-3348-54db-76de-5e08f0955a99,-7.7625,110.4125,3,49
d39f14f8-c3a8-404d-a3c5-b25114e89c17,-7.7625,110.3775,23,16490
d3cbeb8e-eb8e-66e2-ffc1-4e5737336a76,-7.7475,110.3975,28,148
d4017e55-de14-4d0b-a458-93b6cd0cf9b1,-7.7525,110.4075,1,15
d40c1686-b8e4-4660-a7f2-739124473ec4,-7.7575,110.4075,206,616
d4167934-7934-be66-2faa-4e6498178e66,-7.7675,110.3875,151,1162
d4202397-2397-263e-d004-be1356a6ebae,-7.7475,110.3725,37,255
d427865c-865c-6478-c7d6-b09d4a17fd1a,-7.7475,110.3525,13,22
d437cb62-03f1-4ca3-a5ac-9c1e4d7dcecd,-7.7575,110.3925,1,5
d43bd27e-d27e-2d65-230d-db88e7d8f4e4,-7.7625,110.3925,1,33
d488470a-470a-43c6-76a5-d44bad3644ac,-7.7525,110.3775,74,321
d494d265-0a71-456d-977e-27660c8ab0a3,-7.7525,110.3775,1,19
d4abb43c-01cf-4931-9b9a-75a364728227,-7.7575,110.4025,20,349
d4c9e210-4ba5-4a51-bff8-35ddddd57097,-7.7675,110.3825,5,19
d4d66caf-d3b6-4f00-896f-f83a2e1cbee4,-7.7475,110.3525,3,31
d4dbf871-f871-be85-d506-a7666f7cebd9,-7.7525,110.3625,2,23
d4df2c12-87ab-4403-85b6-00eefdf5a4cd,-7.7575,110.3625,1,7
d4f43431-4c66-44ce-a3d0-0310aa6b5899,-7.7475,110.3925,360,1800
d4f8debb-d0e9-4d6b-92cd-a0aeb85084d1,-7.7475,110.3575,318,1335
d501e788-e788-75f7-dcb4-43407e1e6765,-7.7525,110.3725,3,29
d505740f-740f-7e82-d793-aa04f27184ba,-7.7625,110.3925,27,93
d544043c-cd35-4e6c-9b93-c4ac3208b957,-7.7525,110.3725,28,433
d571cdfa-57bf-403b-a339-c5afe945440c,-7.7675,110.3925,11,30
d58edd83-1499-4882-92cf-e59a0a631c81,-7.7425,110.3475,1,1
d5b9de9e-de9e-cc62-3326-ae9e72cf0fe1,-7.7425,110.4125,3,242
d5db2895-09cd-43cc-a8bc-7ba62d75a050,-7.7425,110.3975,2,55
d5e59c1b-e36b-475f-9d85-a6f5ddfc69c8,-7.7625,110.4125,35,35
d5fe5f5c-5f5c-b5d8-d3e0-c7ec734f5329,-7.7525,110.4225,5,37
d60784a3-f519-447b-b90d-fb66c49921b6,-7.7425,110.3725,46,5578
d6137d74-7d74-9832-2cbb-07341f020272,-7.7625,110.4225,16,62
d61eaf4d-af4d-8ce4-68f1-90b9102b9ab8,-7.7575,110.3625,1,14
d636ed9d-ed9d-d845-c79e-846d0efaacc3,-7.7525,110.3725,2,26
d63c453f-453f-2ac0-dfb5-1ff9cf81546b,-7.7675,110.4075,193,945
d64294d8-b678-4bcb-94c4-406e87f4d87f,-7.7675,110.4325,3,14
d64c0249-3525-4696-a4a2-a3a4e65ad39c,-7.7425,110.3575,13,66
d685766e-766e-5c1d-58db-2ddf84063d10,-7.7625,110.4225,6,16
d68f7891-982b-43cd-112a-3c19032bbf21,-7.7625,110.3775,8,79
d69d3e4d-3e4d-4cfd-4eaa-f9a9e9d62133,-7.7575,110.3725,147,660
d6a30432-29a9-4ef2-bfe7-980d03fb9829,-7.7575,110.3975,1,337
d6ada050-1c71-48a0-9990-b3e832f2bd1a,-7.7625,110.3975,81,90
d6c7bff3-bff3-5043-a14a-4dab08783a9b,-7.7675,110.4075,31,274
d6dfc510-b06f-41cc-ab52-93a3da0c2af0,-7.7625,110.4325,5,29
d6e66341-8f1d-452b-b67a-5b59d6a657a1,-7.7425,110.3875,14,48
d6fbff6b-aab9-43a2-a284-b11884b88ebd,-7.7625,110.3925,5,19
d7110461-5caf-4524-a978-dd456f7b63e1,-7.7575,110.3975,1,11
d71eb941-b941-2f2e-6d88-2109e1290982,-7.7675,110.4175,1,77
d74a723a-5d85-43fe-8c5c-4e7d4c982ba6,-7.7575,110.3675,23,51
d74f7e4e-e9ed-451b-8565-d26c9410bd48,-7.7625,110.3975,17,30
d757152f-19cc-4016-b4f5-6392bdeb7f25,-7.7575,110.3825,2,13
d75e0b6a-0b6a-3abd-4799-636d1e67307f,-7.7675,110.3775,1,133
d77dad52-ad52-a89b-20d6-4d581a83b15b,-7.7625,110.4225,1818,9082
d7867759-5c98-4c84-b0a8-1cbaeda526cb,-7.7675,110.4125,8,26
d7a68979-f618-4ff1-8e7f-b7c18ae87673,-7.7625,110.3975,9,11
d7b1f308-1ad7-4012-b057-151dfc265f9b,-7.7625,110.4075,15,499
d7b5a39d-a39d-c58c-43f1-885da1304680,-7.7525,110.3825,3,9
d7bc734f-734f-d443-92f6-011553daebf8,-7.7475,110.3725,2,8
d7bc7e29-7e29-1489-0abb-c2b3ebc492ce,-7.7525,110.3725,2,25
d7d2a1df-9bf0-44a8-b739-2f90f374ae7b,-7.7575,110.3975,1,69
d8086de3-a0ad-499e-af7d-ed3a0946d3ba,-7.7675,110.3625,2,19
d82dd562-d562-0bc2-3fce-c36ee3fb6e10,-7.7525,110.4275,52,175
d845c03e-34d6-4a42-b78b-eee93bb21db3,-7.7625,110.4225,13,30
d854a191-55e5-49a1-9c11-133631f3dd30,-7.7625,110.4075,33,210
d86b767c-3079-4453-a382-90ca71a1e60f,-7.7475,110.3625,1,3
d8778750-22ae-45d0-8405-43400c69ce4c,-7.7625,110.3975,73,315
d87ce100-e100-02de-a838-02b4b8183dd0,-7.7525,110.3875,44,90
d87eb814-b814-3d60-148a-b6d941b5be71,-7.7575,110.3825,2,2
d8c87396-5e0f-45ca-1bad-a0e4669d1c2b,-7.7625,110.3725,22,76
d8d011dc-11dc-1a74-d599-a6eb141fe406,-7.7675,110.4025,39,52
d8df3196-2752-4bcd-8b80-e8d5d957bd09,-7.7575,110.3675,378,1219
d8ea1cf5-e934-4ee1-921b-f8b8c107414a,-7.7575,110.4225,44,972
d8ea8774-8774-c7d8-7c9d-05b7c59c0ac8,-7.7675,110.3675,8,14
d907f31f-f31f-0a30-4f33-44853aa75560,-7.7575,110.3875,2,10
d909cf4f-cf4f-ac6e-6ace-2bac635ccfd6,-7.7525,110.3725,4,16
d91b282b-19db-40f7-a970-e16962b0f67d,-7.7625,110.4175,1,9
d930296e-90a1-4c6b-a58b-96379fcf27ca,-7.7575,110.4225,28,138
d94811db-11db-7d2c-8be5-ff07079034d8,-7.7525,110.3675,1,2
d965e458-8d91-4b54-a280-9f420bbef646,-7.7625,110.4175,475,2327
d977804c-c336-4f16-b096-3b7bc0f2d594,-7.7675,110.4025,17,100
d98e84c1-84c1-e632-ab40-25de5f979054,-7.7525,110.3625,3,26
d990e135-ebc5-412e-91a2-910a1cd0d4ae,-7.7625,110.3975,10,101
d998c22a-2632-4b4f-8fba-4d16fedfb874,-7.7575,110.4125,1,70
d99dc89b-ea88-4ffa-927f-0ee420738a2e,-7.7525,110.3725,13,61
d9adf43f-0835-4f3d-adf9-01a1d01e1fd0,-7.7575,110.3825,19,19
d9b1b2a3-b2a3-e2c3-eda8-e9856d3990a3,-7.7475,110.3525,21,94
d9b5583f-848b-4a26-a7dc-aaa1ff566263,-7.7575,110.3975,2,7
d9bd5317-5317-cf6b-f69d-5f7dcb4304ad,-7.7575,110.3975,14,70
d9c5ab2e-b2b9-4725-b297-b7405bb40776,-7.7575,110.3825,9,46
d9c831f5-e789-497e-9f85-38d6aed039ff,-7.7475,110.3625,254,459
d9d5cf46-988c-403c-9ef5-4785c8334ec1,-7.7525,110.3625,8,67
d9d82f83-2f83-2385-fcb3-276dd1ab3886,-7.7475,110.4175,7,16
d9dad501-b1f4-4ae3-9b83-ea9d5db579d1,-7.7525,110.3975,660,2045
d9dfd57d-eed8-4059-bc50-769e74f843cb,-7.7525,110.3825,69,69
d9f8bbee-9868-4a90-adb6-6ae98e4a5e22,-7.7525,110.3825,304,1314
da29bc1e-07f7-4477-b4aa-bfb63f53bcfd,-7.7425,110.3625,7,453
da49aee3-aee3-1fb8-0f47-3c5dede2823f,-7.7425,110.3675,1,290
da9b2449-1758-4613-b8f7-d22ea33618b8,-7.7575,110.3875,15,103
daa23d9f-3d9f-3588-7e46-90141bcb90d2,-7.7425,110.3725,2,40
dab67965-7965-cddc-ec84-743c2f44777e,-7.7575,110.4325,1,4
dad627ee-27ee-a422-2830-73a8e44ef967,-7.7525,110.4075,45,411
dad8d1c5-d1c5-af78-7490-e686c655af87,-7.7625,110.3975,8,58
dadb25c3-800b-4cea-b66c-35b9e4abfde0,-7.7625,110.3625,194,194
dae1593b-fc67-4e84-aa7e-1f1671167d22,-7.7625,110.4175,138,531
daeac82c-c82c-a5e0-a367-b9353c433eb5,-7.7575,110.3975,4,31
dafb6fd6-6fd6-8e63-13ab-b368e5a8c3ac,-7.7575,110.4025,1,1
db03a73c-b82c-4fc2-9def-b24e95c20ad8,-7.7575,110.3925,1,95
db3e375d-d92f-497e-a693-5a9102c45750,-7.7525,110.3975,329,1502
db4af3f6-1731-4089-89d3-83185d8973a2,-7.7475,110.3825,29,40
db54d282-f5fe-4dc3-9eac-c041b49be3b4,-7.7675,110.3875,1,10
db65291d-d054-490e-9bff-a1752014e943,-7.7675,110.3425,42,251
db75fab0-3549-413c-b6a9-35750dff937e,-7.7675,110.4325,54,97
db7aee23-d19f-4fd8-b114-109143a796dc,-7.7475,110.3725,83,301
db9c9991-9991-276c-6a26-452a988dcc11,-7.7625,110.3625,1,25
dba58b24-2bcf-41af-a350-6527ca71da46,-7.7625,110.3975,8,20
dbb61f3a-1f3a-f299-380e-b71ac6346a0e,-7.7425,110.3725,22,22
dbbba535-6f1a-4640-a024-f35e208ae88f,-7.7675,110.3925,16,25
dbd79fd8-9fd8-7f62-cd6b-c33493b2f6b5,-7.7475,110.3825,52,240
dbdc5f6d-5f6d-162f-1ae0-27b4c3428683,-7.7575,110.3875,1,87
dbf269a9-3149-408c-983a-7087884c501d,-7.7675,110.3625,1,3
dbfb2cf6-2cf6-9f32-a6f1-9d7429023bda,-7.7625,110.3775,36,582
dc0558e8-3ea8-4a5a-b5dc-4d1e4b03f4b0,-7.7575,110.3975,555,3192
dc1cc072-cab1-4b28-9212-5d21dc848991,-7.7625,110.4025,801,1252
dc2a4980-ae61-4e1b-b957-d60b0676bc8d,-7.7625,110.3925,3,46
dc2b6b84-7e91-4c9a-9603-dc4a14e4db4b,-7.7525,110.3975,10,30
dc46b6f7-1161-4642-be5e-b84b4154b43c,-7.7625,110.4125,8,43
dc53a6ca-cd57-4fca-b6d0-41b9686b811d,-7.7575,110.3825,11,29
dc54f254-f254-e11c-c291-9841368f508c,-7.7525,110.3725,21,98
dc670706-0706-d442-2bcc-46741e39cf3f,-7.7575,110.3975,5,14
dc6ca483-1e92-4ebf-9f36-a8a0e4414ef5,-7.7575,110.3625,1547,6153
dc76b2f9-ee3b-4fb9-8a2b-0672b03c795b,-7.7525,110.3825,13,18
dc783055-439a-4868-bb80-0b9e44b9aa83,-7.7525,110.3825,19,176
dc809540-9540-f9c5-6230-6d290d4f27b1,-7.7575,110.4025,3,55
dc867e0c-7e0c-a3d7-d231-af1e30bbb9ff,-7.7575,110.3775,8,37
dc8a58d1-3bd8-4430-aa5d-8d9f1a154a07,-7.7425,110.3925,519,1829
dc8a5d77-2e56-49c0-8798-d25ab352e768,-7.7675,110.4325,21,44
dc8c58be-a6c8-4a9f-ba78-9b5a70433a42,-7.7525,110.3625,1,56
dc8d8855-8855-9fa4-ef70-802be99bbf53,-7.7475,110.3775,75,1371
dcac1ace-c8e9-4eb6-ae33-8b601fd3ca14,-7.7625,110.4075,8,47
dcbc2619-2d6a-4ce2-9412-56380481d033,-7.7425,110.3725,11,11
dcc5465e-78ad-4cb1-8dbc-ba5ea69ff289,-7.7575,110.3825,205,655
dce7d12a-6627-4050-8cf3-e1d50cc244cc,-7.7575,110.4125,11,19
dce92daf-2827-4c15-81bb-2da20fdc669a,-7.7525,110.3625,29,187
dcf327b5-27b5-4426-2da7-9b54607fa7a3,-7.7475,110.4125,124,166
dd0c22c4-22c4-2742-0bdd-c4708ce2e48f,-7.7675,110.3675,4,44
dd175063-ba9b-4756-bf7e-7a7c185bf9ef,-7.7625,110.3925,2,16
dd1e68ef-68ef-d672-a5f6-ce7d318b5850,-7.7625,110.4125,11,144
dd3f2deb-f0bf-4b5d-83d4-ce527ca848ff,-7.7475,110.3825,28,103
dd479735-c216-4817-9943-65d4db4b3328,-7.7575,110.4125,602,2604
dd64994c-109e-44ea-bd03-1273e59581c8,-7.7475,110.3525,4,58
dd7b4960-4960-0a17-ee35-cf5faa6367bb,-7.7625,110.4225,3,4
dd9e5e61-6ef2-4ced-b009-8900ea5c9abf,-7.7575,110.3975,2,15
dda1df7d-df7d-b252-9d89-64101e6cd431,-7.7575,110.3975,2,16
ddc3b9ca-04c4-4510-89c0-5831db8bf001,-7.7525,110.3725,1,7
ddcb72d5-dc9f-4c56-a1dc-67ab0a413a76,-7.7525,110.4075,154,639
ddd0647a-525d-41d1-8dc7-394bc9f594ce,-7.7625,110.3875,125,456
dde6834d-10ad-402d-bff4-fd144d02d7fb,-7.7525,110.3475,2,42
ddffb915-5773-4afd-8c43-49f5716a3d79,-7.7525,110.3625,18,55
de0cad09-ad09-19c3-258e-706f9edbaea0,-7.7675,110.4325,5,9
de27a808-a808-18bc-1363-216cbc131b23,-7.7525,110.3825,2,22
de3f0b04-0b04-1218-b9fa-46f942046584,-7.7625,110.4025,27,51
de3f109e-109e-b147-ad87-4fd16773ec21,-7.7525,110.3625,153,256
de4119a8-19a8-7586-f48e-a5f7b4353d3d,-7.7525,110.3625,25,82
de4cea0f-f836-49a5-9389-1db8bfbe0b5e,-7.7625,110.3975,12,20
de51201b-8256-4e26-a1db-87e0b14c74b5,-7.7525,110.3625,1,9
de8f9965-9965-acab-ff22-688c96b88aa6,-7.7575,110.3725,11,40
de90a4cb-a4cb-5691-99dc-0fe06ed0cf9a,-7.7425,110.3725,19,188
dec23f92-eca4-44a0-8d69-e2fa58753b40,-7.7625,110.3725,112,296
ded4930e-6301-4e54-ac09-4da829f101dd,-7.7625,110.3875,138,602
dedda6cf-a6cf-b3d6-9d06-410848d1739a,-7.7625,110.3725,1,75
deed0ac2-0ac2-dff8-1735-b40f96b5b5e8,-7.7575,110.3875,1,2
def46613-b286-44c4-bb62-8a8abbf69832,-7.7675,110.4125,20,187
df1cf8e0-8c6d-4e65-ae2d-8aa7e1192eeb,-7.7425,110.3725,2,18
df23567c-3ae6-4e4a-a2dc-a8ff7e223390,-7.7525,110.3725,8,209
df3fb8a2-0e42-4a74-a1ce-a6983aac1288,-7.7525,110.4225,13,101
df7a334e-334e-aacd-4ab5-342b159b1592,-7.7675,110.3975,129,883
df7c611a-44b4-440c-bbaa-3ea31bdaabe7,-7.7625,110.3625,444,1817
df82ae96-ae96-c7e5-1176-ec45c66495ce,-7.7575,110.3825,56,274
df82fc40-bbdc-4a07-b0a5-ad459e4998a4,-7.7425,110.3875,4,323
df88be36-9740-453a-9802-fdb709231c35,-7.7575,110.3825,23,277
df9136fa-71a0-4014-89a6-6d2b562716a3,-7.7625,110.4175,10,50
dfbfacfb-4cf0-48fc-aa12-024f7b7b8aec,-7.7525,110.4075,9,39
dfcdd588-d588-788e-d8f8-a5b7cf915be8,-7.7575,110.4275,6,6
dfdf3e68-ecc2-49ff-9cc3-a189416d325e,-7.7575,110.3775,16,18
dfe1c884-187c-4269-91ad-cd43c503a814,-7.7625,110.4125,59,2237
dff53d24-9ab4-4440-a900-3c06efb3e9bd,-7.7575,110.3625,2,19
e01a35d5-0b5f-47b8-a020-7725927900d2,-7.7525,110.3775,38,136
e0223233-4183-46e9-a37b-ccfb80dc4cc2,-7.7625,110.4275,105,472
e02cea32-205c-41cf-bec2-dafe723bd43a,-7.7525,110.3725,1,20
e040123e-141b-4696-8e86-5eb73d3cbba9,-7.7475,110.3575,14,56
e0581f2e-b033-4c94-926c-fb7b2a297804,-7.7525,110.4225,190,578
e06265d2-65d2-acab-b03f-6b3b342b5159,-7.7625,110.4125,5,30
e06f4a31-4506-4306-9b8b-f5b6e863c502,-7.7675,110.3925,9,17
e0789fdc-8362-4d4d-ac43-98aa5f7f0978,-7.7525,110.3825,2289,10107
e0885c8f-5c8f-30ec-4af9-89f4f6fedc98,-7.7675,110.4325,7,15
e08f6a5a-d255-406e-99de-02a79a07ac93,-7.7525,110.3725,1,1
e09c3bd4-f7a7-4040-9aae-baa146fd9c90,-7.7475,110.4125,161,327
e09d3b70-83ce-4ef6-9d7e-d29643169985,-7.7475,110.3625,7,25
e09fc471-c471-ba76-0287-b840e928d454,-7.7525,110.3825,7,1066
e0b7c1b3-c1b3-2538-b2eb-5e99abd690a8,-7.7525,110.3725,2,8
e0c4efb1-7f5d-48de-8311-b3553698944e,-7.7625,110.4275,1,3
e0f428a0-4839-47b1-99c5-d5df8045e269,-7.7425,110.3875,1,87
e1321702-e2e9-4d6b-8c4d-a132ad9bc57b,-7.7425,110.3875,1,28
e139fe80-7a7e-4f8b-944b-e75974a74569,-7.7525,110.3725,7,48
e18f5fd6-5fd6-425b-0dee-4fe218557dfe,-7.7625,110.3925,24,107
e1a36cd2-6cd2-eb75-ce66-9bfde0176860,-7.7675,110.4125,1,15
e1c606d9-27b4-443b-9054-3a3dde628bc4,-7.7675,110.4225,19,356
e1d23e40-3e40-25ed-b878-ad0d831d48a3,-7.7625,110.4125,1,2
e1d6cd35-bc87-4c39-88b4-498e41e4d3ee,-7.7525,110.3725,1,14
e1e03e0f-c5ba-4b6b-8311-9dbc2251a928,-7.7475,110.3725,44,197
e1e45f58-e2dc-460c-8c11-8e4f07345a2d,-7.7525,110.3625,4,44
e1f5f5d7-22a0-4799-890b-62e77b45124a,-7.7525,110.3825,1,16
e1fa183b-3f6f-4bba-9241-14e047605557,-7.7625,110.4125,2,2
e2033979-d946-4f6b-befd-5638add6f9c1,-7.7575,110.3975,4,10
e209c8bf-c8bf-f9a5-3239-c647e9582fe0,-7.7525,110.3775,7,48
e20b2c1a-2c1a-c53d-f321-63a9a42d6844,-7.7675,110.4225,36,128
e222942f-3792-40c8-8516-33244366d5de,-7.7575,110.3625,9,29
e2419717-32b6-4004-b214-57d2b0c39daf,-7.7575,110.3875,1,6
e2858db9-3c42-45f3-9c42-f334032f7729,-7.7475,110.3625,7,249
e2a47fb4-790b-4119-881f-b327caabfbeb,-7.7675,110.4125,19,260
e2a77cd7-3e47-4644-ae93-6860fd305124,-7.7575,110.3825,20,49
e2c6f856-c9e9-4a07-b085-32bc730c8c9f,-7.7625,110.3625,507,3750
e2ca38be-c001-41cf-91b0-f4bc250a9a16,-7.7675,110.4075,10,76
e2e3696f-7a01-4c0a-b12a-0eaa2ca61ef9,-7.7575,110.4125,2,55
e2e56bee-caa9-4f3d-ae8e-75f702f923ac,-7.7575,110.3925,2,24
e2f50f5e-0f5e-5b28-a101-6c23b13a261a,-7.7425,110.3925,2,5
e2fe8ea9-eeed-46ad-92da-8afa3a760266,-7.7625,110.3975,41,81
e30b00f0-4a5e-48e4-973b-5e11b3619c0a,-7.7625,110.4175,110,415
e3175e71-5e71-dead-92ec-5096ee160a47,-7.7575,110.4025,2,2
e34d7378-305e-4393-953a-7e7a7031e5af,-7.7675,110.3775,2,14
e34f2e71-2e71-9d48-9c43-a60b579ca654,-7.7675,110.3675,2,17
e37e7971-7971-f812-47dd-d1b3af44c9f6,-7.7575,110.3775,221,1061
e394427d-948c-441d-b4f6-c12b776bfd2f,-7.7475,110.4225,7,33
e395640c-50dc-44db-be67-083ccd38d42c,-7.7525,110.3725,173,772
e39687ad-9fa8-4e88-99d4-6fe46d1629d4,-7.7625,110.4125,248,1082
e3b40a07-4ec6-4bfa-8789-797a2abaec7c,-7.7475,110.4125,1,8
e3bb406a-406a-59e5-6b2e-c815d7b68c0f,-7.7575,110.3925,1,5
e3cef77c-f77c-5547-856c-ff7f189a9d01,-7.7625,110.3975,10,515
e3ddb575-b575-a68e-cdf7-25e470804a48,-7.7525,110.3825,2,4
e3eefae8-fae8-34ab-62a9-6b9950a4c00c,-7.7625,110.4175,33,132
e3f68f1e-8f1e-0199-3186-54aa1c1cda2c,-7.7675,110.4125,14,30
e40ffc5c-fc5c-c2cb-aea4-d6b7cabdc02d,-7.7475,110.3775,79,287
e47ae24c-f2cb-4d3e-a155-8cf150cc5a1c,-7.7575,110.3775,84,149
e47bfb59-fb59-3f8c-2185-6e3393e2f103,-7.7625,110.4325,1,17
e4b92289-2289-16e9-3375-37f13d1a6d9d,-7.7525,110.3775,11,24
e4d9ce17-44fa-4432-9bd0-4b9501fe46b0,-7.7525,110.3625,34,118
e4e3cafb-cafb-3ede-ffaf-932d274cfa1c,-7.7625,110.3925,133,632
e501c6f4-bb43-4aa0-9589-4c69fafe0bac,-7.7425,110.3925,311,619
e5127c8d-cb79-4bf3-9cfe-1fd434d46728,-7.7625,110.3625,2,12
e515794c-794c-614e-5d6b-05e404af685d,-7.7475,110.3725,5,82
e5246a6e-580e-4b27-b866-e2ea2926273b,-7.7625,110.3675,1,22
e532f020-5b20-4e8c-9384-2623093e9720,-7.7525,110.4025,10,55
e54ec588-c588-1ab8-a676-5ff215fc6b68,-7.7525,110.3725,79,718
e576394a-0369-477f-a256-3c209aeb67f7,-7.7675,110.3675,8,29
e57a8855-d3eb-466f-b6eb-8ac16a530d69,-7.7525,110.3725,15,15
e57b6539-7185-41c6-a1d4-0f93231ef355,-7.7625,110.3625,2,11
e58b3df2-3df2-444d-f6b2-c084e8116c22,-7.7525,110.3825,1,14
e58da84d-a84d-8099-b89d-0ed5d9ed9c21,-7.7575,110.3425,10,40
e59f4553-4553-2f63-5c02-e91e1307fedd,-7.7525,110.3625,6,91
e5d461a2-0bc0-4d28-89c4-f6d67f2aeec2,-7.7575,110.4175,337,1161
e5f5aba8-aba8-da71-aae2-830854b8fab3,-7.7425,110.3575,36,257
e6095c60-bf95-4e85-94aa-572ec8592979,-7.7625,110.4175,13,31
e615db45-0f78-4f40-8c32-3ec72d5bbc6c,-7.7625,110.4175,577,1962
e61c2fe5-2fe5-54a2-839b-3fd8fbb2805b,-7.7625,110.3975,6,171
e6381cae-1cae-4526-c7fe-73ba24055344,-7.7475,110.3625,1,4
e64dc3b8-c3b8-3fb8-9723-06e3bde6a3f2,-7.7525,110.3775,2,2
e6807065-5450-4b5f-8b83-1e385b40f5f8,-7.7425,110.3425,8,8
e68aa750-40aa-4243-97ce-ba753f3520da,-7.7425,110.4025,5,45
e6a92539-2539-b81a-6c85-4e1902249721,-7.7525,110.4225,129,1111
e6af1f02-8a16-4a96-a0a9-b7ccc66405c6,-7.7575,110.3775,8,124
e6bee86e-e86e-cba3-00f6-3df1110bc421,-7.7475,110.3825,24,401
e6cb9a24-4841-416c-83fd-23567948df93,-7.7625,110.3825,3,178
e6f7f623-f623-c46e-2bed-d1430d36f515,-7.7625,110.3925,6,50
e7073042-14f0-4a93-a4e4-d060c0aad9ec,-7.7625,110.4225,8,74
e7262fee-2fee-3c2f-a844-f7949b54df58,-7.7675,110.4325,4,22
e726c617-ddff-486a-9154-e05675654514,-7.7575,110.3975,26,59
e729f451-33e9-44ed-ab03-2910fdff8857,-7.7625,110.3525,4,35
e736d8bd-2954-4983-b29b-ddb5a73a0dbc,-7.7575,110.4175,2,11
e7435eec-7667-4830-b685-33092944908a,-7.7575,110.3675,2,22
e761a620-26aa-4493-b192-d2c35b1b55e4,-7.7575,110.3725,352,1659
e7674d19-4d19-c101-d0d8-a4fe2b95828b,-7.7525,110.4075,75,231
e77b73d7-487f-4289-bcac-d3b8546dbc04,-7.7625,110.3975,16,33
e7ac77ad-c4db-4b4e-b735-8eb0a250f9bf,-7.7625,110.3975,6,18
e7b943d6-43d6-c63b-8c1a-9a2e21beb7a3,-7.7425,110.3675,1,12
e7bea44e-a44e-6882-87d9-63ade2ded3e8,-7.7525,110.3675,7,17
e7c60198-fba7-4f75-b183-00885b8d541f,-7.7525,110.3725,4,246
e7ceffe2-f508-4c36-adeb-11d77c362dfd,-7.7625,110.4175,46,1628
e86efa1a-36be-407e-8cf9-1b77b30a814e,-7.7625,110.3825,2,10
e87a633d-5149-41fa-a67c-35018ef26257,-7.7675,110.3925,13,21
e89582e1-77be-4f74-a0f2-1d6faf504365,-7.7575,110.3875,1,8
e89ca2d1-a2d1-e7ce-01d4-d9bd1d984c83,-7.7475,110.3625,15,71
e8a857a2-ada8-4023-9401-6156cce502ed,-7.7425,110.3925,1,12
e8b55a78-5a78-e9ea-d64e-ca563e95f61a,-7.7475,110.3625,6,62
e8c25368-51df-48ea-b270-e4e6f3fa766d,-7.7675,110.4275,56,208
e8c44b11-4b11-ca42-048b-7fe8bdb696c3,-7.7625,110.3975,10,73
e8c573df-057f-4d40-a525-1ed00194beab,-7.7525,110.3675,1,38
e8cc9f10-d7f5-4a47-b8ac-4e1e145f7b0c,-7.7675,110.3775,49,1645
e93864b3-64b3-3e6e-8b81-61ad2c2cc1bd,-7.7475,110.3675,5,10
e95157d6-4752-434f-9f00-58240242fb6d,-7.7525,110.3725,4,21
e95f78d8-4216-4689-9525-af62e3091f5a,-7.7525,110.4275,24,322
e969788e-a6dd-47f2-9121-53c38cbe27d2,-7.7675,110.3775,1,149
e971bbd8-70e5-4f11-8b06-90875b231548,-7.7675,110.3875,192,448
e9769b2a-5656-4ba0-baad-dd3d241b350a,-7.7525,110.4125,173,792
e99bf9dd-f9dd-0551-0345-d5c59599d4bf,-7.7675,110.4125,39,383
e9aeb749-d048-412a-a8a9-454a50982631,-7.7525,110.3625,2,15
e9dcbdef-f0ce-410a-28c5-8060b31397d8,-7.7575,110.4125,74,306
e9f383c3-c223-4333-84ba-b26ebda49562,-7.7575,110.3975,7,20
e9f3e8a1-66c4-4440-81de-dc5eb54c2858,-7.7575,110.3975,2,13
e9fbea37-e2bc-4540-b713-aef632c13b5c,-7.7625,110.4075,1,808
ea0dbf25-bf25-a65a-dc00-5631462d3a7b,-7.7425,110.3475,1,11
ea0e1f0f-30ec-46a9-88eb-79f3b5d74471,-7.7625,110.3725,4,37
ea2b0963-0963-2fe3-0ab2-a8ec85c2d8ac,-7.7525,110.4075,5,19
ea2beb00-20af-438f-986b-9dc4b8917ce6,-7.7475,110.4175,1,2
ea3cf68f-33eb-481f-2fe8-3155a25b830d,-7.7525,110.4225,44,291
ea4627a0-31fd-48e6-aecc-9023e9402490,-7.7525,110.4075,141,460
ea76a358-a358-bac8-2cdf-1daf448ca4a0,-7.7475,110.3575,66,222
ea8a31d3-31d3-5e14-a69e-ca6c96b68214,-7.7425,110.3575,2,11
ea928243-8243-761b-0317-e270ec2670b6,-7.7625,110.3775,7,9
eabd23e0-23e0-fe45-ecef-c8e4dfdb8b2d,-7.7525,110.3825,2,30
ead24343-7459-4844-bc3f-a068c125e209,-7.7575,110.3825,9,30
ead49018-daab-4a7d-acc4-b213026fbe48,-7.7525,110.3775,178,838
eada9321-9321-9a6a-b14e-02b8b00c03fa,-7.7525,110.3625,5,241
eadd4a6b-229f-4e0a-869e-6c83b06146cc,-7.7625,110.4125,15,34
eaed440d-440d-e8dd-55cc-4a1978a70c2c,-7.7625,110.4025,7,43
eaf5c2d5-c2d5-5d4f-6e18-2bc2aa82aeaa,-7.7525,110.3675,4,16
eb1409d3-6ca5-4933-a84d-a8daa3ea5e18,-7.7575,110.3925,3,9
eb16a459-a459-0252-7ae4-c2c30d24062d,-7.7625,110.3625,1,13
eb2b53e6-1810-4a9a-a740-4256f123108f,-7.7425,110.3475,5,56
eb325a63-5a63-94d1-0d91-aa827cc8b60b,-7.7425,110.3575,19,141
eb734800-4800-1281-deb5-c75eff03d796,-7.7425,110.4225,121,454
eba8f312-e8b8-45f1-92a2-0141560ed0d8,-7.7625,110.3775,146,522
ebb01aa4-4e71-410d-9e6d-b3d3d90e19f8,-7.7575,110.3975,24,36
ebc11352-14f7-4317-b761-1670c10dcb5e,-7.7625,110.4225,6,12
ebe78c2a-8c2a-61de-b3a3-ef256e961fe8,-7.7625,110.3425,128,417
ebedcc77-be77-4ed1-9523-0afbb0f5de7a,-7.7425,110.3475,3,3
ebf04e91-9f51-44c7-922d-6437603bc8dc,-7.7625,110.3875,3657,20935
ec29cded-1ec1-48fc-a143-5460a401a261,-7.7625,110.4125,6,26
ec3afc23-95e8-4855-16da-3eaf48b82912,-7.7575,110.3925,1,4
ec441a84-1a84-3d1a-ccab-db5c309624fd,-7.7625,110.4125,9,9
ec5c6c70-eb9d-4906-a709-5793364f1f9f,-7.7675,110.3825,1,14
eca9c30f-c30f-c1f3-d958-f242c25eb944,-7.7575,110.3825,22,85
ecaf8c68-4f2d-47fb-93b1-00bdb1a7545f,-7.7575,110.3825,10,157
ecc890e7-90e7-d1e0-3a3d-30fa9c10c040,-7.7575,110.3875,25,64
ecca8314-89e2-40d4-ab75-0f3b5e48b745,-7.7475,110.3875,1,41
ecd2988c-c4d2-41dd-b962-f92b87ecb547,-7.7425,110.4175,91,235
ece466b8-66b8-feaf-ecf3-dfcd922b218b,-7.7625,110.3975,1,5
ed0f29ab-eabe-46d5-841c-9d081000a5d3,-7.7625,110.3675,8,91
ed10e719-e719-aa34-65f7-64c9898d2a8d,-7.7625,110.3825,108,309
ed17aced-aced-ba6d-ef59-afb4868daaa8,-7.7575,110.3975,6,19
ed229027-62ad-4112-9d5a-0d55409ece34,-7.7525,110.3825,393,1429
ed2e81b4-81b4-ae51-20e0-3679abd87276,-7.7575,110.3925,5,19
ed5baf15-2958-45a8-82df-82b84a066b34,-7.7475,110.3975,410,2353
ed779f84-9f84-0efb-2760-257524f1668d,-7.7625,110.3825,28,149
ed809d32-9d32-ad49-a3b7-a98e4b259cdc,-7.7525,110.3775,1,39
ed9d1f41-1f41-4a4f-88b5-1aa478ce3562,-7.7575,110.4125,159,442
ed9f8d7d-63db-476c-14aa-c94916b1fe68,-7.7425,110.3575,15,70
eda0bc78-4cbc-45f0-9d3a-f5c0ffdaa1e9,-7.7625,110.3925,7,13
edaab4be-b4be-43f1-3b5f-04294a33efde,-7.7425,110.4175,138,481
edd28118-8118-0461-3280-8747afc6af7a,-7.7625,110.4225,61,343
eddedb8d-2310-48f7-aaf3-4bef33ec42e2,-7.7525,110.3675,8,28
edeffafa-ca80-4212-95e6-57a492fd3a81,-7.7575,110.4125,291,1823
ee05838e-838e-38cb-e1ca-21052a4a6990,-7.7675,110.4125,4,8
ee15545e-545e-9ac0-eeeb-136d21382d0f,-7.7525,110.3725,4,4
ee3b56f7-8f16-4a1d-876f-c7a233ac11de,-7.7575,110.3675,2,14
ee518798-b8eb-42d7-bf62-4c52a233bab8,-7.7575,110.3975,7,37
ee5eda75-7d23-4a57-9908-79c6c91bda02,-7.7575,110.4025,81,589
ee72533f-533f-8cf6-b19d-58c2c5ace981,-7.7625,110.3925,5,13
ee72fcdf-4d8d-45a5-a899-6916dbcad7c7,-7.7625,110.3725,40,176
ee78ddc9-5504-4a35-8703-a23123f558a7,-7.7525,110.3625,2,43
ee8e9875-9875-8a30-2d9c-7556ad53b737,-7.7625,110.3575,302,1759
ee963a48-304a-4226-b3e2-1256efd0c12f,-7.7625,110.3675,719,1748
eeb9d02b-7d15-4bc7-80af-0cd935d3e37e,-7.7625,110.3975,165,633
eeca39d5-39d5-2b5b-8b3d-7d77e3c6d97a,-7.7425,110.4025,32,167
eeccc9f0-638c-4370-a3dd-fd48c95a0801,-7.7475,110.3675,2,91
eed7c4f8-c4f8-dba8-68a9-19294de84fa4,-7.7525,110.4075,3,98
eeeeb9d7-2e51-41d4-b43d-6296a72f65c0,-7.7625,110.4225,2,2
eef8ca21-79b6-452a-b2c3-2e460f01681d,-7.7475,110.3625,8,27
ef3f9654-4dd2-4ecf-a460-d64cf25990dd,-7.7475,110.3425,4,4
ef44da2e-da2e-4a36-7089-51d404460d2f,-7.7525,110.3775,6,6
ef567679-a150-4b94-8590-093af43ab9b1,-7.7625,110.3925,17,85
ef62c04b-c04b-b78f-20db-f07041ed982b,-7.7425,110.4025,2,15
ef6d1c92-1c92-ada5-fb05-70424985468b,-7.7625,110.4225,11,22
ef7f2351-a4f7-480e-9fed-5117390ad4a0,-7.7525,110.4225,327,1592
ef92edc9-aced-43e3-88e6-749a474be967,-7.7675,110.4025,2,13
ef93f333-f333-2f43-7055-ec3268a68484,-7.7625,110.4125,1,1
efac2b3f-532d-490a-13b1-aad7627e59cd,-7.7625,110.4125,1,14
efbb7890-c946-4ab4-8d8c-e41a4bda665e,-7.7675,110.4125,11,32
efc9b57f-71ff-4467-871e-150edcb9805f,-7.7625,110.4075,4,30
efd75489-5489-8c15-3c56-c0b0f4a4d6dc,-7.7575,110.4075,6,36
f00c19e5-b193-4825-b174-f1e229447944,-7.7425,110.4025,58,859
f00e0566-0566-9b24-8327-78362d9d9541,-7.7525,110.3625,13,42
f03073f2-cf4d-490d-9097-2095560e15c7,-7.7625,110.4125,8,26
f0316781-6246-4390-acd9-13f5fa782626,-7.7475,110.3525,1,2
f0589b4f-68f4-4235-8d04-847db68ca41a,-7.7625,110.3675,1,20
f05f96ca-053a-4f17-a077-b253e5456c16,-7.7525,110.3875,27,46
f061fd75-383d-4104-b911-0ae1b2173aff,-7.7625,110.3775,118,486
f06d2504-a286-45b3-b2a3-bdb003783746,-7.7425,110.3925,1,21
f06f2d20-fbba-4770-a0af-e52cb8044c99,-7.7675,110.4075,28,134
f07f1274-1274-c014-467b-849d36a0d6de,-7.7425,110.4225,397,1641
f0874c0f-4c0f-af9f-640e-d9f9167df901,-7.7425,110.3925,10,551
f087b19b-b19b-a296-b028-f39584762b76,-7.7525,110.3725,6,644
f098de2b-938a-4f04-9590-a4c312b25231,-7.7675,110.4125,11,36
f0a33ccd-fe9e-40b3-977e-e643c3bcd501,-7.7575,110.3475,30,245
f0d63bfe-4e69-4e85-ad8d-01e0774a1288,-7.7575,110.3625,2,27
f1090fd8-5a31-486d-86b5-54c47215cef5,-7.7525,110.4075,60,84
f11e13a9-9907-4114-a04c-2f7fb6f73cd0,-7.7525,110.4075,233,1018
f11ef217-5557-4003-81ce-ea78d5e8e512,-7.7475,110.3725,2,40
f12f6ea7-6ea7-105d-b963-bcd6dab8c6f4,-7.7475,110.4125,1,64
f1392738-f6ef-4ac5-b751-02e2d1920e58,-7.7425,110.3875,73,1425
f14db085-7984-459c-9535-9c2400319a9f,-7.7575,110.3775,46,134
f1603df2-3df2-a6a8-9d76-2dede112ae3d,-7.7625,110.3925,13,13
f162e2c9-e2c9-7e3a-da48-3043d922c678,-7.7475,110.3775,74,292
f1a07ce5-7ce5-c889-395d-a501509173bc,-7.7475,110.3875,2,33
f1a9f0ff-30bd-4d56-9c75-27704eeff7d6,-7.7675,110.3625,16,47
f1ccffc4-b31e-4a56-a042-38f472199057,-7.7625,110.3475,2,49
f1d0ceea-f6bf-4474-a696-5c99c61cac00,-7.7525,110.3975,42,166
f1dbe329-e329-3ca2-dab8-8234be63634c,-7.7475,110.3625,7,60
f215cc68-b7f9-4878-9f20-15232f242987,-7.7475,110.3625,1,35
f22e156d-a540-4e23-ab39-f9da2d4a0152,-7.7475,110.3625,3,6
f22f20cd-20cd-5d5e-dfbc-46e9658ef7de,-7.7625,110.4125,435,1444
f23da9ab-905a-4074-8088-764bbeba0f7e,-7.7475,110.3875,331,884
f2669c51-178c-40e3-8f0c-9bbbf30d87a7,-7.7475,110.3975,34,272
f2829d40-9d40-ebed-59f7-00360f2d59f3,-7.7575,110.3875,10,26
f291e28d-318d-49a8-a85f-7b2dc9efb6d0,-7.7475,110.3475,26,116
f2950f6d-0f6d-9513-9b9b-b3b87fcd933b,-7.7525,110.4025,79,1258
f29792f0-92f0-1562-31ca-c51b09189f87,-7.7425,110.3725,495,2315
f2a131da-6c2f-4a2d-87c3-b455a548d082,-7.7525,110.4025,338,1021
f2af22c8-d25c-4779-88a8-23e35a4b0ade,-7.7475,110.3625,5,63
f2c1b6f3-41f0-4aef-bd72-8acd03a47ad5,-7.7425,110.3825,177,1312
f2d3e001-e001-f6ce-9d21-723cfa1e846b,-7.7575,110.3875,10,107
f2d61393-90a8-42d4-9135-05ec3e5389f0,-7.7475,110.3875,21265,65811
f2d8ff82-9aee-40b2-a959-95a21b3b0f3e,-7.7425,110.3475,12,12
f2eaad6e-d6d8-4904-a37a-17edaeea3fbc,-7.7525,110.3575,4,60
f3027375-b2b0-47e4-9b03-b76979084c51,-7.7625,110.4125,1,35
f31715cf-5a5a-4a90-ba0d-e7468b9a1734,-7.7575,110.3825,114,330
f326084d-084d-43da-5ed1-100ec6018be2,-7.7475,110.3975,2,10
f34b9b66-9b66-78c6-f994-1de2067da814,-7.7425,110.3875,139,786
f377a1f2-f8a7-4c95-b18b-5717c6f3843a,-7.7575,110.3825,5,92
f3a99429-f97b-4f53-98ac-aa71f5ebd21c,-7.7575,110.3875,61,476
f3ae5911-5911-3b98-c385-526bf3aba2f2,-7.7575,110.3725,152,685
f3c4bee0-9ee7-42e6-bb8f-142d61c7b1fd,-7.7625,110.3725,2,41
f3dcd661-2366-4fb6-89b1-9313a358e266,-7.7475,110.3725,1,3
f3f09005-336c-4dff-a6fd-050c623c07d3,-7.7625,110.3975,84,258
f3f24d63-4d63-8618-a0cf-280f10591953,-7.7675,110.4075,31,138
f3f8b7a8-dad9-495b-bcd0-de8a81cd100c,-7.7425,110.3425,1,10
f3f9235e-235e-6f16-37e9-04f45ac6855f,-7.7575,110.4275,192,1495
f4056a50-ad75-47d5-8f08-e4187a00a693,-7.7425,110.4175,11,34
f422222d-2244-45cc-91ae-a5550cfe2d72,-7.7575,110.4025,1,29
f423b361-b361-df44-47f0-e1536444b3fb,-7.7575,110.4075,71,191
f4351bf8-9a31-4832-b094-d97c57580feb,-7.7625,110.3675,1,35
f44090bc-8d61-470e-b29a-f3033ea96753,-7.7425,110.4175,39,112
f45e01c2-3cec-4804-a241-8ea14badec48,-7.7475,110.4275,8,22
f4700eaa-a52b-40bd-be89-be940c05c0d9,-7.7625,110.4125,5,108
f4861fcb-d749-4bcc-ab7d-bf1b52018a06,-7.7575,110.3825,13,26
f4aa3957-3957-7e71-1690-564798df98d8,-7.7575,110.3625,19,192
f4b5358d-38a6-4c04-a2a0-284fb0abb1c4,-7.7425,110.3575,6,20
f4b65152-5152-a0e9-b7ed-79faf001c5bc,-7.7625,110.3975,16,91
f4b8165f-fbe8-448a-a066-fcf319bb3ea6,-7.7625,110.3625,6,121
f4db4921-4e06-4c33-a5ef-8b30c625807d,-7.7575,110.3825,16,27
f4e0b0b5-6e6c-4bda-86b7-224e91445d14,-7.7575,110.3775,50,225
f4e18931-a538-4503-a6ee-4fd2e7ae388c,-7.7625,110.3675,332,1439
f4ee1819-1819-0d9c-13b2-0cbcc585bf02,-7.7575,110.3725,121,482
f4ffd185-c1e7-49ee-b6f3-16474fa5c2ca,-7.7575,110.3975,15,52
f50039ac-dbbd-4ac7-9788-c33e181cc6b4,-7.7475,110.3625,4,7
f501c8a1-e251-4b8c-87fc-9a1a26d2e19d,-7.7625,110.3575,26780,105296
f50b76ae-6d5d-405a-8fdf-b70934f0ca80,-7.7525,110.3875,418,1737
f52044cb-8e7a-497d-815e-c425ca00a6ab,-7.7525,110.3975,2,30
f53580f4-80f4-6bfe-b237-f7dd5918ffbd,-7.7625,110.4125,14,81
f5433603-3603-c743-f1ca-3abba48205f9,-7.7525,110.3775,14,69
f547d8fb-8111-4ccb-bd83-bc5ef20a8208,-7.7625,110.3975,21,59
f5a5d134-d134-0807-e783-745aefb7a222,-7.7625,110.3925,2,32
f5ab58fc-946c-43c9-818d-ccb0090a8cff,-7.7475,110.4025,23,62
f5ac874e-5a41-4609-9c9e-cab3bf57a0d8,-7.7475,110.3925,6,10
f5b28886-d541-4aac-a3f8-816779248741,-7.7575,110.3825,11,45
f5c4c84f-72f9-4710-a04c-36f796777754,-7.7575,110.3875,2,5
f5cd1ec6-1ec6-b9e0-7968-907f0420dba1,-7.7525,110.3625,3,34
f5d2c519-c519-58d5-3ec8-b22821ddd5ce,-7.7425,110.3825,6,40
f5ef3ba0-3ba0-b5cf-604f-50e3fa4b4b69,-7.7525,110.4225,174,804
f5f852d0-d9c5-408d-bb91-a947a8fe5d33,-7.7475,110.3675,78,539
f60d5162-489d-4884-b320-ef65466f8d13,-7.7575,110.3975,4,37
f6467d8f-7d8f-7729-b495-e77a59c8a69e,-7.7575,110.3775,131,897
f65aa89f-45b3-4061-914f-5cefca6eeabe,-7.7525,110.3625,2,10
f65eedd8-edd8-2a93-cb75-8f4565aded1e,-7.7675,110.3925,6,15
f66188d0-88d0-5c1b-4112-82375902519d,-7.7525,110.3825,1,7
f668d54f-d54f-f75d-5d20-267468aec4aa,-7.7475,110.4025,37,198
f6818ffe-8ffe-f1e5-6ce7-0d95a653d29b,-7.7625,110.4325,83,446
f685754c-754c-c441-1f90-8b70364b73da,-7.7625,110.3975,4,51
f6a079a0-79a0-9df2-e584-117093131e87,-7.7575,110.3425,233,1340
f6be83bb-12e8-472b-b3a9-ec5bbaad6dab,-7.7475,110.3625,1,1
f6d0cd55-272f-4bf5-a6c7-f8a098892b70,-7.7675,110.3675,3,53
f6d6178c-969a-4c6c-bfa7-18a89125e996,-7.7525,110.4225,1,80
f715eb3e-eb3e-8f1b-a1ee-ef7620bce5e5,-7.7525,110.3625,52,95
f7218288-8288-9e59-ff74-8f211b61bb72,-7.7575,110.4275,15,72
f736ad30-c483-48f9-9495-b19fd2842485,-7.7425,110.4225,143,546
f746c7ae-0d5f-48ce-8554-3b57f1c8a800,-7.7625,110.4075,2,30
f7481dbc-b4ea-4847-84aa-8e90b0293ceb,-7.7675,110.4325,2,3
f763494f-30c0-4b19-9932-9a8810b284c5,-7.7675,110.4225,27,782
f7937ee9-3221-46c1-8055-c4c2231a19be,-7.7625,110.4125,5,13
f7aeb515-eb93-47b3-ba4a-5a8a9db295d8,-7.7425,110.3725,1,11
f7c8b1b0-7eac-4c4e-99c2-33c821f96017,-7.7525,110.3625,16,208
f7e58ec3-eb69-4c39-8188-59507f5d0d88,-7.7525,110.3725,8,27
f7fe0e62-27f4-4839-9c5e-d68fec3892f8,-7.7575,110.3975,3,19
f817f360-9f18-4086-9902-f4602e268643,-7.7475,110.3475,4,18
f821aa8f-aa8f-6f80-6d1b-e05469f581e9,-7.7625,110.4125,7,61
f840c058-c058-a64c-0413-507d6569bfcc,-7.7575,110.3975,2,25
f843beea-1b9e-4189-b9b6-5e6ccce1fde9,-7.7575,110.3975,7,38
f84bc51e-c51e-9e13-66fc-68776c58d3f5,-7.7475,110.3975,11,98
f84d99b1-5772-4c58-bd6d-0b762d6faed3,-7.7675,110.3625,14,55
f8764966-4966-91a0-7f49-caffa9fb5dfe,-7.7525,110.3725,1,8
f882dcf7-7e39-42fb-bd25-55c0d640771d,-7.7475,110.3875,27,139
f88b0f41-1110-456a-8a40-a2257537eb70,-7.7575,110.4175,9,38
f88ebb6b-bb6b-6622-2112-e7effbf62c82,-7.7525,110.3425,7,59
f89e50fa-50fa-7116-bc07-db541cec36d1,-7.7525,110.4025,12,48
f8bc0b75-e5a8-40a1-b351-4a445f26d01b,-7.7425,110.3525,66,330
f8ce3f63-083c-48b8-953d-b574123bdd78,-7.7525,110.3725,2,2
f8db1200-008f-430f-8a2a-95ceaa6d8233,-7.7625,110.3925,41,404
f8fb6704-6704-55f7-d63b-7d8397ffaf0e,-7.7475,110.3825,149,586
f906ed61-29a6-42ec-ba56-d9f52aca1266,-7.7475,110.3625,2,79
f90ae8ec-608f-4887-bcb1-a7aba639f872,-7.7625,110.4125,2,20
f90b5219-c39b-48f9-bd3f-f750fce9f77e,-7.7575,110.3975,13,36
f939ce59-ce59-0040-0d6f-b1504b52f170,-7.7475,110.3825,19,191
f93a240f-240f-6d52-549a-5af49224863c,-7.7675,110.4325,1,6
f9464e63-1d28-4147-b922-f2f8b22c4028,-7.7425,110.3525,7,377
f955848b-5eed-45a7-9bb5-f876b9cf32af,-7.7525,110.3825,7,7
f965515b-515b-07b6-b8e2-90971209ba3b,-7.7425,110.3475,4,27
f96602a6-6088-4acd-a3b5-0687a1e8b3c1,-7.7675,110.4325,4,91
f98c704f-704f-64ab-2752-54fd106c9e93,-7.7475,110.3725,33,366
f9907a39-7a39-fedf-ccdb-c05826e2c4dc,-7.7425,110.3925,2,16
f99b4c4b-6cc7-44e0-96f5-4835d6c44865,-7.7625,110.4125,1,12
f99ecf72-1457-4479-99ab-9184f1224985,-7.7575,110.3825,11,34
f9a9a610-a610-f2ba-3a46-9bd3c4a2e80a,-7.7475,110.3625,2,9
f9b98635-dc5b-41a8-14f4-8781d4cbb635,-7.7525,110.4025,365,4662
f9cb8f99-eaa0-43d3-9bd1-03afbf68854b,-7.7575,110.3875,8,8
f9cfb10e-4efb-40ce-ad15-d188a3360906,-7.7425,110.3475,2,4
f9d572f5-72f5-5778-bc24-dd7c58c8638a,-7.7425,110.3675,5,9
f9df4d66-4d66-de15-8cff-5020d5562e99,-7.7575,110.3775,196,715
f9e29517-f15c-47cd-a565-2f485b713e11,-7.7675,110.3975,2,30
f9fc4d92-4d92-f46d-947e-a808d4e83023,-7.7525,110.3875,5,288
fa049d0f-9d0f-1b40-1bd1-20d34f48f0d0,-7.7625,110.4075,11,19
fa0f3929-3929-78d7-1036-bb940bc82548,-7.7625,110.3825,228,2407
fa1e37eb-37eb-9acf-2ae4-7e2f46b7587a,-7.7525,110.3725,1,13
fa1f7e47-411f-4270-9a83-ddbc2c180bc1,-7.7675,110.3675,2,15
fa224f9f-d8fb-44f2-80f2-d72c94deb29b,-7.7575,110.4025,53,582
fa399112-3c9d-45b5-b862-125bc51c97c4,-7.7575,110.3775,8,92
fa3ee356-b2c3-4251-bac4-79fa0efdc11a,-7.7575,110.3925,4,289
fa56ec66-ec66-76d3-42e9-e3a3a3362160,-7.7475,110.4125,30,73
fa63d46c-8add-4800-8815-ea7c9adba0f0,-7.7575,110.3625,5,44
fa63d5ba-cd53-4fd1-84a4-3f466795bad3,-7.7625,110.4325,4,24
fa9693cb-1a02-43a4-8353-4874d7dc96d0,-7.7475,110.3575,2,7
fac4e438-09af-4af5-96b0-eb9008f0a4e9,-7.7575,110.3875,16,40
faccdba6-3f84-4822-b91a-215a58efcbfe,-7.7625,110.4075,25,111
fad6df0a-bb99-426f-ba22-e71dd09e580d,-7.7475,110.3925,2,5
fafb5cff-5cff-7707-9aba-23d1f75638d3,-7.7625,110.3675,3,44
fb112816-2816-d76c-34dd-6396b0466b5b,-7.7625,110.3875,4,44
fb146a4b-7b91-4dd6-af8c-9afe52e24b69,-7.7425,110.4175,359,1043
fb2903f4-03f4-2790-1afe-49f59f7dca16,-7.7475,110.3875,102,1021
fb3958e3-8b23-40f4-b41e-369b230295ee,-7.7575,110.3975,3,17
fb3a9f71-a6e4-4efb-a3da-9f9685dbadee,-7.7525,110.4225,4,25
fb45a701-e2c5-463b-8f6c-203afb8a276e,-7.7575,110.3625,7,24
fb52d69c-988a-4b65-a79e-4d2b93787b28,-7.7625,110.4125,153,190
fb63deee-deee-b112-3080-4dc86f20359c,-7.7575,110.3975,2,2
fb7a9d70-9d70-bfe9-9696-5254c00dd7b2,-7.7675,110.3675,60,249
fba21c43-1c43-ff97-af7a-65686317ce72,-7.7625,110.3975,20,92
fbc7a86a-a86a-a5f5-d4ea-d40d3d1416eb,-7.7675,110.3525,4,9
fbd42389-2389-725e-2164-232fd3bfdaa9,-7.7575,110.4225,47,699
fc01eeda-f9ad-4e33-ac38-382eeef29154,-7.7625,110.3825,3,3
fc0572a0-9840-4f8e-ab5a-b253a50412c7,-7.7525,110.3875,56,278
fc0fbdb5-bdb5-49e8-3c8e-70d07948c378,-7.7625,110.4125,3,83
fc1808c6-02f4-4765-a1e7-03847926dcb0,-7.7625,110.4325,383,1442
fc5be03e-e03e-f15f-9a9d-8db658a82c08,-7.7575,110.3975,16,37
fc6d96fb-96fb-02e6-297a-e22040192313,-7.7575,110.3725,26,135
fc903841-3841-7891-26f2-66bcc44f815d,-7.7625,110.3675,253,1096
fcae4065-b5c6-4fab-9620-684e4e247195,-7.7575,110.4125,51,62
fcb0e94d-e94d-2a80-f420-a160e5500eec,-7.7675,110.3475,1,16
fcb685c6-85c6-8eed-8084-9336123f0b3d,-7.7575,110.4125,12,31
fcb85544-5544-d6d8-bd60-ffc949588dff,-7.7575,110.3625,6,180
fcc1b46f-a5f8-4de1-9884-669306f3081b,-7.7575,110.3425,321,979
fccbf284-5408-4549-b748-e093c7d01973,-7.7475,110.4125,2,49
fcfbee6e-ec21-415d-a299-d8a50ecbf23d,-7.7575,110.3775,3,12
fd255901-1a54-4a0d-877d-ea501511e0e8,-7.7575,110.3975,100,296
fd25ae6b-0cfc-4cd6-9c18-bf90cccfe50c,-7.7625,110.3425,1,18
fd68db37-1602-4e8e-8efc-74425d75f8be,-7.7575,110.3975,33,122
fd6b4a45-a8cc-437d-ab63-3170bf573561,-7.7575,110.3775,40,268
fd6cb158-79bb-455e-9b23-e4e9414ac5cf,-7.7575,110.3625,1,60
fd792735-2735-8bdc-5273-79f4cbbaf4d0,-7.7525,110.4225,9,127
fd8e40ec-40ec-2ac2-e448-93dff5d0b733,-7.7575,110.3875,13,34
fd98f1cf-f1cf-1a8d-f374-2f3f15e88fbe,-7.7675,110.4325,18,71
fda2faae-b49c-4b8a-b31a-a53021159cb9,-7.7575,110.4325,53,279
fdbf9d5f-7233-4b70-957c-41896233ad84,-7.7525,110.3825,1,18
fdcb6b72-6b72-ff19-7edf-c32c0d63bb7f,-7.7525,110.3825,1,25
fdd61df3-f9af-4091-ae33-89d6b23673cc,-7.7475,110.4125,108,116
fddd7be1-fdde-4623-9513-44300cc67779,-7.7425,110.3825,31,201
fde3cc54-cc54-ea77-804c-6952bddd714d,-7.7575,110.3675,1,19
fe0c2d89-2d89-ef98-bfef-509c97483ef4,-7.7575,110.3975,2,15
fe18497c-497c-681d-99ca-7b9e72d477b6,-7.7625,110.3775,125,582
fe32d452-2cc4-4d32-aea7-23a8ab7707a4,-7.7425,110.3925,5,19
fe3feab2-c9bf-4bc4-bc4f-6d983c1dc4e5,-7.7525,110.3725,1,1
fe58dc9a-0436-47ed-b5a0-30d1c4d28943,-7.7675,110.3425,1,38
fe5c057a-9ac8-480d-af91-a198614692f8,-7.7525,110.3725,1,11
fe5f1058-1058-bea8-6016-664117630c8f,-7.7425,110.3575,136,635
fe725370-5370-c5fe-db32-0e0afea44523,-7.7625,110.3425,318,798
fe78028b-e9d0-42b6-b28a-de2c4011f2e2,-7.7575,110.3975,89,228
fe78d00a-d00a-c904-e014-c1d2964e81b0,-7.7475,110.4175,3,20
fea6468f-a0b3-43e4-9dfc-3f551ffabbdf,-7.7675,110.3425,2,68
feb68e97-8e97-2742-6cf8-f481f1ea1151,-7.7625,110.3825,39,245
fec80f18-efad-48b3-8c22-ecca54ce33ea,-7.7575,110.3725,352,1386
fecf301d-301d-1875-a4c2-5902a321b5b8,-7.7425,110.3775,5,15
fedffc4e-bcc3-4dc9-b470-59e2c63cb8af,-7.7575,110.3975,3,19
fee7aeef-be85-4311-86a8-ca12a5865658,-7.7575,110.4125,1,28
fef875c4-75c4-e206-a81c-93417f21ccbf,-7.7675,110.4025,112,422
fef92717-57ee-433a-9d9b-582efa7fa2c1,-7.7475,110.3525,1,9
ff0aa246-3a28-47f7-92b6-172c55d9610c,-7.7575,110.3725,79,300
ff10f60a-f60a-f703-9477-68ccde203c2c,-7.7575,110.3675,242,1563
ff1761c2-c800-4d6e-9cca-944d360cd947,-7.7475,110.3675,47,230
ff1990c0-90c0-146c-d956-68515e84dec2,-7.7475,110.3625,140,391
ff1c5eb3-908f-488c-8d34-18cf1cadce6d,-7.7525,110.3625,28,107
ff2de93a-e93a-5bc7-87a9-f75b2bbd10ae,-7.7625,110.4125,48,213
ff4a77da-1b30-4f63-96db-407521fb036f,-7.7625,110.4075,4,32
ff4bcf5b-808d-4e80-a5a2-18627aa9ecb6,-7.7675,110.4325,3,18
ff54cc19-cc19-811d-c8cb-98db56f206bf,-7.7625,110.4125,50,472
ff78ab4b-bf24-461e-b3d8-eca84e05d3cd,-7.7625,110.3625,13,16
ff921bcc-ed7e-4b5a-8f46-b737a6cbe21a,-7.7675,110.3775,3,54
ff9e4358-a654-4071-8627-f0bf8011174f,-7.7675,110.4275,1,9
ffa84f79-cbc7-49c2-a997-f11665e1f721,-7.7525,110.3975,339,1287
ffaf8046-8046-c7af-8502-95087a67f7c6,-7.7525,110.3525,2,57
ffb83a86-2116-4e28-8043-0e0aea88c492,-7.7475,110.3475,159,461
ffc146e0-acb7-4962-aa6a-38f8807abe83,-7.7525,110.4275,2,69
ffd4c31d-fa2c-4c68-b142-edd18e0f59eb,-7.7575,110.4275,12,223
ffe5711e-9b7f-4c8a-a1b6-4fadf8638fe9,-7.7675,110.3775,11,54
fff7ef0c-ef0c-c6e5-f2d8-8137f54b847b,-7.7625,110.3775,2,10
00167be8-7be8-37a2-b4b4-b2dcc5eca69e,-7.7575,110.3975,0,18
0023a3fb-7fe7-48c1-83d1-4fc87b4575a9,-7.7425,110.3475,0,4
0033a812-34a8-4860-bf37-7f1d186db5b4,-7.7525,110.3725,0,7
00394710-ae46-4aa6-1360-46185b4a48de,-7.7675,110.4325,0,4
004701d4-0839-48b2-a0ca-f5a0cad4a37c,-7.7575,110.3975,0,7
004ba3cf-d0f5-4b98-959d-d130118b80b4,-7.7525,110.3725,0,37
00830079-5b4c-4678-8cca-071b0f126685,-7.7625,110.4125,0,65
008a781a-998f-4d6b-9b7e-3ee74032a8d0,-7.7625,110.4325,0,13
008e8909-dbaf-4863-bd40-8b4a1b0fe34d,-7.7675,110.4275,0,2
00a00b96-9756-4d5e-b17d-7d7754dcb643,-7.7525,110.3625,0,1
00c3bd17-bd17-a2d0-173d-40709768711c,-7.7425,110.3475,0,3
00ca5e8e-e1e2-4dfa-a278-6f0b859e634d,-7.7625,110.3825,0,5
00eef05a-3767-4939-af2e-5969ca9dd2bd,-7.7525,110.3975,0,32
010a8b7a-966a-41a4-8e43-db1af2929488,-7.7575,110.3975,0,8
01134d1e-f099-4005-ab33-a0192b4507a6,-7.7425,110.3775,0,3
011bc25b-5432-46f0-ba7d-f8c6dc8b4fa8,-7.7625,110.4125,0,4
012bf6e3-b3a1-458b-914e-e9d1fb56afcd,-7.7625,110.4025,0,10
012d1a38-f40c-4aa7-bd5a-a780cece2e2a,-7.7525,110.3625,0,17
0131c5f8-c5f8-8379-a347-2263f65fb98f,-7.7525,110.3975,0,8
01326f62-96af-4a18-b689-c7107b86abd4,-7.7575,110.3975,0,3
0139d129-d129-4367-2002-d591427dda50,-7.7425,110.3775,0,8
01528ac3-8ac3-17d2-c1ad-5da0dbf88984,-7.7575,110.3625,0,73
0156e407-7360-45eb-bb83-432876648720,-7.7575,110.3875,0,6
017ec50e-06d0-4a30-1a04-96fb8d65de30,-7.7675,110.3775,0,2
017ef803-f803-98f3-f6f7-2a45602b5100,-7.7525,110.3625,0,119
01945ecd-1278-45fb-b182-7adc1df52475,-7.7675,110.4175,0,3
01b2c334-c334-d2bb-9a8d-9d73e2f8f121,-7.7675,110.3625,0,35
01b6eb73-eb73-75d2-2746-77222655c909,-7.7525,110.3675,0,5
01c2df20-df20-d37b-7332-a8d6abb0c3d8,-7.7575,110.3925,0,6
01c6c539-c539-5c20-d88d-86fe2e24f167,-7.7475,110.3825,0,33
01c99cb9-9cb9-6820-3c75-1a4ccf669e06,-7.7575,110.3625,0,271
01cd1d68-d4f2-43f0-ade3-f9d47d285db4,-7.7625,110.4125,0,1
01d1300e-300e-a9c3-9913-2b081bcce1c4,-7.7525,110.3825,0,10
01d473fe-1f29-44cb-bb97-0eb934b81a00,-7.7625,110.3975,0,4
01f5e3d9-35b2-4a3b-a402-d166a7b79f22,-7.7575,110.3975,0,49
01f8b62b-b62b-0490-87ed-1e607583e7fa,-7.7525,110.4225,0,53
0210a217-a217-164b-c368-2e850a34ce00,-7.7625,110.4175,0,12
0229383e-383e-e89b-8d02-6ee2915cb645,-7.7675,110.3625,0,58
0229a344-76a6-486a-abed-fb9dd8f75978,-7.7575,110.3975,0,24
02451d8e-1d8e-e408-0033-1c6826943335,-7.7525,110.3725,0,3
02508a97-8a97-dfc0-f9a6-733927f82b90,-7.7575,110.4025,0,14
02615268-0623-4c97-9539-3ed4375d3a8e,-7.7425,110.3725,0,45
0261b2b5-b2b5-87d5-6c6c-1519ef76688c,-7.7525,110.3625,0,9
027684f6-1fa2-4c83-8b7f-e778801bfac3,-7.7625,110.3675,0,36
028082c1-1e5d-4009-98f7-bc4edef3c0ce,-7.7625,110.4125,0,2
02891c65-1c65-489c-aa69-0dd345a67cc8,-7.7525,110.3725,0,10
02a1bac4-3bde-4886-93fc-ced10e44b10c,-7.7575,110.3975,0,9
02a4b95d-b95d-4ae7-7198-c6541482b086,-7.7575,110.4125,0,10
02a72184-2184-606d-3aea-c437e9d643d5,-7.7525,110.3825,0,6
02c567bf-488c-42f0-b897-9264a8621854,-7.7525,110.3625,0,11
02c98daa-8daa-4814-784a-042f2ea246a4,-7.7525,110.3725,0,2
02cb27fb-4480-460f-b997-a549357159c3,-7.7525,110.3675,0,1
02de7c86-7c86-94b4-7f19-ff00d51da854,-7.7475,110.3675,0,309
02e320a6-e6be-471f-8a4a-0125aa6d8feb,-7.7625,110.4125,0,11
02f04531-f4fe-45c2-bf3d-2f83417e0ef7,-7.7525,110.3825,0,22
03151c8e-22c4-4c98-9f28-c78407416489,-7.7625,110.4225,0,16
032e2f51-f4b5-4d52-9276-823fc762a9b6,-7.7625,110.4125,0,3
034bde26-59fd-4e46-a4b7-d314b54aa072,-7.7575,110.3925,0,4
0373934f-934f-abe6-91d8-3db103f21e0a,-7.7575,110.3625,0,8
03772672-b79f-4750-84c0-ea21ca24fde3,-7.7625,110.4025,0,35
03825808-e70d-4e44-a4c4-7713375321ee,-7.7625,110.3475,0,8
0383128f-128f-7b01-0306-5ad7b46adb27,-7.7625,110.4125,0,36
0383eb04-eb04-611d-bc5b-40ef14962adf,-7.7575,110.3825,0,19
038f1c23-1c23-ad5e-933c-358cb212293e,-7.7475,110.3575,0,43
039184aa-1614-4c5b-9094-282bca57c66a,-7.7675,110.3625,0,3
03959c4d-c6a9-4587-be06-e95c57a52605,-7.7575,110.3875,0,3
03a37cae-7cae-9bf8-245e-001db9ef207c,-7.7475,110.3625,0,1
03ae2dad-2dad-3a11-a8d9-983bff6b833c,-7.7675,110.4125,0,2
03bb12e3-f7e3-43b4-1316-043344c733e5,-7.7575,110.3775,0,44
03d373b7-50ba-4468-8afb-90e463db9b78,-7.7525,110.3625,0,26
03d6aae0-aae0-9dae-1a20-51ce1ecc7c99,-7.7625,110.3775,0,9
03f0c4a6-c4a6-06db-586f-4a3e7930f16b,-7.7525,110.3725,0,3
03f83394-3394-450a-48e0-82129cfa6437,-7.7525,110.3725,0,5
03f9766e-c0f3-45cc-be4a-94959caa6f22,-7.7625,110.4125,0,1
03ffa6d3-a6d3-566c-c21a-8559bc878ff6,-7.7625,110.4175,0,2
0409727e-26a1-4169-93f3-6ffd7ebf010f,-7.7425,110.3525,0,17
0417a8f7-b998-47db-8d51-bd6554e03208,-7.7625,110.3975,0,19
0427ee97-ee97-fc0c-d5f5-5239a4f261cf,-7.7575,110.3825,0,2
0430fd9a-fd9a-ed50-cd7c-2ba42f53a799,-7.7575,110.3725,0,4
0433cbc3-99f4-4659-a85f-4aa426f77c55,-7.7525,110.3725,0,5
0466c20d-5717-422a-8983-0c4e4f01195f,-7.7475,110.3625,0,3
04680edd-0edd-e846-bc57-dd5e7036eea0,-7.7525,110.4075,0,49
046b9343-9343-1448-166e-95f6cc74b3bd,-7.7525,110.3725,0,1
0488f3b7-189b-4a03-ae7e-c3f351813d0d,-7.7475,110.4075,0,25
04953862-3862-411f-576e-4b8d16c9918e,-7.7575,110.3925,0,3
0495cb55-4fba-4ff6-bb1a-01466d7d0328,-7.7525,110.3775,0,3
049b1834-8f76-4d3e-2d75-a431196b98ee,-7.7625,110.3925,0,2
049f12f8-a705-4613-88c6-1cce1581e88d,-7.7625,110.3775,0,27
04ab6815-66fc-4ff6-96e1-728fa2273006,-7.7525,110.3825,0,5
04b03c7f-5f5d-4c3b-84cb-34d66fc12ab7,-7.7625,110.4125,0,2
04bd60f5-31f8-4d50-8315-88a7b79c79a9,-7.7625,110.3975,0,15
04de4136-3701-4835-b0dd-af9f321f16f5,-7.7525,110.3625,0,7
04e55d9b-5d9b-3d1b-1bb6-2091e514865e,-7.7525,110.3725,0,3
05048f6c-70c8-48e5-8585-b5f8ad3b430d,-7.7625,110.4175,0,26
0504a36f-dc85-4817-8fcc-19f988e47c8a,-7.7625,110.3925,0,15
050e35be-06d9-4214-a5b1-36b6b646bd37,-7.7625,110.4125,0,3
0518a653-9101-428b-b077-625fe9ccd135,-7.7625,110.3925,0,19
0519e7b5-0ef1-4215-9b27-5cd3803bb8d8,-7.7625,110.4125,0,5
05386ed6-6ed6-870b-9ce0-4505e2ffe8a1,-7.7625,110.3925,0,6
05460432-4978-46bf-904f-82e8483b0b07,-7.7575,110.3925,0,339
05491ac7-679a-4b1f-97f9-f4cb490c4b75,-7.7625,110.3975,0,14
054f0d2f-0d2f-a567-9474-11c9ffa2b190,-7.7575,110.3975,0,48
055dee5b-723c-49c8-a0fd-1426b48c12d9,-7.7575,110.3975,0,2
05636362-6362-9f02-ca88-708d79086251,-7.7575,110.4125,0,170
056df86c-c17e-4cf8-96bc-ecc09ff9b4e9,-7.7575,110.3625,0,41
058e0760-3531-444f-95c6-6d71c83fc4d6,-7.7575,110.3975,0,4
0598ecde-47ea-429e-b3f1-0dc0aeccf578,-7.7675,110.3775,0,3
05a83453-3453-f062-7a69-1fbb9bf9e856,-7.7625,110.4125,0,13
05cbf11c-f11c-47b7-dc2f-111a542971ca,-7.7625,110.4125,0,5
05d356f3-10c6-4272-8949-8d55725004d8,-7.7625,110.3675,0,24
05fc4164-4164-19b6-24f4-1b4541bb295b,-7.7525,110.3725,0,12
060a3d99-0161-4d17-a870-9e846a0746cd,-7.7525,110.3825,0,10
061359b0-5745-457f-9b4e-e2a538b21604,-7.7575,110.3925,0,19
06150cf3-ad4d-4d1b-97c7-2ffa48e790d3,-7.7575,110.3825,0,14
0634fdae-fdae-135d-9f40-59b3eb2395ef,-7.7525,110.3625,0,10
063904d2-8e79-4ccf-bc8f-6910db222725,-7.7575,110.3975,0,1
06398d3f-955b-4bc0-8161-0d4a81f60e49,-7.7675,110.3725,0,28
063d14e7-a397-4c7a-2f7b-3726a6218e3d,-7.7475,110.3525,0,21
0662429c-429c-90b7-b622-c55f595ac55a,-7.7675,110.4325,0,6
0667c001-05c8-46eb-be64-e122297594f0,-7.7575,110.4025,0,16
066e3e7a-3e7a-152b-837b-d35fc191c109,-7.7625,110.3975,0,6
067018e2-18e2-fd6d-1e38-2e1ebcc47a82,-7.7525,110.3825,0,5
06720a87-858d-4d55-83f2-7cb817fd3377,-7.7625,110.3625,0,15
067aa6e7-fcf5-4441-9f83-4847fa6a2748,-7.7525,110.4225,0,2
067c04e1-4fe9-45a1-95be-df016b23032a,-7.7575,110.4025,0,34
068576f2-ae06-4182-b77f-ea95a17e8f6b,-7.7525,110.3625,0,5
069f6d69-6d69-45f3-0f2e-1986f8bb0889,-7.7625,110.4125,0,2
06bd88b8-5cbf-4f3c-8df0-d0e617a4dddf,-7.7625,110.3625,0,3
06bffcc3-aed3-4248-9e83-f28b3c4d95f4,-7.7525,110.3625,0,40
06d6d123-1dc2-450c-8c3d-a71257055127,-7.7675,110.4125,0,16
06f18a0d-8a0d-fa87-558d-9d519bc6247e,-7.7525,110.3725,0,2
07056c3a-6c3a-fc82-ec4a-0d675ff176d1,-7.7575,110.3975,0,3
071ebe80-3e10-4f05-a9a1-ce09242ab84b,-7.7625,110.3775,0,4
071efdc8-7375-4869-96cd-864ac5b95b46,-7.7575,110.4075,0,1
072b9c1f-c387-4652-9750-1dc76654fcde,-7.7575,110.3925,0,1
07392065-2065-7e55-da95-7f406e392b1b,-7.7625,110.3975,0,15
073bc669-c669-eddb-1662-883c4bf5166d,-7.7525,110.3725,0,4
074a29ab-29ab-18dd-9207-dd3bcc9398fa,-7.7425,110.3725,0,3
07adabb6-abb6-cf1c-ca24-830d69364521,-7.7625,110.3975,0,13
07afa59f-a59f-d50e-ce9e-32b9b14d8d34,-7.7625,110.3975,0,12
07be4bce-4bce-7a8c-d09f-99d141bbae16,-7.7575,110.3825,0,18
07d18c41-8c41-8c9f-0b54-425231801998,-7.7425,110.3475,0,3
07e64b9a-7a59-427d-9a07-e6a88816d1ca,-7.7425,110.4075,0,72
07f34a9e-5b6f-4618-b8a8-244bd6db5005,-7.7625,110.3925,0,5
07f41c98-482d-4aff-97f6-b5cb8f524024,-7.7575,110.3975,0,24
07fa1265-1265-66db-8fbb-0d96ea713d9e,-7.7625,110.4225,0,3
080632bd-312b-4dee-9982-7ed9829fe908,-7.7475,110.3625,0,29
080be8e1-e8e1-b7d2-e2ca-ec23d6f62fcc,-7.7625,110.3975,0,6
0811fee2-fee2-ca7a-b222-cdc148e87ded,-7.7575,110.3975,0,4
08219077-6df8-489f-2de0-06e894a9f7f2,-7.7525,110.3725,0,10
0828be82-1360-495b-a882-4f6646c450e6,-7.7525,110.3625,0,8
084de838-e838-0330-795c-d3aad4c2f6dc,-7.7525,110.3875,0,4
084f0874-d2da-41fc-a510-ce77354c7e2f,-7.7575,110.3875,0,6
085e8cb4-6438-4b08-a34a-16cad2ccbd09,-7.7525,110.3625,0,14
08640e89-0e89-1469-8238-caa0ad50cf3b,-7.7525,110.3625,0,16
08651185-1185-de40-ddab-886b24f0347e,-7.7675,110.3825,0,133
08829036-17f8-4fda-abe7-294bf16ec714,-7.7625,110.3825,0,41
0887eef2-eef2-6d3d-97fc-b1e73953a06e,-7.7525,110.3725,0,4
08aa375e-14d5-41c2-91bf-86c48e96cf47,-7.7625,110.4125,0,3
08ac3d2c-27b3-4660-b107-0349baafa58d,-7.7575,110.3825,0,5
08ae1fa6-1fa6-777c-1cc1-ea7bf974a3e1,-7.7525,110.3775,0,3
08b3a5f7-b543-4492-9924-d3800df84bbf,-7.7575,110.3975,0,5
08cbf413-f413-6ee4-345b-77a47705c425,-7.7525,110.3725,0,2
08d81307-1307-bfc8-d327-bde1f89d202c,-7.7675,110.3825,0,12
08f72c01-2c01-2bf8-3887-2840b32567be,-7.7625,110.4325,0,101
08fb5ac5-9ffb-4c14-945f-a7c13a7138be,-7.7475,110.3625,0,1
08fc2f8e-07ee-4b25-a967-851e6d41b883,-7.7575,110.3925,0,6
0900ec0c-ec0c-f4c5-404c-dc41e7cd727f,-7.7625,110.3975,0,3
0908af3d-2bbb-4dd9-a8a9-cfc55e97fe9d,-7.7475,110.3625,0,8
090aea5c-4b89-40d0-8693-2a40346e414f,-7.7475,110.3625,0,4
090c1daa-e3cc-4365-ad02-1a8d9bd8428e,-7.7425,110.3975,0,11
091783bc-5956-4ff3-850d-1e9e01f025fc,-7.7575,110.4025,0,26
092cbe65-be65-8ed8-dd7c-b5e656b5e6d3,-7.7575,110.4125,0,29
0933e66e-262b-45df-8be4-f226120d09cf,-7.7675,110.3775,0,3
0979ce11-5be3-4fbf-8440-79871d06d1d0,-7.7525,110.3725,0,37
097ad1ad-40dd-4dee-8a36-f575eee5adc5,-7.7475,110.3525,0,10
099b5365-5365-31a9-50af-c709b9cbc635,-7.7575,110.3825,0,342
09b75a9b-5a9b-c7f2-fd1c-b4e2da0f8ad8,-7.7475,110.3575,0,60
09d2c3a2-c3a2-56e3-a2bf-41414fa11ab0,-7.7475,110.3675,0,34
09d3c522-3a47-4a40-b713-8b9d68539ca4,-7.7625,110.4125,0,5
09db7450-7450-3f2c-b23b-34955a536189,-7.7575,110.4025,0,41
09fba2b8-0c09-48e2-a268-6242455a210b,-7.7625,110.3775,0,12
0a23a7b2-c833-4207-a0b0-6e1cf7aba8f0,-7.7575,110.4025,0,55
0a2c8f33-8f33-2cb2-2bec-3d997baaf11f,-7.7475,110.3725,0,5
0a305118-5118-3dc9-e285-194596f9ec6c,-7.7625,110.3625,0,137
0a4695eb-1778-4a6d-8996-93a1ca39818a,-7.7675,110.3825,0,255
0a4e840d-5525-4adb-89dd-7178a4fbeb6f,-7.7575,110.3975,0,14
0a5a75b5-9da6-45f5-834c-5c9f6571fbb2,-7.7675,110.3775,0,7
0a5bced5-4f7e-4816-96ad-439cea555287,-7.7625,110.3925,0,4
0ad416a9-5953-4eb6-97e4-b77fb9c8632c,-7.7525,110.3625,0,33
0aeb99fa-195b-4c0c-8f8e-ef64f366ec28,-7.7575,110.3875,0,5
0affd3a7-8710-4131-8fc6-4d8214f2a5f3,-7.7625,110.3775,0,888
0b07b95b-3932-4db5-8e33-84955e978ea4,-7.7625,110.4125,0,2
0b1fcaf6-caf6-d192-ee6c-157121b5b005,-7.7575,110.4075,0,57
0b2fead5-335d-451c-ad96-9d578377d4b1,-7.7475,110.3875,0,20
0b34d3ba-f11b-4fe7-8128-f3400cfefe45,-7.7525,110.3625,0,5
0b35a08f-1805-428c-a5c1-b61b4d889751,-7.7525,110.3675,0,16
0b431c17-1c17-6f9f-3347-5dc36f1b8c68,-7.7475,110.3425,0,12
0b50706b-2cbc-4efe-8b33-d7e81e19634e,-7.7475,110.3625,0,9
0b6787d7-869e-4de8-b6ff-f3287823ad4b,-7.7625,110.4075,0,4
0b6bc6f9-c6f9-9176-f679-f3cecda9c1b7,-7.7575,110.3625,0,8
0b8431f4-31f4-8712-2c68-495f7e523ea3,-7.7475,110.3625,0,2
0b849bab-9bab-0b17-16e0-3672ae51d42c,-7.7475,110.3475,0,1
0ba23325-480a-4c8c-8a3e-d916bed833d7,-7.7625,110.4325,0,7
0ba5b8dd-1916-45b4-aa26-bba4961fb266,-7.7625,110.3875,0,12
0bae3123-1d8f-459f-abf9-eee0eb94af47,-7.7525,110.3725,0,23
0bbbfdc1-fdc1-cb15-1aa3-407488c105f7,-7.7625,110.3825,0,30
0be69d20-a5ec-4d24-87b5-30d8def087e3,-7.7575,110.3925,0,30
0becd178-c848-4a5f-b8fb-80ade55873fe,-7.7625,110.3425,0,3
0bfcce81-8bd0-47c6-9393-b7d1b6d9d9c8,-7.7575,110.3975,0,4
0c16566a-3e91-4efb-b8c2-4bde02344f8c,-7.7525,110.3825,0,4
0c248f14-8f14-aa49-17fa-9a72d33a75f7,-7.7525,110.3625,0,2
0c3fa857-a857-5e1c-5323-a8882bf72087,-7.7525,110.3475,0,51
0c4d324e-ef8f-4799-a9ef-d42c7b468e5a,-7.7575,110.3975,0,3
0c92114c-c36b-47a8-8d82-1e368c29007c,-7.7525,110.3725,0,8
0c98cd94-e811-4067-8033-493d7c53aa56,-7.7625,110.3725,0,11
0ca5875e-875e-53c0-241b-6213ef577749,-7.7625,110.3975,0,8
0cb6f198-1531-414d-b2dd-90c1854c098c,-7.7575,110.3675,0,17
0cb8d045-20b1-443b-bf48-958a144fbf7e,-7.7675,110.3775,0,2
0cc6fdb9-2631-48ed-aab4-c5d0db578ab5,-7.7675,110.3775,0,49
0cc89e3a-9e3a-c4d3-0f42-78bf2c635021,-7.7525,110.3725,0,17
0ce7f5c8-f5c8-fd28-1c68-3caab3e52b23,-7.7475,110.3625,0,3
0ced7f71-7b59-4b78-8f96-0f77718b6749,-7.7625,110.4125,0,5
0cf47aac-870b-4f31-8860-220102f97405,-7.7575,110.3975,0,29
0cf77d9b-67cd-4d8c-b971-9447f8e0ce96,-7.7525,110.3725,0,2
0cfc8c1f-8faa-4545-99a0-daa267088300,-7.7575,110.3975,0,79
0cfdd55a-d55a-804e-8845-625e9877bdef,-7.7525,110.3625,0,14
0d0cac94-ac94-52b2-06a6-7714b5b78eff,-7.7475,110.3875,0,3
0d104a6c-f8f6-430a-b02b-c5fcaffb1355,-7.7625,110.3625,0,13
0d18e468-e468-3d9a-3d52-efc846786e97,-7.7525,110.3675,0,2
0d1aad3b-ad3b-e3ad-dfd9-4adb2504c4f3,-7.7675,110.4125,0,49
0d1cdbc3-dbc3-b2b5-a0a5-da8e8d9649e4,-7.7675,110.4125,0,127
0d21360c-6686-4e55-bdc9-7f64e5996255,-7.7575,110.3975,0,504
0d3a3a6f-0c19-4fd0-a317-700472637d60,-7.7575,110.3975,0,5
0d4955dc-ff0e-4c7e-82ad-7f8340f3fcb6,-7.7625,110.4225,0,13
0d4c94d9-b2cc-4784-ae7c-d8e808fe9583,-7.7525,110.3725,0,2
0d4e9b59-9b59-e6b5-68b3-4ff4ada9e02e,-7.7575,110.3825,0,36
0d50f7c9-f7c9-db33-d7e2-f4ea933f5b94,-7.7625,110.4125,0,56
0d6f5954-a1f9-469c-b815-84d67ec90142,-7.7575,110.3825,0,7
0d81187d-187d-cc8c-9629-d9b04fb5c0a8,-7.7525,110.3725,0,3
0d857db0-e58b-48ec-b3b5-53c16ce91343,-7.7625,110.4225,0,2
0d9179c5-79c5-cf95-5fa9-a81d60a74f6d,-7.7625,110.3775,0,6
0d919fbd-9fbd-0fbe-b23e-2a9b384c235a,-7.7575,110.3925,0,5
0dd2b564-1716-47df-9071-588e62f58538,-7.7675,110.3925,0,3
0dfe2f8d-20f9-4900-b13c-20e915ccf3e9,-7.7625,110.4125,0,30
0e081f21-1f21-3693-a176-96470017da30,-7.7625,110.3925,0,7
0e1eb06e-b06e-9ddf-0387-becb929a1a95,-7.7525,110.3875,0,2
0e1f2711-a6f7-40ab-8d0d-92f031142a43,-7.7425,110.4225,0,8
0e3572bc-6fa5-431a-a56c-6bd00527fe60,-7.7625,110.3625,0,6
0e401a0d-dbfa-4de7-859a-385edcc131f0,-7.7525,110.3825,0,12
0e4a7a1b-e5cd-4095-9dd4-1fccfdd17451,-7.7575,110.3925,0,5
0e579cb5-42b5-4749-915e-e50f8f221405,-7.7575,110.3925,0,28
0e581072-3aa7-453e-b51d-6fff95532305,-7.7575,110.3825,0,4
0e6e83e6-9957-4416-ac8c-0feeb18d8eae,-7.7675,110.4275,0,11
0e7e4cd7-ca6e-454c-bbba-714c8393b88b,-7.7525,110.3625,0,12
0e98c4db-ddd7-4474-8745-95014da8157f,-7.7525,110.3725,0,16
0ea5c11c-f5df-47e1-95ff-1c23e422f299,-7.7625,110.3625,0,17
0ec30660-acac-4357-9a0c-cd343a5b5801,-7.7575,110.3825,0,27
0ec483b0-d819-4071-a7b4-03b37e1c78a7,-7.7575,110.3875,0,1
0ec4f851-f851-74b3-209c-1d6315951429,-7.7625,110.4125,0,1
0ed51081-c34f-4163-bbb8-4c32887da638,-7.7575,110.4075,0,23
0ed86e11-6e11-ab5f-5f75-4e772b048e5b,-7.7525,110.3725,0,7
0edf0929-d864-481f-b2ce-15dce6e97efc,-7.7525,110.3625,0,5
0ee2b2bc-a5c8-4b73-a8d1-74d9dd997262,-7.7625,110.3825,0,9
0efd5e4b-9bcd-4fcc-a1c3-77567e61f8b2,-7.7675,110.3775,0,7
0f0826c0-902e-4381-bc4c-9e57ac6f34d0,-7.7575,110.4025,0,5
0f152281-2281-6aa7-8b7e-0f65d45c69ea,-7.7625,110.3975,0,12
0f44e64b-79b7-4c66-9872-aa1c2fb9c61b,-7.7625,110.3925,0,31
0f4fde3b-de3b-e785-8a43-d5dcab6045dc,-7.7625,110.3725,0,20
0f588f3d-8f3d-0830-4ff8-8f267119557b,-7.7575,110.3925,0,3
0f645513-5513-c618-924f-604b89de933a,-7.7575,110.3925,0,4
0f7228b0-470c-4db4-9c5a-3c15e518eb05,-7.7625,110.3925,0,3
0f76f443-f443-5960-94d4-1e07c5692cc6,-7.7525,110.3725,0,2
0f775141-5141-8456-c353-43685be31bbe,-7.7575,110.4025,0,22
0f7b35c3-f53c-41eb-ad8a-3e49c47f1bce,-7.7575,110.3825,0,8
0f851971-adb2-47a4-bc54-bf94e8f134c3,-7.7575,110.4025,0,1
0f92f69e-f69e-02e9-8a5b-457f1b9e3103,-7.7475,110.3975,0,13
0fa0416e-92c0-4b22-b48d-a93ca5f4822e,-7.7575,110.3975,0,4
0fa2679c-8e90-4050-9919-81c0ef81c88e,-7.7575,110.3975,0,6
0fae0385-6add-40d4-8ce5-4b93c535de1d,-7.7525,110.4025,0,196
0fbb3f38-a756-4627-ae4b-b79971206a9a,-7.7625,110.3625,0,10
0fc20de0-65af-42e2-a89d-a8e3d3266cda,-7.7475,110.3725,0,4
0fc20ef1-9f71-4b8d-82ff-2d86414cee72,-7.7575,110.3875,0,470
0fc70f95-04ed-4558-b8e2-df5ee42a21a4,-7.7625,110.4125,0,5
0fd5b1e4-b1e4-ae25-a25a-14a234709eb1,-7.7475,110.3725,0,24
0fe72a5b-c52d-457e-84eb-e841f05b0649,-7.7575,110.3975,0,22
0fe73962-3962-5289-80ee-f1d2f7b49ce8,-7.7575,110.4025,0,11
0fe7e902-e902-e699-4cbd-446eadc993da,-7.7525,110.3625,0,10
0ffd8b5d-8b5d-f8ef-7b5e-c162155267b5,-7.7575,110.3975,0,12
100023d5-23d5-850f-162d-00719b927e08,-7.7525,110.3625,0,4
10062d69-2d69-c940-4d20-ad7302cd521c,-7.7425,110.3475,0,2
10086044-0ed0-4404-8965-9c68367dd64a,-7.7525,110.3675,0,2
10198c11-8c11-3891-38d0-9f402eb90d3d,-7.7575,110.3825,0,23
1028596b-94b7-49e3-97fd-296da5612ebf,-7.7425,110.3625,0,10
104ef661-f661-40de-b9c5-b699fc88e80c,-7.7575,110.4025,0,7
1060b4fb-b4fb-be25-ffab-27bd861ec071,-7.7675,110.3625,0,28
1066ccb2-ccb2-44dd-05c9-da74aab4039e,-7.7575,110.4225,0,65
106ba1e9-cb80-4740-bcfa-b243eb78bb4f,-7.7575,110.3975,0,3
10819cf7-da20-4e27-8569-5e1d6c774c5b,-7.7525,110.3725,0,12
1089e555-e555-0407-8b73-cccf5a5c8d47,-7.7575,110.3975,0,16
1089fdf3-d3d2-4972-bd6a-3663014b4eb6,-7.7575,110.3975,0,3
109be63a-e63a-c5bc-7fac-fd536acad517,-7.7625,110.3975,0,33
10a3bc4c-bc4c-8f2b-0dac-becefe9a1692,-7.7525,110.3625,0,28
10a9ed1a-77c5-458c-8cc1-810612b1c1c1,-7.7625,110.4075,0,7
10b78a7e-5741-4d3a-a6f8-b2042843c38b,-7.7525,110.3675,0,3
10c68c7d-2741-4d4e-90f9-0fb77e22cc36,-7.7625,110.4325,0,3
10d31028-94d2-48a4-bf0b-0a2278d116ff,-7.7575,110.3925,0,30
10d41161-1161-2610-1a4a-1c451e80b98e,-7.7625,110.4125,0,10
110b4741-8ba3-4eca-b0d8-adf05d39b1fe,-7.7575,110.3825,0,4
111247b2-47b2-bbc9-4432-45ba75bfc286,-7.7475,110.3675,0,112
1116a533-48ef-484d-1c6a-1eb0e592cb1d,-7.7475,110.3675,0,182
1119b81e-7419-4e0b-89ba-8b8ab0f3e283,-7.7675,110.3725,0,62
11294c72-4c72-e587-4a0a-7eb2d6655e2c,-7.7525,110.3625,0,5
1129e5ba-d15a-4108-8b6d-0353e339d108,-7.7575,110.3875,0,2
113a64ac-8e92-4023-8d12-6f5daebbec11,-7.7625,110.4325,0,4
113b7379-7379-3754-bc79-81f441ab3834,-7.7525,110.3625,0,56
1150213d-bb4b-4ffc-b6e8-d7dc7a2b1099,-7.7475,110.3725,0,34
115459f0-f53f-40e3-b4f5-547dc59e334c,-7.7475,110.3525,0,5
11894866-b47c-497b-a976-60951e97ee0c,-7.7575,110.3975,0,4
11a65270-5270-08e2-cb31-f3b39cf6c0b1,-7.7425,110.3875,0,8
11c6df0c-790a-4473-9b09-5ae6e6c654b6,-7.7625,110.4125,0,8
11daea54-ea54-cd85-dcdf-94b24d11a83f,-7.7625,110.4225,0,5
11e1f4dc-fa69-4974-a85b-2ed884c845c6,-7.7625,110.3625,0,10
120a9fec-29c6-40fa-8961-b8c8fcfddae1,-7.7625,110.4125,0,8
121f7b72-dd9e-4191-a66e-806458b50b14,-7.7475,110.3725,0,2
1222fc5b-fc5b-a097-2c06-3db70646eb0e,-7.7575,110.3975,0,25
1226c173-c173-7ed5-8def-0285dd6df677,-7.7525,110.3625,0,14
1238e58b-e58b-8a9c-37f5-bac027968164,-7.7675,110.3625,0,15
123bca4b-ca4b-549d-a4f2-c42328a20299,-7.7575,110.3875,0,8
123e7e1a-7e1a-4149-9406-1d0db948fbac,-7.7625,110.4125,0,4
1249ea3b-ea3b-1aef-5142-8d53ea78f745,-7.7675,110.3625,0,23
12568a14-8a14-d549-1214-a1ab97249fcf,-7.7525,110.3625,0,9
126b829f-a814-4f63-ab0c-84faa2363249,-7.7625,110.3475,0,8
127b6ad0-e95a-4a23-957e-2862abd5ce96,-7.7475,110.4175,0,21
12d5c538-2f74-4eb3-aeb9-f7e0ae0194bc,-7.7575,110.4025,0,7
12e661d8-61d8-563b-0e55-3b18643f6859,-7.7525,110.3725,0,5
12f6df2a-31d1-4ecf-b622-9b1e9e19eec1,-7.7575,110.3925,0,4
130afef7-8a86-43d8-95b4-a91fa3815466,-7.7625,110.4225,0,3
130b2e4b-7538-4cc1-801c-a05104696dd4,-7.7625,110.4075,0,86
1310241a-674c-449a-a6e3-353c5f714ba9,-7.7575,110.3975,0,2
132e4569-4569-0347-7e53-e6244cb99676,-7.7525,110.4125,0,8
13399cb1-8074-42cd-81e9-98fd860b167f,-7.7475,110.3625,0,20
133a55dc-8583-4905-91eb-de5bff395767,-7.7625,110.3925,0,70
13470e08-0e08-bd3c-ca2d-8057dfb3330a,-7.7525,110.3975,0,27
134e8aa7-2335-43a2-8b8f-4dacf8aff544,-7.7675,110.4325,0,40
13514ff5-4ff5-1c0b-b7e0-28adde8cf316,-7.7525,110.3825,0,4
1376aa9f-aa9f-8f75-cbf1-0439e3961b7d,-7.7625,110.3975,0,1
1376ebc6-39c3-4f70-21bd-33bcb9972875,-7.7625,110.3625,0,29
1377bf75-33f6-4084-ad4f-edc4f47a1922,-7.7475,110.3625,0,1
13adf4ff-afde-49f3-85ce-ee356c61e851,-7.7575,110.3975,0,4
13baa02e-a02e-cbf8-e6f8-54f571fe9739,-7.7675,110.3875,0,32
13c29dea-dca9-4413-1ec9-3b2fc6b5dca1,-7.7425,110.3725,0,37
13c6f718-6ac5-42f5-ad06-228031c5b61d,-7.7525,110.3725,0,29
13d2cee4-50d3-400d-86bb-f4cad40eb970,-7.7525,110.3725,0,3
13d3fb6b-a9ea-4b14-af33-b19fd7b44043,-7.7575,110.4075,0,1
13eecbf4-9a18-47e5-8c6d-b27a2567366b,-7.7525,110.3975,0,69
13fde7fb-29d4-4565-b0b8-236a0971bd71,-7.7525,110.3725,0,10
14072d84-2d84-59ee-a298-8260f67c9d3c,-7.7525,110.3725,0,4
140d4c1a-4c1a-2124-10bc-1fd521ffe0ae,-7.7525,110.3725,0,14
14125a2d-5a2d-adb0-b1d3-9732c62221eb,-7.7675,110.4225,0,11
1418f087-94fc-45ef-b095-526484522db7,-7.7475,110.3625,0,3
142c8547-80e9-487c-a6dd-e52cf4a8a46f,-7.7625,110.3625,0,10
142dddbb-ddbb-dd9e-ac90-7f77030c39cf,-7.7525,110.3625,0,31
14300029-7834-4638-8738-f99d0440593e,-7.7575,110.3975,0,4
144b6886-6886-891e-6fd0-346216dba334,-7.7575,110.4025,0,3
145251e0-51e0-52dd-fb4d-b8f122406960,-7.7575,110.3975,0,2
14553475-55e5-4023-9c3f-686cc20e1d20,-7.7625,110.4325,0,16
146a14e7-e8d1-4f0d-8ff8-10be69771d4d,-7.7575,110.3925,0,3
14730e3f-dc6f-4ba9-bca8-e1864a6e4871,-7.7575,110.3975,0,17
1474b4b4-eb39-420b-8361-c9e025cc9025,-7.7525,110.3725,0,15
147def0f-5bd7-4b26-a18e-4814d309387b,-7.7475,110.3625,0,13
14812047-2047-8413-7b00-efd1ea170719,-7.7525,110.3725,0,5
1499e0f5-35a9-4be2-8a52-9ba8099f70d0,-7.7625,110.4225,0,1
14d6738f-0254-4ce6-a375-d6c5f2f09df5,-7.7625,110.4325,0,7
14e6f914-3d38-470a-8637-1d94c8223f3a,-7.7525,110.4175,0,8
14eb2f04-edf6-40ff-8935-4a9169b04419,-7.7675,110.3525,0,53
151438e6-38e6-6bd2-edc7-d1c0aed7513e,-7.7625,110.4075,0,1
151538e5-b4b1-452e-8acf-afd3df376a6e,-7.7575,110.3675,0,3
15494206-6790-49f5-aac8-fb9caf49c3e1,-7.7475,110.3625,0,21
1562fd61-fd61-3cf8-215e-b3e80cad22e6,-7.7525,110.3725,0,11
156aaf44-af44-c10c-caf3-68b6bc48b16d,-7.7675,110.4325,0,4
158478c9-d2f8-498d-aee4-3a6ed5ea4d26,-7.7625,110.4125,0,6
15a02ee3-748d-4ff6-a516-3bff20ab8698,-7.7575,110.3975,0,39
15a68a4f-8a4f-ff58-2e27-6a1d713defef,-7.7475,110.3625,0,4
15a74eba-412a-49af-9154-0f92a8388d7c,-7.7525,110.3675,0,2
15b6cfe6-cfe6-b4e9-ea30-caa06dbaa5f7,-7.7475,110.3525,0,4
15cd69a9-61ba-4b5d-8264-e79e9072d1a6,-7.7625,110.3925,0,2
15d7ad92-13c5-4050-a449-b0ebbd9efb81,-7.7625,110.4325,0,10
15ddec64-f773-4804-8cf8-e53280b32031,-7.7575,110.3825,0,16
15fbb339-b339-555f-8a52-fd0924057b59,-7.7425,110.3625,0,7
1603e0ef-7b43-4259-94f8-5aea9f7ac7f5,-7.7475,110.3625,0,4
16075c7a-3c81-4b07-9f5c-608c63ea8a58,-7.7525,110.3675,0,6
160c01a3-01a3-8cfc-633d-8967769a5c50,-7.7575,110.3975,0,16
1628756b-756b-59c1-d4ed-8b0a6d3bd48b,-7.7575,110.3875,0,6
162b3979-7df3-4859-a3b8-1ceece6a2a8d,-7.7475,110.3625,0,9
16478569-8569-dda5-719d-a0d63b72fac7,-7.7525,110.3725,0,7
1654ea02-787b-4479-8b66-3f23c04e65ae,-7.7575,110.3825,0,4
165c9622-9622-01b5-6499-44b83fd8cf3a,-7.7575,110.4075,0,12
166237ac-2a10-4269-a046-12613e66fcc7,-7.7475,110.3875,0,3
166425ca-25ca-a7a4-c68d-35eee55a6a0e,-7.7475,110.3525,0,5
166e550d-e9a9-4251-8cf1-c5a4b0bbd15f,-7.7625,110.3625,0,19
1675a81a-a81a-4e50-cea9-af91f1347b8d,-7.7625,110.3975,0,3
167bd208-d208-3c45-139e-bcdb9f22ba4d,-7.7575,110.3775,0,6
167bd7e1-9fdf-42b0-9e23-83ed9f3a0c50,-7.7525,110.3675,0,20
169d8f23-8f23-c2e1-0951-7365afc6f944,-7.7475,110.3875,0,74
16a20991-0991-27fe-bbf7-dc76309c6296,-7.7675,110.3675,0,2
16b98ad4-59e9-40aa-aa99-540b210f8105,-7.7625,110.3625,0,3
16c48f25-f6e7-42b8-a7e8-5e6e3d801f8a,-7.7575,110.4025,0,13
16c4ae14-ae14-a9b7-98e8-913390dccb06,-7.7575,110.3825,0,6
16c54c97-91ab-4c37-a58c-2e3d580cc034,-7.7575,110.3925,0,2
16c9bd47-6f0e-48e1-ad84-1c8e7a34e087,-7.7525,110.3725,0,7
16cc3abe-3abe-3d2e-09e0-59e2a819db72,-7.7475,110.3725,0,5
16e56aeb-6aeb-9e68-13a4-ea1a6ac1d06d,-7.7475,110.4175,0,27
16ecc10a-084d-49bb-ae89-7e5b073bb31b,-7.7525,110.4125,0,9
171616d3-3f5b-4faa-af58-093f3df605a7,-7.7425,110.3525,0,11
171e4090-4090-2ace-7613-214e0854225f,-7.7425,110.3725,0,12
173da7a0-4d45-4544-b867-b6935660b43f,-7.7625,110.3775,0,31
174f3750-65a5-43d6-b2b8-448957637912,-7.7625,110.4125,0,83
174f782a-782a-871c-c122-c170765ee3f7,-7.7625,110.4125,0,15
1758e6c5-e6c5-df48-349d-2fd98fe074cc,-7.7525,110.3625,0,30
178689e2-89e2-f83a-0ff7-5d194507a6be,-7.7625,110.3925,0,10
17909639-65b5-434e-9811-21e7ac821eb4,-7.7575,110.3975,0,61
17b6e3df-96e6-4c59-9d59-ad5ccd2f9120,-7.7625,110.4325,0,32
17bc3443-3443-e914-1151-820c2d7ff451,-7.7575,110.4025,0,55
17bd2332-2332-1b76-5509-79216e3a082c,-7.7575,110.3825,0,6
1818c766-c766-0bb5-548e-8cf5204153aa,-7.7525,110.3725,0,3
181e1f37-acf8-4485-aaf0-545fe29bd031,-7.7625,110.4325,0,6
18236f2d-cf66-4d30-82a8-7bb0c8662555,-7.7675,110.4125,0,1
184d1749-1749-1d74-7e32-ab90dae8d737,-7.7475,110.3575,0,14
184d950c-496d-4a6f-adc0-e8069ccabc00,-7.7525,110.3775,0,10
18601395-3db6-466b-b17b-940bcb794463,-7.7525,110.3825,0,5
1862df0b-df0b-47bf-15e4-2dca17c8f0b7,-7.7625,110.3625,0,6
18695f8d-5f8d-58aa-448a-2be6ed08578a,-7.7575,110.3975,0,6
18792703-36cf-4ed3-b974-8dfa55020071,-7.7425,110.3625,0,6
187a0c02-0c02-d64c-6916-2ac02ccc29fc,-7.7525,110.3875,0,425
188ca32f-724b-41aa-bfb3-1385a31ec773,-7.7625,110.4075,0,1
1899bdb5-6d11-4862-81a7-73ef5ac2cf25,-7.7475,110.3525,0,2
18a86398-6398-e9e3-c94d-f07c7373170c,-7.7525,110.3625,0,11
18a8bf7f-2e57-4c1c-853d-9fc7a6fda3e7,-7.7525,110.3725,0,44
18b489f0-d88e-451a-a500-78315b26d660,-7.7625,110.4125,0,14
18bf7e39-7e39-64f9-0118-435278ee6bfd,-7.7575,110.4025,0,11
18fa8493-19c0-4f2c-b383-a10c24422874,-7.7575,110.3825,0,9
19060040-791a-4cc2-b3c2-8abb552ede77,-7.7575,110.3975,0,5
1919ac41-af00-47d6-b536-27898527363d,-7.7525,110.3825,0,1
191dc1ab-c1ab-087a-a9a0-c0958162a81d,-7.7625,110.4125,0,2
194fa770-dcd2-4af1-9f19-81ac4bd0a8c6,-7.7475,110.3625,0,1
1969837c-1e31-460e-a03b-828e7c6bebb5,-7.7625,110.4125,0,4
197272fe-72fe-475b-3adb-d43012a5e310,-7.7575,110.3825,0,27
19a67132-7688-4f8e-9d0c-46c34decc290,-7.7575,110.3925,0,2
19a945b0-1f8c-4b44-8ad4-db505d613f5b,-7.7625,110.4325,0,20
19ad161a-ffb9-4471-9875-2334e62a5ee7,-7.7575,110.4025,0,13
19b238b7-38b7-36d4-56de-e43ddadc36b0,-7.7475,110.3525,0,8
19bf88f0-88f0-9999-ab0e-235802e8bb70,-7.7625,110.4325,0,19
19e95bc2-5bc2-ff3f-6a13-2dc4489fb9cd,-7.7525,110.3725,0,14
19ec0572-f216-4e06-adb9-2927337c2fd6,-7.7525,110.3625,0,8
19edadef-adef-5618-234e-02ddaff17123,-7.7525,110.3725,0,2
19ef9d9d-ab2f-40b3-bdab-cf6bb79ff728,-7.7525,110.3675,0,2
19fdb366-b366-67ab-b5d0-2d8c29c22207,-7.7575,110.4225,0,25
1a00783f-f0a4-443e-b08f-a0f6c30b5cc0,-7.7525,110.3725,0,8
1a14f314-f314-b6d1-0e8d-a0eb44380dae,-7.7575,110.3925,0,4
1a21a636-7115-4b7d-9b14-cc7c2da4de70,-7.7575,110.3725,0,17
1a2f380a-782c-41b3-b119-85687bd2dc82,-7.7525,110.3725,0,1
1a47fa0d-fa0d-5265-d6ad-718472eb020b,-7.7575,110.3925,0,4
1a4e48d3-762d-4b57-9105-6f81db8598b4,-7.7475,110.3625,0,6
1a50f8ae-6d4a-4545-a01b-e4cba861c36f,-7.7475,110.3625,0,5
1a606855-e06f-4683-b6bb-69bad13e2fba,-7.7475,110.3625,0,37
1a69aef9-0f4a-4c24-19bd-d939e20d28ec,-7.7425,110.3975,0,6
1a829e4b-bde9-4d64-9523-c4e606cb13bf,-7.7525,110.3625,0,25
1a8e9524-9524-dc4d-2857-f3231cd2b96e,-7.7525,110.3725,0,1
1aac2c33-21d3-4a04-ba44-0c61a64144cd,-7.7525,110.3875,0,1
1acb9431-9431-b207-4f55-4ffc7824a8a8,-7.7625,110.4325,0,14
1ad7d8ee-10ba-47ce-9693-69682e8c0482,-7.7575,110.3925,0,14
1adfb5f8-0826-4674-8c32-efc5ae301c76,-7.7525,110.3725,0,8
1aec1d8d-bdf9-41c2-af3f-03096d2d6157,-7.7625,110.3625,0,4
1af2d394-5ce1-4aa2-ad64-e4c3ebe3e557,-7.7575,110.3975,0,4
1b038c07-a861-4e8c-aa19-4e4f9ff8ade7,-7.7425,110.3725,0,8
1b2b92f7-92f7-7c17-5eed-05b9f54b23c7,-7.7525,110.3725,0,7
1b2fc547-c547-29b1-1d51-97a1ce7118df,-7.7525,110.3725,0,2
1b5f42c1-c15a-4f81-a32d-3bcb144599a7,-7.7525,110.3625,0,112
1b611de7-3183-463b-9337-989f91e7e49a,-7.7675,110.3625,0,1
1b62f4ae-f4ae-15a4-23cf-f2cccfb54bbe,-7.7575,110.4075,0,3
1b6b24e3-24e3-7da1-cc0e-3d3f1f8496c7,-7.7675,110.3575,0,3
1b70eaab-f382-4221-9a8f-038fcb2851fc,-7.7525,110.3825,0,12
1b939aa2-4897-41da-2ca6-874861d901f4,-7.7525,110.3725,0,3
1b970dc9-c9ff-4239-98d7-0e5d9ae24580,-7.7625,110.4225,0,1
1b9eb283-b283-4d91-6bdb-5aeaac3ba6a7,-7.7575,110.3625,0,140
1b9fc6b0-b954-418b-b525-2578999cbcc0,-7.7625,110.4125,0,5
1ba410af-10af-954d-5302-48cc422413eb,-7.7575,110.3825,0,13
1ba79ee4-61af-4958-bb5a-4a3606b3f261,-7.7625,110.3625,0,7
1baf738e-738e-6549-4341-c4a1ec70a144,-7.7675,110.3775,0,11
1bc2473f-70d2-4e00-aec3-99223da64619,-7.7525,110.3675,0,1
1bc7ca88-c281-45c4-9501-f7cdbfa05486,-7.7475,110.3625,0,7
1bcaecc7-89ae-4a42-9c0d-4a38ace431ee,-7.7575,110.3975,0,8
1bcd6b1c-6b1c-25eb-9eab-279a74812271,-7.7625,110.3975,0,3
1bf7366f-1636-4dde-acd2-f954a1becf97,-7.7575,110.3975,0,42
1bf98a74-ec27-4c0e-8b65-b40e6685cd15,-7.7625,110.4175,0,352
1c0c177d-49e9-4b20-a02b-9df6a37a0b49,-7.7625,110.4125,0,6
1c28a2de-6901-482f-93b9-0b8f2d387989,-7.7575,110.3825,0,17
1c33d97a-d97a-a6d1-f5b9-b41062de6fc1,-7.7625,110.3475,0,65
1c3620f9-20f9-43b4-9c2a-3904681e7c4a,-7.7575,110.3925,0,10
1c39b103-cc82-49d9-bfb4-9e1e2e71d993,-7.7625,110.4125,0,21
1c3d6bfa-6bfa-df2f-8b5f-d72863886c82,-7.7475,110.3625,0,2
1c40759f-759f-c8f6-874c-d7851157ee95,-7.7575,110.4025,0,35
1c420902-0902-de19-fe0a-ccd124678a62,-7.7525,110.3675,0,2
1c50dbe1-bf8a-459a-9894-db3950513451,-7.7625,110.4125,0,375
1c5a1b91-1b91-1969-a47c-1a3684fbcb57,-7.7625,110.4125,0,11
1c6501fd-fcab-46a8-b9dc-cc204f2de464,-7.7575,110.3875,0,1
1c75f4f2-f4f2-11d9-0307-e05f56f9c507,-7.7575,110.3825,0,15
1c974066-33bc-48a1-90e7-de3fc956e6c6,-7.7575,110.4025,0,2
1ca794c4-94c4-7bfd-dabe-56936925f099,-7.7625,110.3975,0,4
1cadcd59-cd59-335a-99e6-b05aad96d09a,-7.7525,110.3625,0,80
1cd8e9eb-e9eb-be69-96ee-d288ca8c0a25,-7.7575,110.3925,0,2
1cddeaa7-eaa7-977c-6b07-99ead2d5c6c8,-7.7525,110.3725,0,1
1ce0c173-aa88-4b8a-91a0-34fa3077d518,-7.7625,110.3475,0,9
1ceceeda-0727-4061-bb00-28b149377f1c,-7.7475,110.3875,0,3
1cf2928b-99ce-4fd8-833e-e59dfe6a0fc1,-7.7575,110.4025,0,19
1cf8b603-6dd5-4c98-8304-baca59d99e16,-7.7625,110.3675,0,6
1d213b89-f3b7-424f-9915-6562449e6128,-7.7575,110.3975,0,4
1d26668a-668a-9291-ca13-8369f04f7b52,-7.7475,110.3875,0,14
1d2876e7-af42-4e31-87f5-0c7c1d1ecafc,-7.7525,110.3725,0,3
1d2a517a-517a-597c-e762-72fc43cbae8e,-7.7675,110.3625,0,32
1d2e3161-3161-256e-985d-069c272fc9f2,-7.7575,110.4075,0,3
1d464825-4825-c52c-f409-c5c02e5f5e57,-7.7575,110.4025,0,10
1d557e9b-4b93-4794-83cd-c162c5de5798,-7.7575,110.3825,0,27
1d6dcc86-ac7d-4710-b186-875dee1a61df,-7.7625,110.4175,0,12
1d701775-7091-4036-aef3-34f2070c9c68,-7.7575,110.3875,0,23
1d954bf0-a996-464f-9ba1-7a7ec186fbe9,-7.7625,110.3625,0,82
1d978289-54bc-4e4d-aaef-d0176fddafcc,-7.7525,110.3725,0,1
1da9ff77-8c66-46d5-98b2-8973d27ee9e2,-7.7625,110.4175,0,3
1db47c6d-b780-4c36-a529-f8eb012d7523,-7.7625,110.3825,0,15
1dda7d81-4081-4f8f-8162-931e4fb6027d,-7.7575,110.4025,0,17
1deba269-c171-4bde-a2bd-9002b5ec6e69,-7.7625,110.3625,0,4
1df0ad55-1376-4620-b3ec-9c2c68a2bbdb,-7.7625,110.4125,0,3
1df47bb1-7bb1-06ea-aa6e-3af6b122f08c,-7.7675,110.4325,0,2
1df9a5bd-1f06-4cae-94d0-ef1777b69e9e,-7.7625,110.4125,0,6
1e04013e-362b-41d0-aa2c-89186f884b8c,-7.7575,110.3975,0,35
1e2d8175-a634-4791-a62e-7f0bbc49dd5e,-7.7625,110.3775,0,8
1e330816-0816-c818-f33b-fe147d951362,-7.7625,110.3675,0,4
1e3b2fa6-9cfe-46b1-9ded-548e8b249591,-7.7525,110.3725,0,10
1e46a385-a385-6a7d-b4f8-0d6944c391c7,-7.7575,110.3975,0,4
1e60a5f5-a5f5-916d-482f-150645e0d2b5,-7.7575,110.4025,0,17
1e6214ab-14ab-f89b-4b07-1514331cbe45,-7.7525,110.3725,0,3
1e6ff25d-f25d-11e1-d2c0-8d48a974c163,-7.7475,110.3675,0,46
1e7090fd-90fd-2e57-5cf7-9c2e7353b973,-7.7575,110.3825,0,3
1e7fe3a5-81d7-42b8-b106-524e1985f651,-7.7525,110.3825,0,5
1e99e164-98c3-45cc-b617-b3a97869803c,-7.7625,110.3975,0,88
1e9e47e0-bff4-41fb-8ed2-7fcb9b2f1086,-7.7525,110.3725,0,5
1ea11780-1780-450e-5de5-ff565f2a298b,-7.7525,110.3725,0,2
1ea8aed8-aed8-4e1b-8a96-34ca0c28ea48,-7.7625,110.4125,0,39
1ea8f536-4683-4913-8d18-a2c04b7cc41c,-7.7675,110.4275,0,1
1eb024cc-6ae5-4ebb-84cf-85524809a107,-7.7625,110.3975,0,24
1eb8c9a9-4c54-43cf-bd56-68abae2a7a60,-7.7625,110.4225,0,14
1ebc2949-2949-06e4-a9dd-670d20b15c09,-7.7575,110.3625,0,15
1ec0b795-ea90-49a8-bee0-b1c469f0c7d7,-7.7525,110.3725,0,1
1ec7a1e4-a91e-4129-be91-0b67eb4285db,-7.7625,110.4125,0,3
1ecd6115-b983-4ef8-b1ee-41ccd157862e,-7.7675,110.4325,0,20
1ecea026-a026-3baa-9789-fc9a0a8179ad,-7.7625,110.4225,0,6
1ee2464f-67ee-46fc-9145-2e6e47edde70,-7.7525,110.3625,0,31
1ee36460-4fff-4447-2e64-9ca0d28b8556,-7.7425,110.3925,0,12
1ee451cc-e787-4c28-bde3-d8a6e3a4f831,-7.7625,110.3775,0,23
1ef6a389-a389-8676-20d1-3e5005d341e0,-7.7475,110.3725,0,5
1eff8b8a-8b8a-7154-6f03-1e51b772228a,-7.7625,110.3825,0,13
1f3718c1-dfd7-4873-9ec3-8f24111c543e,-7.7625,110.3625,0,17
1f4691e4-91e4-c7b3-e208-f4ac686f1c70,-7.7625,110.4175,0,4
1f48a580-5eaf-480e-13e8-642228dbe318,-7.7675,110.4325,0,8
1f6401e9-6ce8-4d65-8d2a-e45f18096f8d,-7.7525,110.3725,0,8
1f65249d-249d-a00a-87b6-25809b02bea0,-7.7525,110.3775,0,19
1f76303c-303c-2464-c72f-26446fb913b6,-7.7625,110.3975,0,34
1f78f365-f365-7f38-01e3-9210e95d91eb,-7.7525,110.3725,0,41
1f7ff978-f978-b29d-2b8a-045005efb65e,-7.7675,110.4125,0,15
1f817488-b4f4-4ea3-bf0e-c6190bbe133f,-7.7575,110.3825,0,6
1f8331b9-ad3a-4f99-a8e4-31b25e7984e7,-7.7625,110.4075,0,2
1f83dbd9-7389-4992-becc-2b63891e21f0,-7.7675,110.3775,0,13
1f99362f-da87-47bb-a843-3b7b2121df13,-7.7625,110.3975,0,14
1fa5a31a-a31a-bfca-0adc-a52baadc96b2,-7.7425,110.4225,0,58
2003496a-496a-5e61-69fd-1203182408ce,-7.7575,110.3975,0,8
202514fa-14fa-0a14-bc0a-07355703660b,-7.7575,110.4075,0,3
2030f25a-f25a-8794-4ea8-5b4dc09565a5,-7.7425,110.3775,0,7
2041b328-b328-91cf-b0b1-254e5a852c4a,-7.7625,110.4125,0,3
204f3043-3043-639b-5bd0-b69177570447,-7.7625,110.3825,0,33
205d202c-202c-917a-8b0d-c9cf58b07e13,-7.7625,110.4175,0,31
20673554-3554-f0e7-d4ef-4387098df71b,-7.7575,110.3975,0,119
206d1592-e2bc-4c71-b5e5-7a6f8d9a95ab,-7.7525,110.3625,0,55
20797e35-7e35-5788-35a7-96db02271d5a,-7.7525,110.3725,0,11
20837678-481a-4d8b-81dd-19979a7c6d36,-7.7425,110.3625,0,106
2087223c-223c-1912-32dd-019497320d7c,-7.7625,110.4075,0,5
20a1a323-7489-4527-2c8c-010fd17ee03e,-7.7675,110.4275,0,2
20a86b8c-6b8c-7fea-45f7-9c8cd573f494,-7.7575,110.3975,0,5
20a8cd31-3a1e-4453-b175-01a6d6324c7b,-7.7625,110.3975,0,7
20b45570-f9cf-4691-a515-2810326ed5fe,-7.7625,110.4225,0,8
20c8b6a4-b6a4-770a-01aa-d4691fa189ca,-7.7625,110.3975,0,17
20ccaf20-7309-45fc-a66f-f12fecec7594,-7.7425,110.3475,0,1
20d08e5b-8354-40ee-99f5-8711cccea1d5,-7.7575,110.3975,0,20
20d0a24f-0b6c-4e98-b161-9f78c05cec92,-7.7575,110.3925,0,21
20dd8bc9-8bc9-7855-d875-562caf2f463f,-7.7675,110.4075,0,13
20f226be-3f33-423d-8875-c49c98d42eae,-7.7425,110.3525,0,681
2104ea66-4012-4a5b-1876-3b93217649f5,-7.7625,110.3675,0,1
210a7b77-7b77-c9a0-4b2a-7f04ebed0387,-7.7525,110.3725,0,60
211efc6e-fc6e-a0da-0223-9541de0d6fc4,-7.7575,110.3925,0,9
21222f3e-025d-4c4f-a402-566e7fd9f142,-7.7525,110.3625,0,37
212514e0-e4ed-4500-8a19-0a6ff6b59459,-7.7575,110.4075,0,4
212b27da-7acd-4e20-8bca-528b74c498ab,-7.7575,110.3625,0,18
215787a5-87a5-53ab-0013-f90e6bdc586f,-7.7475,110.3425,0,2
216693c5-351b-4ecb-9e5e-7fba6749b357,-7.7525,110.3625,0,10
217da3de-45ef-447d-b29d-7ed9ccfb87c7,-7.7425,110.4025,0,11
217f37ab-37ab-3424-6ae9-c854e39c6501,-7.7575,110.3625,0,2
2189eaae-dfb3-4037-aabe-47be702e168d,-7.7625,110.3975,0,23
219545db-1093-4d11-8b06-5c4e2939b9de,-7.7475,110.3725,0,2
21c7780c-2db4-4be4-afd4-42be871220b7,-7.7475,110.3675,0,2
21e433bb-33bb-3070-3d0e-c4c3946ac378,-7.7575,110.3975,0,7
21ee0f9b-bef6-47d1-8aef-322ca71141f6,-7.7675,110.3725,0,16
21f695be-95be-b59e-4fd7-350b6025e48a,-7.7675,110.4275,0,6
21ff6e34-6e64-485b-a88b-701970b7862c,-7.7675,110.3775,0,31
220b5f6b-5f6b-1196-886a-9ad34b2ad36b,-7.7425,110.3625,0,721
22277900-ec5c-49eb-8b2f-1f2a18c402f4,-7.7575,110.3925,0,4
2238d4c4-70f2-4ead-ad2d-403de2b13018,-7.7425,110.3475,0,2
225f79c7-79c7-360d-d267-7d35ac7dff9e,-7.7625,110.4075,0,19
2263632c-df6c-4665-a3ab-be5748961f8e,-7.7575,110.3975,0,6
2264871b-119e-44fa-a73c-0a1c8eac7d44,-7.7425,110.4225,0,36
226762d3-62d3-114b-a4a4-543553be218a,-7.7475,110.3625,0,1
228574d6-74d6-5136-76e0-2f58a10013a1,-7.7625,110.4225,0,4
2286286a-21f8-4168-a3b7-5c15a336d43e,-7.7525,110.3725,0,1
22978df4-8df4-6309-8372-15e320be8231,-7.7525,110.3725,0,21
229e0ef2-2897-4d74-816e-fe3191031a34,-7.7575,110.3975,0,6
229f6898-81e0-49dd-bfd8-26dcbc6618a7,-7.7625,110.4125,0,4
22b65729-5729-2315-2849-38f36a03f3b2,-7.7625,110.4325,0,32
22bcf85b-f85b-e052-5691-22b12b7d0c0d,-7.7625,110.4125,0,3
22bf8805-8805-35cb-57d4-9792d60a1a61,-7.7525,110.3725,0,3
22c9c99a-c99a-10ab-f243-fb519b77aa69,-7.7675,110.4125,0,5
22ce6b8e-a12c-44aa-aece-71fd863bff6b,-7.7625,110.3775,0,23
22d750c6-e9a6-47a4-8099-97e9b72c02f0,-7.7475,110.3575,0,360
22f81f6b-1826-4ce6-8e62-623d1582d8de,-7.7625,110.4125,0,3
23043cd6-3cd6-cbde-7c76-6b6a074f35f5,-7.7575,110.3975,0,6
2306f781-a9c2-48bd-ae7b-4c58106a6d5a,-7.7575,110.3825,0,14
230d2189-de32-43bd-9d3e-05be4c6b2d1f,-7.7575,110.3975,0,7
2320a769-a288-4ce5-bac7-682a2133c704,-7.7475,110.3975,0,4
232bb236-48f5-4e42-8150-de6cd1f21fc3,-7.7525,110.3825,0,7
232eadd5-5de8-43a4-a311-43dfdbbe66c0,-7.7575,110.3975,0,13
2337d2ec-8a49-41d2-b289-2b5da698fbf6,-7.7575,110.3975,0,8
233dbd85-e639-4e0a-b150-050414b8a0d6,-7.7575,110.3975,0,16
233ddbe7-dbe7-560e-d83b-113b937bea5d,-7.7675,110.4175,0,60
2348c420-c420-59f8-3753-f0723216bad9,-7.7475,110.3725,0,9
2352b36b-919f-46fc-ace0-a069a2f28266,-7.7575,110.3975,0,12
235427a1-0e12-48ba-a717-1f29dbd5a68b,-7.7675,110.4125,0,2
235cfedb-ab00-4fb3-a9dd-2a0cf5bcb3d1,-7.7625,110.4225,0,2
2363ab48-fea7-434f-1c99-fa3e70d86ae7,-7.7625,110.4125,0,1
236cfde7-dc91-4ff0-bee7-657b43a550ae,-7.7525,110.3675,0,2
237412d0-56ec-4b2c-a28f-4e77fc27a05d,-7.7475,110.3625,0,5
237887dc-87dc-e37e-1182-c78583f619b1,-7.7575,110.3825,0,20
238b51c7-8a29-42c4-1d3f-bd33f8d7808b,-7.7625,110.4125,0,2
23973798-10fc-4353-2804-4e92ec7826dc,-7.7575,110.3975,0,16
23ab2a4b-2a4b-9f96-16da-8594b76dfc6a,-7.7575,110.3625,0,2
23bec629-dd65-4c1d-b2fa-623c42e1e450,-7.7475,110.3625,0,1
23c441ec-fec7-47a4-83cd-d6b63c0c23bc,-7.7525,110.3625,0,19
23c74fdf-5a87-4df9-8fd4-619dc4fd29e0,-7.7575,110.3975,0,35
23d4ba28-d437-45aa-acbe-7d039af00853,-7.7525,110.3725,0,4
23d7193b-ff31-4538-8e10-e51f2b1179b1,-7.7525,110.3675,0,1
23f22a76-417c-4810-acf9-bd1aa2a3adae,-7.7575,110.3975,0,1
23faff48-7bc9-44bd-9146-9c9b8f669782,-7.7625,110.4075,0,2
24005750-f108-446c-afd4-c20d88e93ea6,-7.7525,110.3725,0,15
240b3ffa-e3e9-4013-bd63-9b684b19a3ab,-7.7575,110.3825,0,110
2414ea02-598f-414e-9375-9768cf9b4f82,-7.7575,110.4025,0,4
2418ab80-f2d5-46f4-9fe2-9d5506091721,-7.7525,110.3625,0,1
24425624-178b-40a2-aa0f-8443ed0deadd,-7.7625,110.3925,0,21
2446426a-329c-4024-9301-c28159c9213d,-7.7625,110.4325,0,14
2455928b-928b-49cc-fd8c-3f8884f7ebce,-7.7675,110.3775,0,29
24727a03-6ff8-455c-b9bf-f10737cd60e4,-7.7525,110.3725,0,11
247bf9e1-7f5b-4884-bb67-29f2525d6a55,-7.7625,110.4175,0,35
2484de08-66f3-4cb8-9947-57e36510e174,-7.7525,110.4125,0,7
2491004b-0d2d-4855-a2b5-685bbabb9ffd,-7.7575,110.3825,0,4
2492831a-9cc4-4ffa-bf4f-7973660a2006,-7.7675,110.3525,0,6
2493a79b-a79b-d7f7-8c1b-f7457c46a003,-7.7625,110.4075,0,13
24b51cd0-4203-4c73-8e2d-97c0821002d0,-7.7625,110.4125,0,9
24c075a5-76bf-455c-8451-0315ac18c1bf,-7.7525,110.3675,0,1
24c49b2f-9b2f-1f40-62ff-f7ae66fcf5a1,-7.7625,110.4175,0,2
24c8c6be-c6be-2403-3f6a-7ca8c752ae59,-7.7575,110.3675,0,5
24cce6dc-e6dc-c81a-2c91-f2c077155399,-7.7475,110.3625,0,38
24cefa6f-fa6f-d3ef-ddbe-5d555a2a9457,-7.7625,110.3675,0,10
24dc278c-07fd-44ec-91ed-cadcabe3718c,-7.7575,110.3925,0,5
24dea5c0-e6e1-4783-a6a4-7ad3cf48f5ac,-7.7625,110.4125,0,3
24e07e7a-7e7a-b83d-071a-01d91d45217e,-7.7675,110.4125,0,15
250df0b5-1ded-448e-93fb-ca7f1ffd4798,-7.7625,110.4125,0,1
251520c5-20c5-bdeb-54d8-ea647d19641e,-7.7525,110.3625,0,3
251fb6aa-2e0e-426f-a6bf-57d04b960930,-7.7525,110.3725,0,2
252c838c-1ee9-4c82-a0a7-7ef8607a7172,-7.7475,110.3725,0,12
2538a7fa-9674-4ed6-a10d-97f9b7f696da,-7.7525,110.3725,0,25
253e0aa0-0aa0-d2cb-8534-d1f148d83e53,-7.7625,110.4125,0,2
25443c29-3c29-6d98-82d7-0798a8cf908e,-7.7525,110.3825,0,2
254f7f0d-44e6-442f-a1ef-b768c419787e,-7.7575,110.3975,0,1
255dae5a-bb79-4dc8-817d-e871821344a4,-7.7575,110.3625,0,6
2568daaf-587a-4bd1-b753-8b6f4b353a3e,-7.7575,110.3975,0,1
25924047-4047-0f65-5ca7-fe76a6d1af50,-7.7475,110.3625,0,9
25a3ef3f-ef3f-31c5-a915-9b5eb59e3f50,-7.7425,110.3875,0,54
25a453b9-c537-494a-871b-6bf59e96d94b,-7.7575,110.3675,0,32
25c2a618-b686-4335-999b-f63860ccd3fe,-7.7625,110.4125,0,3
25c5a2c9-a2c9-6a9e-bfdb-5e36d07c04ce,-7.7575,110.3875,0,1
25cd3226-9597-4ef3-8168-841130c825e8,-7.7525,110.3825,0,3
25cdb6a4-b6a4-c76f-41bb-3f706c02d964,-7.7525,110.3725,0,5
25d0e701-87f1-49dd-a90e-4d77b1ec89fb,-7.7525,110.3775,0,1
25d43676-9426-442c-a5d3-2d7b85ba2e80,-7.7525,110.3725,0,17
25d48fc4-8fc4-f8fb-2d1f-c4cef5906565,-7.7575,110.3975,0,13
25d784c7-afff-47a0-b245-8e7d616a65de,-7.7625,110.4225,0,341
25faa364-a364-d6bd-930b-e6ed1e671b4d,-7.7625,110.3925,0,1
2602ba61-2fdc-44da-9fa2-5fc9d1f3df83,-7.7625,110.3625,0,25
26295882-e4ed-489d-195e-f5cca76fc2e3,-7.7575,110.3675,0,5
262a1fb9-1fb9-b2d5-b1b3-929e02638474,-7.7575,110.4025,0,22
262beb73-2c75-47e4-226f-06ccb91fecda,-7.7575,110.3925,0,5
263a6826-825a-429b-9f0c-8eadd6520bd7,-7.7625,110.4275,0,3
26453ac4-3ac4-2405-c82f-b6d46130023e,-7.7625,110.4075,0,140
2650b197-d59f-4eed-9b0d-e8705c4e4675,-7.7575,110.3925,0,4
265b3dff-3dff-3fa2-654e-2d45ab303ab3,-7.7475,110.3875,0,22
2665df6c-df6c-6372-6056-da6ee07d75a4,-7.7525,110.3725,0,5
266667a1-67a1-b135-fbc0-0002e306c85f,-7.7575,110.3975,0,2
267b7a99-a5f0-4066-b8ac-9cf74418f062,-7.7475,110.4025,0,205
26850ab8-0ab8-06c8-c131-ae5db41890f4,-7.7575,110.3825,0,16
2691e491-e491-8c39-67e5-17852325da64,-7.7525,110.3725,0,11
26acde34-de34-c5e6-2ba7-02541a4f3f06,-7.7575,110.3725,0,12
26b3aacc-af2a-492d-935b-c8fe872af7b3,-7.7575,110.3975,0,8
26be2348-2348-be8e-1149-8cbc22b94ee3,-7.7625,110.4125,0,2
26c0af40-8503-4255-a496-7b6ab435991d,-7.7575,110.3975,0,11
26c19461-40a8-4502-956b-1cf9b0304fa0,-7.7625,110.4125,0,7
26c21bce-84d0-4991-b31d-23f50ff308a3,-7.7575,110.3825,0,72
26c77289-b7b4-45b1-a5f4-5077e87b6662,-7.7525,110.3625,0,71
26d48890-8890-0d59-3854-10bc8787e3e0,-7.7625,110.4125,0,2
26d697b9-f8de-417b-8ba3-9be9d0efb814,-7.7575,110.4025,0,4
26ecd57f-571e-4846-b681-d393f7b96d88,-7.7425,110.3525,0,14
26f9dafd-dafd-ca09-59bd-b4aed8b537d6,-7.7575,110.3975,0,51
270c5408-a503-4a2a-8b44-f3e0123c0f9c,-7.7525,110.3625,0,28
270f79de-d272-4917-8e83-57d69747fbc5,-7.7575,110.4025,0,34
271bbddf-bddf-10b9-dff0-b2de2127a356,-7.7525,110.3725,0,11
27255403-5403-3ada-46b6-3370e76f7b32,-7.7425,110.3975,0,63
272af972-9fef-490b-b3d9-e71c6034ec1e,-7.7575,110.3975,0,29
2730bae1-bae1-0693-3714-8bc5cbc6ed08,-7.7575,110.4025,0,54
273c8855-8855-038e-f627-4a29b567c817,-7.7575,110.3925,0,2
27460976-0976-78a8-d75e-ace5d78741fa,-7.7675,110.3725,0,433
274817b9-17b9-9f90-acc0-6b0dfb844d47,-7.7625,110.4125,0,5
27936dda-e06b-4fdf-1e06-dcadd4b9f80e,-7.7525,110.3725,0,4
279e43f6-f05e-4c34-80f4-bc51869296e2,-7.7525,110.3725,0,7
27a8d1f8-d1f8-1dbc-3643-859f0bb762db,-7.7575,110.4025,0,15
27b4cbdb-cbdb-32ae-af1b-2b428cf0d7a2,-7.7525,110.3725,0,17
27c6c656-784c-4ba2-9e86-d6bef1fd072e,-7.7625,110.4075,0,26
27d0b1d9-b1d9-59e1-8ded-c8c1aad43bc6,-7.7525,110.3625,0,9
27d82744-2744-77dc-16bd-ead8bc9f1e36,-7.7575,110.3675,0,7
27d87478-7478-fdb5-f29f-18021325f29c,-7.7525,110.3725,0,3
27ef4253-4cae-428a-8250-6b51465a8a55,-7.7525,110.3625,0,6
27f54058-4058-cdb0-3995-e9c3dbbf8a6e,-7.7575,110.3975,0,3
28064efc-9f12-4a03-b771-344a03731bd5,-7.7625,110.3975,0,29
282b48d3-48d3-1d01-ef80-5a366dd49932,-7.7625,110.3775,0,4
283218ee-0703-40ac-bd4d-bf6ed7d3df8d,-7.7625,110.4325,0,17
284ab761-b761-e6d4-7031-66825c4cf49b,-7.7575,110.3975,0,4
284b2b86-e2dd-4893-9755-ee3bc4940f13,-7.7475,110.3925,0,11
284b8cb2-8cb2-2061-ecf2-02d121ce1f18,-7.7575,110.3975,0,6
284c5c00-5c00-bd5b-87b3-78375327e0d0,-7.7525,110.4075,0,21
285796f0-4cf6-438c-88e9-884afdf4123f,-7.7575,110.3975,0,28
28685aea-2eb6-470e-93b5-6956abe54f4f,-7.7575,110.3975,0,25
28694c96-d447-4526-acca-386331e6b645,-7.7525,110.3725,0,4
286f046e-046e-0889-8cbc-c3ba9fb38eaf,-7.7625,110.4125,0,17
287a13c8-13c8-cbbd-98d3-3e6d7b6362d8,-7.7625,110.3975,0,2
28840c08-9602-45a6-b367-678507dd960a,-7.7525,110.3975,0,197
28ba6584-9c50-48c7-980c-d92297c6b27a,-7.7675,110.3825,0,21
28be7d02-a781-456a-943a-14bdd18d7824,-7.7575,110.3825,0,50
28cfce8e-ec6f-437b-a90c-0303008e4947,-7.7525,110.3725,0,2
28d822e7-5fbf-4a99-a2a2-bf8b8880682c,-7.7525,110.3625,0,11
28e263f1-63f1-ba7d-d23d-c1e6c46afc6d,-7.7525,110.3725,0,2
28eb07ae-5cdb-4ea7-ad2b-e18fa67d358a,-7.7625,110.3675,0,10
2909f3bb-f3bb-c16a-678b-a92593162006,-7.7525,110.3825,0,2
295fd840-5f72-43fb-89d1-00e8851aeca5,-7.7675,110.4075,0,10
2966c9ed-b122-4170-98c1-623447c9af30,-7.7525,110.3625,0,1
29764b24-bec2-4ab6-bd02-24d0312a3957,-7.7575,110.3875,0,6
2978b977-b977-e918-69be-1a0754d35609,-7.7625,110.3775,0,2
2997d6a0-ac12-4fc7-8215-84cc73611e0d,-7.7575,110.3975,0,21
2998a02c-3871-4e95-b715-a6941f4524bc,-7.7525,110.3775,0,66
29a949c0-49c0-8afd-3a2e-9536c4241a06,-7.7625,110.4125,0,8
29ac3f93-7930-45b2-a5bc-fa35f51736d4,-7.7575,110.3975,0,15
29b00776-128c-4a3a-b474-50dfe5cd9d1b,-7.7625,110.4175,0,59
29cade69-ce0a-4a87-a227-d6d4203c5f69,-7.7675,110.3775,0,5
29f41671-1671-b3af-3b87-3fe164303bf0,-7.7625,110.4325,0,13
29f67dd9-746d-4c54-a503-7b625aa94b7b,-7.7675,110.3775,0,170
2a065edc-5edc-625d-30b9-49413cc73aa2,-7.7525,110.3725,0,2
2a18cea2-3396-48e8-8fa4-ad7176ce7972,-7.7575,110.4325,0,14
2a2123a3-8f7f-466c-b086-73664836ec17,-7.7475,110.3875,0,19
2a3e8543-f7dd-4fa2-83fd-1a2e2690108c,-7.7675,110.4125,0,13
2a4328fd-5c2e-49a4-ab31-961d6fa6f2df,-7.7675,110.4275,0,3
2a45f6af-f6af-fb52-19ee-72f76ebcc634,-7.7625,110.3925,0,13
2a595c45-5c45-2d6d-085b-ca394d9824ea,-7.7625,110.3625,0,8
2a5db5e1-e587-4af0-a8ee-a73bbe153746,-7.7525,110.3625,0,2
2a88e1c3-97fb-44dd-a566-1c5e713b396c,-7.7625,110.4125,0,2
2aa33faa-3faa-8fa7-2449-be5f57ef7508,-7.7575,110.3625,0,45
2aa962fe-a1ae-4f9e-84d9-306b09fee905,-7.7475,110.3725,0,3
2ab5df16-a908-4f0c-b955-aac16f211f43,-7.7625,110.3675,0,13
2abfc818-2c8c-45ae-974f-71c4f6bef7ca,-7.7525,110.3625,0,27
2ac19913-9913-fb2f-e379-ec0afcf9c584,-7.7625,110.4275,0,75
2aca8f98-175f-4474-a3e0-09a7a926be16,-7.7475,110.4125,0,2
2acfcf4e-36ab-403d-9c35-84a9f298d37d,-7.7475,110.3825,0,9
2ad5a3bf-50c9-4d6c-92bd-869108abb049,-7.7475,110.3625,0,9
2ae1a757-95d6-4d46-84a7-7ce0abd46a17,-7.7425,110.3475,0,1
2ae6bf7b-3e6f-4e9f-8664-9f76638d1b89,-7.7625,110.3625,0,7
2ae8b276-b276-60b4-0214-2dc89dd3b7ef,-7.7425,110.3475,0,1
2af2e098-6502-4b06-b9a8-b9440cadef75,-7.7675,110.3875,0,5
2afdc82e-9925-473e-90dc-d8a453d42c2e,-7.7475,110.3525,0,1
2b08dde9-784d-42d5-b896-75b5389ffdaf,-7.7575,110.3825,0,41
2b0b9c43-9c43-705b-477f-3c8ae9cf0732,-7.7475,110.3625,0,2
2b24d706-5a68-4952-869b-c5a75a9c0b11,-7.7475,110.4175,0,11
2b27be00-e9c7-47af-9fcb-8412c91ab0c0,-7.7425,110.3425,0,3
2b3a5044-a079-4c81-b4cf-5ab07aabb690,-7.7525,110.3725,0,3
2b5293f2-11c0-4f5b-a65a-2588bae63b18,-7.7625,110.4125,0,25
2b555c5f-5c5f-37f5-bd05-a80c7146b00a,-7.7625,110.4125,0,19
2b58168a-8874-4af1-b8fd-6e839807f5f6,-7.7525,110.3775,0,2
2b5d2c03-b63b-4e76-8c73-e9a85a4c0e5a,-7.7475,110.3575,0,18
2b638ac8-95ad-430b-8ce4-3a3c4d0341e9,-7.7625,110.4125,0,2
2b6da745-a745-9a39-f064-e876260762ba,-7.7625,110.4075,0,4
2b758ae2-8ae2-bdd1-fefa-b2a56e1db18c,-7.7525,110.3725,0,13
2b78bd21-bf9f-46bd-97bc-ff30f7ef95f1,-7.7675,110.3625,0,64
2b7a2ac6-c796-42d1-98dc-b7de2ea8c10a,-7.7625,110.3975,0,25
2b93148c-cbd9-4feb-b75a-2d46d52a7fb2,-7.7425,110.3475,0,2
2b9fe665-e665-fa47-e997-4b51fa82161c,-7.7625,110.4125,0,5
2ba1cb2f-5f3d-4c68-940d-5bd8332fe560,-7.7525,110.3725,0,29
2bd941af-1a66-435b-8fd2-f081deb629a7,-7.7575,110.3975,0,28
2bf0a962-ecfa-48f8-1d61-f326fbeb6cd2,-7.7575,110.4025,0,5
2bff7428-e421-4705-bc56-9fc959000f01,-7.7525,110.3725,0,16
2c05a7de-a6ad-422d-b8e4-b1ead096d167,-7.7575,110.3975,0,2
2c0d5d6a-f2b1-4bd3-a4ec-7c3091f85d52,-7.7525,110.3625,0,56
2c18b1df-b1df-8504-be11-7fa54afa8be7,-7.7525,110.3875,0,14
2c37422d-1509-47b5-9cd4-0923fa6021dc,-7.7525,110.4125,0,90
2c41c771-fd65-44d3-bf89-425af9f5a489,-7.7675,110.3625,0,6
2c58db20-3f47-4d46-ab24-92d6fc8adbdf,-7.7575,110.3975,0,6
2c638c1e-8c1e-4b6a-93ad-559a61a12ae6,-7.7525,110.3625,0,9
2c67d754-d754-3d15-0efa-ad6704972867,-7.7425,110.3475,0,18
2c707f9e-6017-4cef-9802-0569431c429a,-7.7525,110.3625,0,16
2c7b8a9f-513b-49a2-b69e-3ebc10a66f0a,-7.7675,110.3875,0,10
2c8e3e89-3e89-2b36-96ed-60019d75fc7a,-7.7575,110.3975,0,8
2c973bdc-f612-44be-8bb9-9d1c4e7da3fd,-7.7625,110.3675,0,34
2c99a305-4969-407e-8346-9bfd4df83c44,-7.7475,110.3575,0,11
2c9ec18b-5a5e-4c09-8cfe-11b6ab6a7881,-7.7475,110.3575,0,685
2ca1bcd0-e47f-4be8-bc30-1654eecddb15,-7.7575,110.3975,0,28
2ca90bb2-2b20-475e-840d-7038382a5777,-7.7475,110.3875,0,12
2cc59c83-9c83-c20f-d05e-d758962ae732,-7.7625,110.4225,0,2
2cc5eb25-eb25-d7e5-c2ca-86b558913d48,-7.7575,110.3925,0,9
2cc9c318-c318-9080-f847-e4e771c0ef1f,-7.7625,110.3975,0,23
2ce3568a-37c0-4cb8-b02e-b40c27a60165,-7.7525,110.3725,0,9
2d08d43a-d43a-922d-dfe7-4288df56d66d,-7.7675,110.4325,0,29
2d0b1208-8ba4-48c9-9e33-eef30c62e06b,-7.7425,110.3475,0,11
2d24a5f9-a5f9-4b4f-697d-8914f27c6fb2,-7.7475,110.3875,0,8
2d2fac70-ac70-8946-afd6-4313ec51f80a,-7.7525,110.3675,0,7
2d4dffc0-ffc0-8dea-4061-11f1b8992a44,-7.7525,110.3725,0,12
2d5333db-a5be-474f-b7f3-accfed8d672d,-7.7625,110.4125,0,2
2d57ab1e-ab1e-2120-9f1b-1a44a0439648,-7.7575,110.3975,0,7
2d5c8ca8-e193-4e4c-a582-c12b1f8c5ad3,-7.7625,110.3975,0,26
2d7d2ef1-321c-484a-bc60-e5e140e98119,-7.7525,110.3825,0,74
2d902905-2905-81c6-12eb-c882838cc799,-7.7625,110.4175,0,4
2d98583e-b055-4093-8842-5be156dc6aa4,-7.7625,110.3825,0,16
2d9a8423-b6be-4ed9-9084-99f86ff12f25,-7.7525,110.3725,0,7
2da46a4d-4c9c-447e-956c-b84c56e78351,-7.7625,110.3975,0,22
2da5655f-ce45-4c41-b60e-4a11981cc096,-7.7625,110.3725,0,87
2da7e989-4ba1-4597-bad3-1e58c1534fb9,-7.7425,110.3475,0,2
2dacf736-118c-437d-a9ab-dfb2e25e1488,-7.7425,110.3625,0,687
2dc8af03-d122-4528-94ae-7134701afc93,-7.7525,110.3625,0,2
2dcaba76-ba76-142f-fe37-2a1d6a4361c0,-7.7425,110.3475,0,2
2dd4b3f4-f06f-4fcc-8894-202bcea59381,-7.7575,110.3825,0,44
2dd5859e-9c3c-4281-aa58-6effe238358c,-7.7525,110.3725,0,22
2dd72a95-2a95-7cd7-ee57-84130ee71d01,-7.7675,110.3775,0,5
2dda4505-4505-211a-4ff8-6c5ea6ee4b1f,-7.7575,110.3625,0,1
2dddb247-b247-0a4a-2b82-dc3a1ce64c49,-7.7575,110.3875,0,217
2de83a2a-4fcf-481e-94f1-532c95ca468b,-7.7625,110.4325,0,28
2df6c405-cb74-4d7b-b29c-7e53020a672c,-7.7575,110.4125,0,9
2dfd4b4f-5d71-4d6d-b81a-87e5f09a661f,-7.7675,110.4075,0,10
2e043a8b-50d9-4d56-1387-c16237b49b15,-7.7575,110.3975,0,2
2e061e35-8680-4ef1-b258-f1829d5f033a,-7.7525,110.3675,0,14
2e0a5450-aa50-4c8e-a189-eab172faedb7,-7.7525,110.3725,0,6
2e12453b-453b-41d4-3749-2ce56bf4c64e,-7.7575,110.3475,0,71
2e3c5f17-80ce-42f9-af8d-0725a23ca037,-7.7575,110.4025,0,9
2e3f9c76-8950-4d09-b052-c0ddd478eabb,-7.7525,110.4275,0,18
2e49bf6f-bf6f-13ea-b8d9-63ba5a31bdb9,-7.7675,110.3775,0,20
2e5043fe-eb27-4249-b3b2-b694d3a9fc8a,-7.7525,110.3625,0,23
2e525380-c609-4fac-a1de-56c46c3ff87f,-7.7575,110.3975,0,2
2e67ca52-b66e-4191-a8d9-85749eac2c3c,-7.7625,110.3925,0,44
2e8315c2-c777-408f-a487-519ffe3745ad,-7.7525,110.3625,0,206
2e8a61c4-e1e2-4c07-b669-8e3713cd9844,-7.7675,110.3575,0,43
2e986a75-0202-4bf8-bc08-e5fef2b2bb0b,-7.7575,110.3675,0,5
2ea3c9b2-64f6-422e-a106-2a117aa9e5c5,-7.7625,110.3975,0,3
2eb3500e-500e-e450-967f-a488d4dea70b,-7.7475,110.3425,0,3
2ec2e3d5-464f-4fbf-b65e-3a87feea666e,-7.7525,110.3625,0,10
2ec33ccb-8981-41d0-9b69-265b3f7873ab,-7.7575,110.3975,0,35
2ec6d1f6-1d8f-476d-b954-bf052b5358ec,-7.7575,110.3825,0,2
2ed944c6-44c6-521a-576b-e2dce8326633,-7.7625,110.3825,0,56
2ee00e55-e5cb-4505-997c-a70e689a5170,-7.7575,110.3925,0,11
2eef24aa-57d3-4668-ba39-cc710914aa74,-7.7575,110.3975,0,3
2ef2a61d-a61d-fbfc-4716-d9d6a7f9b502,-7.7675,110.3875,0,8
2ef9a913-a913-b8f0-59ee-3ed3d16bf894,-7.7575,110.4025,0,9
2f0254a3-acb2-4d21-ab08-0faa774671be,-7.7625,110.3625,0,2
2f12ecc4-3bb1-45e0-b114-ac03a618e638,-7.7525,110.3675,0,2
2f1316dd-16dd-ee6e-cc9a-ef006738aa2a,-7.7625,110.3975,0,3
2f2d7ff3-7ff3-c39c-84d7-0eca42272694,-7.7575,110.3975,0,50
2f3a33dc-bdbc-40da-8c95-0dbeb33bf3e4,-7.7575,110.3925,0,5
2f3b02d9-02d9-3b11-d5ab-e4a427770ff7,-7.7525,110.3625,0,4
2f48b0c2-ad04-424f-a33c-661d2451b97d,-7.7625,110.3625,0,29
2f73b031-2337-4f59-a620-ef3b4ad7c066,-7.7525,110.3675,0,2
2f965834-5834-9362-8e3d-d120b2b76805,-7.7675,110.4325,0,6
2f96869e-869e-5a00-2ddc-8cb02aaca0a9,-7.7575,110.3825,0,245
2f97d5bf-546b-4eda-23dc-c37dc3b51aa2,-7.7625,110.3875,0,15
2fb055c7-9d7a-4604-9b2f-def7229db421,-7.7675,110.4325,0,4
2fb9bc32-bc32-c0f3-4be4-8f286753a8ce,-7.7475,110.3625,0,11
2fc0170f-0dc0-407b-8293-37d5fc9ee6af,-7.7525,110.3725,0,64
2fc4a330-a330-23eb-c1d5-fb1c494af89d,-7.7525,110.3725,0,29
2fcaf247-6f21-42c4-b346-c968af22a595,-7.7475,110.4125,0,57
2fd28dd9-04c1-41cf-8143-9d003c784e25,-7.7575,110.3825,0,8
2fd46c00-6c00-9cf8-6451-23cbe7e37e71,-7.7625,110.3825,0,12
2fde7258-25c8-40b1-82a3-b148d8b1b8c6,-7.7625,110.3975,0,23
2fe235a4-1c46-439a-aae5-4c65e8d21c20,-7.7475,110.3575,0,43
2ff2efb9-efb9-978c-b455-ab4dce0a96d2,-7.7475,110.3625,0,4
30023c80-3c80-d3c9-728e-24dd02ee467b,-7.7625,110.4325,0,7
3019fdf0-81da-45ca-bfa1-de0807906b98,-7.7625,110.3925,0,6
301fbe49-be49-e4e8-a24f-d1419db83b98,-7.7525,110.3725,0,5
302ff03b-1747-4b4b-945b-a1446b9eae8a,-7.7425,110.3625,0,429
30541b18-213a-4588-a3fc-fc9f1b77891b,-7.7525,110.3725,0,6
3056c20f-96af-4df3-973c-b8ea7e296196,-7.7625,110.3675,0,11
3073ade8-7fce-459b-9020-8d9412b2bf42,-7.7525,110.3625,0,7
308144d0-44d0-0655-5e70-e121af514630,-7.7575,110.3975,0,8
30892915-2915-c8c8-50a2-57d743b4ece8,-7.7575,110.3925,0,8
308f65f7-6eba-462b-98b3-64392b2fc740,-7.7575,110.3975,0,28
30900cb6-4102-4b59-89cd-9094d0a5980e,-7.7625,110.4125,0,1
3092bc2d-0788-4cad-aa5c-b074d413f789,-7.7475,110.4175,0,25
309a7443-4423-4cc6-8c2f-1177a7918bdd,-7.7625,110.3925,0,12
30c428d2-62b9-41f0-993d-3b634ce7fdff,-7.7575,110.3975,0,10
30d53e2b-4917-455d-b348-69ac8220dda4,-7.7525,110.3625,0,6
30f933b9-63b3-406d-8e53-b84f2eef4e01,-7.7425,110.3975,0,3
30fa45ac-45ac-4cb9-2541-a118c79f41c5,-7.7575,110.3825,0,10
3100cccc-cccc-2640-b3e8-031ce4728090,-7.7575,110.4025,0,106
31074d7d-9f84-4ca6-9fdc-4218dfb3d6aa,-7.7625,110.4325,0,7
3127f09a-7718-4146-83b9-5e6b44595bd5,-7.7475,110.3675,0,587
3135313f-b548-44c1-b1b0-8294cae002af,-7.7525,110.3675,0,2
313be7a1-e7a1-fae2-d078-0aa4d3f80998,-7.7625,110.3925,0,7
3144528b-7e72-4678-aa27-2c35c933eda7,-7.7625,110.3975,0,8
3148e8e0-7af0-4111-aa1e-ee6fab8a7e3f,-7.7575,110.3975,0,26
314d4589-b4d7-4e8d-a9a5-a307e0e14d00,-7.7575,110.3825,0,22
31640da7-0da7-d5e4-02e1-ac66273b4f93,-7.7575,110.3825,0,18
317ceb23-eb23-9df1-0f1b-162d1449189d,-7.7625,110.4225,0,16
3182fef5-514b-4cbf-a886-370a40955684,-7.7475,110.3625,0,8
318887d4-fc37-476f-9b64-887155d5f42a,-7.7475,110.3975,0,31
3193cd38-f94e-4098-88aa-c1fb77d3397c,-7.7625,110.3625,0,8
31a3b34b-c91f-41b8-a6fe-e721f23b533c,-7.7575,110.3975,0,13
31ab45f9-b4a9-4483-153d-70b51bb697ea,-7.7575,110.3825,0,27
31b4eb5a-eb5a-50bd-17de-589815ddaeed,-7.7575,110.4075,0,2
31c9d3ec-392a-4f8d-9cee-845d103ff02d,-7.7575,110.3975,0,3
31efe17f-f4aa-46c4-8778-ae317c120565,-7.7625,110.4125,0,29
31f71bf9-6922-4586-b42a-a787c37b6537,-7.7525,110.3675,0,3
31fbf078-f078-7f00-0b4e-8c03929ffab0,-7.7525,110.3725,0,53
31fe45bd-45bd-823f-753c-22eaf5247f2d,-7.7575,110.3875,0,18
320133bf-33bf-ada5-14f6-d46dcdb14840,-7.7675,110.3875,0,40
320256cc-ab30-47cb-a975-8dd55ff4bcd0,-7.7525,110.4225,0,44
32073176-eb7c-49ce-a467-e8149cb0ccb2,-7.7625,110.4125,0,23
320d6f79-6f79-f3b3-6d6f-7d0ebd341951,-7.7425,110.3625,0,21
322ca5cf-b257-49f0-be3c-a69a4ccc6fce,-7.7525,110.3625,0,42
3233a56d-a56d-b6f8-3c5d-ce3b4a05e6a6,-7.7425,110.3525,0,44
324af0dd-3efe-4945-ac9c-3c427d622126,-7.7525,110.3625,0,62
32506055-6055-ab5b-8630-cceb99e95da5,-7.7625,110.4125,0,2
3261a280-b2ad-4236-a6cf-802a7d611619,-7.7525,110.3625,0,19
326ec5b1-6952-4a7a-aa8d-ed787a83abb9,-7.7425,110.3475,0,5
3287f653-f653-816b-6f67-21ff7e47a93a,-7.7625,110.3975,0,72
329906b0-06b0-e4bd-c2d9-6d44dc5ab52b,-7.7525,110.3975,0,9
329f1459-9034-4f4c-208c-3c1fa2e8cae2,-7.7525,110.4225,0,15
32b92b2c-c820-4c8a-a3f2-11141512ee5c,-7.7575,110.3925,0,39
32bee68f-3bf3-4839-b3be-68dfd0bfcb50,-7.7575,110.3925,0,10
32db7b74-3734-4df0-9a7a-aaec3e2ee1fa,-7.7525,110.4225,0,6
32dde60d-3054-4fdb-93a9-ae553201fb38,-7.7525,110.3725,0,138
32e2694b-beb6-4ef2-a11a-5db23872e379,-7.7475,110.3625,0,35
32e75fba-a2a9-4ae8-a289-083dc033c8c2,-7.7625,110.4125,0,74
32f11d58-1d58-8855-ae4a-d18879a6bdbd,-7.7625,110.3975,0,4
32faacda-1e61-49f0-87f2-721169e9a829,-7.7525,110.3725,0,1
3304e913-c7ce-4f5f-bb58-6098357ad5b7,-7.7475,110.4175,0,179
33131a86-8165-43fc-a5ef-204aed6c189a,-7.7475,110.3875,0,104
331d8fe4-8fe4-61a8-a31f-a2f3a0cc4590,-7.7575,110.3975,0,3
33274ab4-7f2d-4719-ac6c-2f53847d9cc2,-7.7425,110.3525,0,82
332c946d-e139-447e-b7c8-cb947c9355b2,-7.7525,110.3625,0,43
33459400-9400-f4e1-d17c-757312990bf7,-7.7675,110.3975,0,3
3357cc2e-cc2e-68a7-8a62-959067ca9156,-7.7575,110.3825,0,11
33588bfc-8bfc-923d-f59d-a2e87e03fbab,-7.7625,110.3975,0,54
336ba73d-2524-49c8-940e-7e5922dd2ff4,-7.7525,110.3625,0,925
336d7d84-7d84-b16b-65d3-a56191ba6e12,-7.7475,110.3775,0,11
336f2331-a683-4a95-b976-e3a5a5f52ea2,-7.7575,110.4025,0,16
3380e01e-da71-45cb-8269-23fcd6a12934,-7.7625,110.3675,0,6
338aec1b-ec1b-68b3-ee75-9dd7f131fcb3,-7.7625,110.3925,0,17
338dee92-ee92-8cb3-a48f-176c404839e9,-7.7625,110.4125,0,2
33932a1c-5252-4e5f-b445-6f7a76041ae9,-7.7575,110.4025,0,77
33b1285b-285b-5aae-c78e-43c9fdd90296,-7.7475,110.3675,0,81
33b6a95b-cc9e-4ca8-8efb-761a6e9022d7,-7.7675,110.3825,0,5
33b84ff1-d56d-421b-9005-cc2ac8035b39,-7.7625,110.3625,0,19
33b9456f-61f5-43ec-ba6e-58592a9bdb60,-7.7475,110.3975,0,7
33d4e0fd-eacc-43c5-9b25-7d2fe9bb519c,-7.7475,110.3825,0,10
33da0cbe-823c-47e1-b350-2268e5c5f794,-7.7625,110.3675,0,13
33e3d134-63ca-4675-92c5-08df52ffeeef,-7.7625,110.3625,0,6
33fb83a6-83a6-6fe4-c8d8-4937919488fd,-7.7625,110.3775,0,21
3401a199-8935-4455-834e-6e1326ae367d,-7.7575,110.3825,0,34
3409c7c5-a312-45ed-9f11-76c10de83c87,-7.7475,110.3525,0,2
341022f9-028e-4f05-9d9c-34894ed16b39,-7.7575,110.3975,0,5
34133688-2a93-4e02-8980-2ed85d4ff745,-7.7625,110.3875,0,10
3413f228-f228-f59b-fcac-b037e9f99431,-7.7525,110.3625,0,9
342210db-10db-7776-ba9b-5dc96bef8003,-7.7425,110.3625,0,3
343427a7-e0eb-41dc-bdab-10c26360b668,-7.7475,110.3725,0,6
34371f51-99af-40e3-a8fc-0ee687e5ee03,-7.7475,110.3625,0,2
343a3919-f97f-4d1a-8830-fbc121c0bcb3,-7.7525,110.4075,0,10
343ad039-172e-4775-997f-8ff8d320c9f5,-7.7525,110.3625,0,4
3449a850-8d6b-402e-a443-cc9ad6637273,-7.7525,110.3825,0,3
345afa49-e706-449d-87d9-e164f49d5dd6,-7.7575,110.3975,0,4
3466b0d5-1cb4-4e44-9822-be07c7188a31,-7.7475,110.3625,0,34
346bb431-b1be-4805-af14-a4bbf14d4c91,-7.7475,110.4175,0,8
348125c1-e190-466f-bf3b-576fe24d3d98,-7.7525,110.3825,0,8
3487154d-9d56-4821-8037-0ae57f95972e,-7.7625,110.4125,0,6
349bf1a0-f1a0-2614-d305-98d1fb6ebc96,-7.7475,110.3625,0,12
34ab4535-4535-38e4-bd69-6ec199092de6,-7.7575,110.3975,0,19
34cac25c-9bfb-4ac4-9dd6-70ba8107db56,-7.7475,110.3625,0,8
34ce6aef-6aef-53d8-daf1-997c85897982,-7.7575,110.3625,0,11
34cfe3ff-e3ff-415b-8610-350f289d76f7,-7.7575,110.4025,0,29
34e3f18a-f18a-68da-2de1-e65392804d86,-7.7675,110.4325,0,3
34e5519d-6228-45ed-a82e-5043ea24c40d,-7.7525,110.3625,0,16
34e95161-750a-4a13-84f3-e2567c1ad99f,-7.7675,110.3725,0,48
35085092-2074-4e67-2d33-7731e56aa552,-7.7475,110.3575,0,40
3508d563-d563-705e-9278-9d812619e3e9,-7.7475,110.4175,0,47
350e7084-24f2-4d40-b950-99051cfe52d9,-7.7575,110.3825,0,20
35164d81-a4bc-46bb-b135-e5862444d75d,-7.7575,110.3975,0,2
3522999d-ff19-4de1-bc71-afe2d6af0c13,-7.7525,110.3825,0,2
353a199c-6ed7-4e90-b6a4-7a484ce17eba,-7.7525,110.3725,0,25
353a413c-413c-1e12-8c35-5c50943c01a1,-7.7575,110.3975,0,62
354f196f-196f-deaf-1340-f31f5f468f8e,-7.7625,110.4175,0,4
356ea456-d5d9-4a69-896e-47e3e13971f4,-7.7575,110.3925,0,8
3583cb1b-3f4e-461c-b94a-15d1bf774f91,-7.7625,110.3625,0,11
358cbc0a-9e43-4447-aa47-8759215f90bb,-7.7625,110.4125,0,3
358e3b4e-5fa9-48e7-a140-2245e19eebb5,-7.7625,110.3975,0,3
358fe733-2de0-45fd-8aee-3e8839145cb7,-7.7525,110.4125,0,9
3590fb6d-cfd2-4838-895b-365b1fc271b7,-7.7525,110.3625,0,6
359522bf-91f7-48d7-93f1-b0c0df54b26d,-7.7575,110.3625,0,5
35a215c2-7f58-40cd-9440-cd99b3d79fa3,-7.7475,110.3425,0,23
35b29a9f-47a0-4ddc-89fc-85aab72dcc62,-7.7575,110.3825,0,42
35b67050-161a-4ee8-8543-6552777d990f,-7.7625,110.3675,0,3
35b84347-7336-4a9d-979a-b9ca788b0840,-7.7625,110.3975,0,10
35b91906-1906-1762-3956-3bb73a63c20f,-7.7525,110.3725,0,6
35bff899-f899-6b84-3929-74304ce50584,-7.7675,110.3775,0,15
35d715a1-8b38-486d-b5e9-1dae77addf60,-7.7625,110.3775,0,8
35e3e0ec-a367-4be2-8a4a-23d2c77bca24,-7.7625,110.4325,0,55
35ea14dc-14dc-ec66-4c3b-de16d1233556,-7.7525,110.3725,0,3
35f17a1d-edb7-4501-af67-9642e274a4b1,-7.7575,110.3975,0,2
35f77d2b-7d2b-d3da-fa5d-1d161524ca78,-7.7625,110.3975,0,8
360cbb7b-40a8-411d-ae9b-ba983ec364bf,-7.7575,110.3925,0,29
36331631-d60d-4b0b-88e3-bf14ff136979,-7.7625,110.4075,0,45
363c7843-4fb1-4f21-b227-78d4fdad7e39,-7.7575,110.3975,0,5
363f286d-d7b1-46ad-81de-0381298c757c,-7.7625,110.3775,0,15
363f2cfa-2cfa-1f9e-810b-60df86bff2bc,-7.7475,110.3725,0,12
365ba76a-fc24-4905-872c-78e7ad937b36,-7.7425,110.3625,0,25
365d574d-37b2-4d00-92ac-c201413a3272,-7.7625,110.4125,0,25
3667983f-b48e-406c-8477-28527b628a9d,-7.7475,110.3625,0,2
368a2436-2436-cff5-2768-d16857874188,-7.7425,110.3675,0,11
36a908ec-08ec-d3a5-1587-d910bdda071c,-7.7625,110.3625,0,12
36aca0dc-a0dc-5c0a-7c0c-2c450bcf7b83,-7.7475,110.4025,0,26
36d5d90e-0dec-498a-82ed-2bc6dbe9968b,-7.7625,110.3625,0,33
36ffb3c6-cd37-4d1b-8db5-b6a3e6c3d156,-7.7475,110.4125,0,34
3702350b-2aec-4fb1-9379-62e7fd2a8570,-7.7575,110.3975,0,3
3728df4c-df4c-8e34-dd98-79d1ba8d4a24,-7.7525,110.3625,0,4
3730be8a-be8a-8847-9b2b-9a8a0f1fca20,-7.7475,110.3625,0,1
3744a2a9-a2a9-d4ac-1392-449b2991329b,-7.7525,110.3625,0,43
374eed0f-ed0f-77ec-d15e-887a4b03b89a,-7.7625,110.4125,0,108
375b62d5-62d5-c619-9bd0-74073ec738fe,-7.7675,110.3775,0,3
37615d2d-74ea-439e-a7b5-dd2fbe1e66f0,-7.7525,110.3825,0,7
377f536a-536a-dbfb-609b-bdac966201b9,-7.7625,110.4125,0,4
37d21b9f-1b9f-d244-04d2-85379186f7e9,-7.7525,110.3725,0,17
37e1396b-8081-4813-8c4a-68a4b7244762,-7.7625,110.3875,0,105
37e98514-c7a7-4380-9c08-11db3672b519,-7.7475,110.3625,0,3
3807bb20-bb20-a234-e0e5-f0e4354a2cf8,-7.7675,110.3775,0,8
380ead92-7503-48a1-a5ce-d31d9d9ec741,-7.7525,110.3775,0,1
3816eb75-eb75-a0a1-a048-d93d05f3f637,-7.7575,110.3825,0,17
381b6f2a-d62c-4c48-983f-e2da7ff5838e,-7.7425,110.3425,0,1
381b7a19-24a4-4180-b3a0-46ff621c7647,-7.7625,110.4125,0,11
3827e8d2-e8d2-741d-a7ba-2d9d2cd18521,-7.7525,110.3725,0,2
382fd9bb-4b57-4c79-9eb3-cf24e26f18d8,-7.7525,110.3625,0,12
384a3404-95f4-40bf-2385-846d63bf30ea,-7.7575,110.3975,0,145
3858884f-421b-4c6f-b691-6eefc09cd1ca,-7.7675,110.3775,0,27
385a6381-53c6-43ed-94a6-8cc197ff6739,-7.7575,110.3625,0,32
385c0333-ff97-419a-9542-24b0b10a0a84,-7.7575,110.3625,0,6
38639082-99d2-41fd-99c9-9441a3ed1b9d,-7.7575,110.3975,0,24
3868cc74-66d5-4b2d-bd5c-47d0cfaf0cff,-7.7625,110.4175,0,2
386c424c-94cf-481e-a240-0cff461a2b6a,-7.7525,110.3725,0,25
387687fe-87fe-8dcc-f3eb-29a09225100b,-7.7575,110.3925,0,7
3879fd7f-fd7f-98c9-4997-8a3259936857,-7.7425,110.3725,0,24
388658de-a1bd-48b2-af07-40336d07346b,-7.7575,110.4075,0,23
38885ba0-816b-4a84-9254-688cbbe43a51,-7.7675,110.3775,0,5
388f53e6-443b-453e-9cb4-ae29e70536af,-7.7675,110.4275,0,1
38a00cb4-d337-4123-8af3-dc479316e7a8,-7.7525,110.3725,0,3
38b4d2e7-d2e7-8122-b75c-532ec688db58,-7.7625,110.3975,0,15
38c04f52-4f52-3600-d3d6-4d3d95b9107f,-7.7575,110.3825,0,2
38d8e32c-707a-4517-94a3-eda1ca124592,-7.7625,110.3775,0,4
38de5ae4-fdc6-407a-9cf9-950b23374f0a,-7.7575,110.3975,0,14
38e0c795-df74-47ee-8a26-9b3d78e59ec5,-7.7575,110.3875,0,22
38f3694d-f47e-4b9b-a07f-312530c82033,-7.7575,110.3875,0,21
38f86bb8-97d8-43fb-9dd5-5991be369478,-7.7625,110.3975,0,70
392534df-34df-e984-85a9-e6a17b09b416,-7.7475,110.3875,0,2
392b3ffd-3ffd-6dd8-3bf5-de597da066c5,-7.7575,110.4025,0,93
3937ba27-ba27-9078-95a1-f48aa6a13b33,-7.7625,110.4125,0,2
39401d3f-1d3f-0c95-6363-d6a5b53fded0,-7.7625,110.3975,0,12
3950097b-fb89-4735-b496-c642c12740fd,-7.7575,110.4025,0,124
39575e67-5e54-4108-9b62-775c8bf63ef4,-7.7475,110.3625,0,21
39579a41-50f7-4fc5-afbd-f4323405c607,-7.7575,110.3625,0,3
396415ab-9c34-42e8-9c0a-5b794f6aa6d2,-7.7525,110.3625,0,15
396c8827-c6b6-4eb2-a379-2557c59d4990,-7.7525,110.3725,0,83
3970e46c-0885-44e7-bf26-529ebf237521,-7.7575,110.3975,0,29
3972b61c-6a3b-41a6-8118-557f2553332c,-7.7625,110.4125,0,138
397803d3-5800-4438-bc3c-10ecb4e47b63,-7.7475,110.3625,0,86
3993122d-ff44-4a06-90c7-d13f65345446,-7.7675,110.3875,0,18
399327f0-74e5-4127-837e-a458123eb781,-7.7525,110.3725,0,12
3999312b-b5d3-4703-bd41-8b770f4f7373,-7.7625,110.4125,0,3
39a4bfb8-bfb8-a8fd-99f9-a21388161f95,-7.7625,110.3625,0,16
39ab9631-e879-49b5-918a-391932b2ed25,-7.7525,110.3825,0,9
39b92a0c-3899-4428-b713-57ab284c1698,-7.7625,110.3675,0,2
39c0fac7-fac7-10b1-84a3-cff2440c4e3c,-7.7675,110.3425,0,7
39d8acda-acda-f699-c23e-b74f352d36ae,-7.7525,110.4175,0,9
3a034bc0-cf78-4fc8-afd8-31c728db7303,-7.7575,110.3975,0,2
3a2e417a-d70c-4355-bd72-8e7ee2c79303,-7.7625,110.4125,0,15
3a30217e-812e-4703-a380-dc571be2ab67,-7.7625,110.3725,0,58
3a3afe6a-3e1c-4b24-b06d-1c56d30a2707,-7.7475,110.3475,0,2
3a400eb2-0eb2-e125-cc0a-9dab73d805e5,-7.7525,110.3775,0,2
3a412e3b-9f4a-48a3-946f-43243d59fc5f,-7.7625,110.4125,0,10
3a44c92a-cce6-4cac-8e64-00277837d2cb,-7.7575,110.3975,0,9
3a48c775-c775-ef6c-be46-bad68e12001f,-7.7575,110.3725,0,11
3a5bd42d-d42d-cbb8-532c-80176a4e55be,-7.7525,110.3725,0,19
3a5d2ea9-2ea9-f6b5-1017-822a0d51f8d6,-7.7625,110.3625,0,86
3a609afb-1b52-4f44-bf38-b0ede4602015,-7.7525,110.3775,0,10
3a6f4916-b737-44e4-b7c3-446dedfa73dc,-7.7525,110.3725,0,5
3a78f88b-f88b-bcc5-1f07-edd61ac2a525,-7.7525,110.3675,0,2
3a864e50-58b0-4ddf-bce1-b0e8ee2eceaa,-7.7425,110.3625,0,2
3a8ee796-da8f-4164-a7d0-a69985624278,-7.7625,110.3875,0,208
3ababb4f-bb4f-0a38-5964-18831c4bf84e,-7.7575,110.3975,0,12
3ac6345d-0d88-4449-a64e-28610c2fafb9,-7.7475,110.3625,0,2
3ac97dc7-7dc7-baa1-1864-343ab656ed46,-7.7625,110.3975,0,5
3acce399-e399-cf7c-6f81-3e34159d144d,-7.7425,110.3775,0,24
3ad34a23-4a23-ac95-c0ed-57ba4c5f91ef,-7.7575,110.4075,0,5
3ad761da-661f-4b4f-91a3-04231e52a14a,-7.7575,110.4025,0,5
3adf91f4-459d-4df3-9ba7-ad238e19124d,-7.7625,110.4325,0,2
3ae10319-bf1c-4f12-8f36-5dce75575245,-7.7675,110.3625,0,8
3afb9fac-2cc2-4b50-1166-9b77fd3cc0aa,-7.7575,110.4075,0,499
3b116451-c5d0-429a-9701-cbd5c55d3df2,-7.7525,110.3725,0,17
3b11ace4-2240-432b-93d2-ab65d61bd5a2,-7.7575,110.3825,0,13
3b1b57d3-57d3-c350-48ab-cce2713380f6,-7.7575,110.3725,0,41
3b1eb353-b353-269f-6166-924b6babc0a4,-7.7575,110.3875,0,2
3b76e8f7-e3f8-4645-a84e-03f293f17676,-7.7525,110.3675,0,425
3b7f2d32-8865-4bac-9447-b7f28056391e,-7.7575,110.3875,0,5
3b913e34-3ab4-4744-871d-71046ef80f60,-7.7575,110.3925,0,4
3b97240b-240b-2405-b4ad-30ddf77a0c1b,-7.7625,110.3775,0,8
3ba1e319-18f8-43c1-af41-db0db9acf915,-7.7625,110.4225,0,1
3ba36c52-2fe4-49c1-9c3d-2fa44b559df3,-7.7575,110.3875,0,2
3bc62397-e318-46a0-8d2e-08132ce90324,-7.7575,110.3925,0,611
3bc69717-9717-8416-f9c3-700547d4f3f4,-7.7575,110.3625,0,3
3bee86fc-86fc-c7ad-7c25-0e9a1d26e900,-7.7425,110.3925,0,33
3bf8a557-53a8-42ab-ad6f-8c206ff6c640,-7.7575,110.3975,0,9
3c11bb11-ae15-4691-9a36-46b5dad660f6,-7.7575,110.3925,0,3
3c120993-f7ac-4cbc-856f-89ba463b3d41,-7.7575,110.4025,0,1
3c1798aa-98aa-156d-3d8b-8ca51de14f86,-7.7575,110.4025,0,13
3c1d3455-3455-d847-3d42-671dedb881a8,-7.7575,110.3725,0,11
3c20d929-fd3c-458a-8447-ef8b92c07f2a,-7.7525,110.3725,0,22
3c25976f-976f-d4d2-684d-af04a749b85c,-7.7525,110.3725,0,6
3c436ed6-efa4-4bba-9148-d445109d4135,-7.7425,110.3625,0,6
3c4b0a17-a48d-46b8-b1d6-e324e3e73a6a,-7.7575,110.3975,0,42
3c4f7b79-7b79-4ecb-b4d9-b2a1841bb218,-7.7575,110.4025,0,75
3c7fe727-e727-2a27-bf93-2f5ffaf1d93a,-7.7675,110.4325,0,4
3c84b28d-6ac3-41ed-a87d-a8fd78ac5f26,-7.7625,110.4175,0,9
3ca3d42f-de01-4ea6-9dc4-a4539e052cee,-7.7575,110.3825,0,7
3ca64a73-c771-4612-bd29-35f825ecb1bd,-7.7525,110.3775,0,15
3ccfb71f-d82a-4e46-b692-28d920494c92,-7.7575,110.3975,0,29
3cd353ab-cd2c-494f-b89b-bd859df2bdec,-7.7525,110.3725,0,9
3cd5a223-9910-495e-b564-39713bb8da97,-7.7525,110.3625,0,33
3cdeab15-ab15-8710-98d1-62cbf460c16b,-7.7675,110.4325,0,5
3ce2ac85-3ad9-44a2-a492-cacf13fd005a,-7.7675,110.4125,0,498
3ce5beaf-c031-43c3-bca0-2f429b102675,-7.7675,110.3675,0,1
3cfad771-d771-82ee-f676-be781a81cc06,-7.7625,110.4075,0,6
3d0e1aac-d0cc-4f4a-b22a-fa4d0bca6ca5,-7.7625,110.3975,0,3
3d16e497-ec15-4c88-a68e-674a3c197f6d,-7.7525,110.3825,0,41
3d18da73-da73-15cf-00a9-3040bed8b546,-7.7625,110.4125,0,2
3d280f42-a544-46a1-a7d3-9efe3e5e140a,-7.7525,110.3725,0,4
3d56c0df-c0df-f770-e5c2-b87e21708df0,-7.7575,110.3875,0,62
3d62ebf2-ebf2-6d6c-4c0a-10aaaa9442bc,-7.7525,110.3625,0,13
3d6af973-0742-47c6-8d74-cc2aae4a62aa,-7.7575,110.3825,0,6
3d7e43c7-42cb-4a15-8288-64d127b6862f,-7.7475,110.3525,0,3
3d83b65b-b65b-47d6-7b57-3bff9f575663,-7.7525,110.3625,0,11
3d9b5b96-5b96-bcc8-47b2-fcbb9a3d12f2,-7.7525,110.3725,0,8
3db5c33d-08d2-462e-2876-ace0655e15b1,-7.7525,110.3825,0,10
3dc759e6-59e6-4541-d74c-4cd5145c2e58,-7.7625,110.3725,0,14
3dd036c6-6303-4348-b1b3-49e2a2e78f53,-7.7625,110.3975,0,17
3dd35578-5578-c8ba-732a-108bb49794ec,-7.7575,110.4025,0,4
3dd66d9b-d10a-494d-9411-2225c8742183,-7.7425,110.3975,0,110
3ddbdfb5-dfb5-a7a1-9aa0-5a987cc12b97,-7.7625,110.3975,0,6
3debb060-b178-4ee1-bdb6-14a00c8e26df,-7.7575,110.3925,0,8
3df0e47b-e47b-7f5a-473e-bb648ed942f5,-7.7625,110.3925,0,618
3dffa3f1-a3f1-74bd-4a5e-977f03902710,-7.7575,110.3875,0,1
3e430cbc-0cbc-aa7c-006b-da4dd5dfb499,-7.7525,110.3625,0,6
3e455f75-dc31-4c2b-a473-2d0bfe8a0b0f,-7.7475,110.3725,0,5
3e4b1bd9-202a-4292-86b4-35dbb0979dc1,-7.7625,110.4325,0,83
3e582bc7-2bc7-ca13-267d-51c109c30abb,-7.7475,110.3625,0,13
3e5e079f-f606-48b1-b69d-91c771a792d3,-7.7675,110.3575,0,11
3e612a78-5a58-4df5-b218-76aaf3637fcc,-7.7475,110.3575,0,5
3e66a4c0-645a-4706-b1e0-a415696befca,-7.7425,110.3725,0,4
3e800afd-0afd-7d8f-4883-5f1648262010,-7.7625,110.4275,0,20
3e889ea1-29a7-4639-b333-62e22d796cb7,-7.7575,110.4025,0,44
3e8c6f91-e1b8-48c5-82a4-7387e934f115,-7.7525,110.3625,0,5
3e9d1e0e-1e0e-dd8e-222b-c994fdf55bc7,-7.7575,110.4025,0,2
3e9ecb92-1730-4b83-a02a-a9c4509f1333,-7.7575,110.3925,0,29
3eade1b0-d97c-49e6-9ceb-21aaab019725,-7.7475,110.3725,0,13
3ecdebed-85be-49c1-ad0a-251c9f4aa924,-7.7575,110.3975,0,2
3ed3e9ab-e9ab-1cb7-815c-52067df9d3f9,-7.7675,110.3975,0,8
3ee3189e-189e-b031-3639-05832e9d9732,-7.7475,110.3975,0,1
3f042d8f-2617-4899-95a5-543fdd173ed2,-7.7675,110.3775,0,6
3f15f939-f939-0a66-2fe2-521b4f34947c,-7.7625,110.4125,0,5
3f2c018f-018f-211c-5529-b08ec73ae068,-7.7475,110.3575,0,18
3f477c11-7c11-b946-2cd2-3694cfd87feb,-7.7575,110.3975,0,8
3f4dc7d7-959c-45c2-b846-86ce114b2b74,-7.7625,110.3975,0,17
3f546e7c-94a9-4471-bceb-45c96b45e98d,-7.7575,110.3975,0,28
3f55dcc2-d85b-4e74-9613-df4356d07426,-7.7625,110.3975,0,19
3f5eb3cd-b3cd-3f26-ed68-7893f7052481,-7.7575,110.3975,0,5
3f84d57d-c023-45f6-bf86-728073835e51,-7.7625,110.4125,0,16
3fb0d115-66dd-4488-9c0a-ebf6b5c36676,-7.7525,110.3725,0,2
3fbc0422-0422-8752-4337-97f0407b2d28,-7.7625,110.3775,0,12
3fbc9cd3-ae4a-4741-931b-3578ef8651d9,-7.7425,110.3675,0,36
3fbf7867-7867-5af7-ea70-8000caad150d,-7.7475,110.3875,0,11
3fc3a323-a8f5-46b9-a854-d077675b2516,-7.7525,110.3625,0,18
3fc579b1-fa84-4c79-9ae4-e8261a34d9fc,-7.7625,110.3975,0,16
3fe8dc15-dc15-3e9f-adfd-366e75f96f5a,-7.7675,110.4025,0,25
3fe8dd64-b8c7-411e-9af7-a9ba15cf1e46,-7.7675,110.4325,0,6
3fe9e32d-2985-4e91-a245-3cdf3c9332ea,-7.7575,110.3825,0,9
3feb8916-1feb-4f46-9b55-1a7c66c81826,-7.7475,110.3575,0,13
3ff98c6b-c1b1-40c3-b57c-f63d48a455d3,-7.7675,110.3775,0,12
3ffa6508-6508-3dc0-9247-810452b9e035,-7.7575,110.3975,0,9
40078fbf-8fbf-f9e8-69fa-dcd18cd64375,-7.7425,110.3725,0,6
40180457-0457-984b-777f-ab1be0466ba3,-7.7625,110.4175,0,41
402f8fb2-b883-4150-8151-c5ce59c0386d,-7.7575,110.3975,0,4
4031ba92-6388-4409-b767-f7f40ff9c4b3,-7.7575,110.3925,0,14
40347efd-7efd-6df8-b4ae-391477417de4,-7.7625,110.4175,0,9
40365c30-8d46-45a5-b441-d4adf43d84c4,-7.7475,110.3625,0,8
403c2a21-9495-4528-932c-d5823f0224c3,-7.7525,110.3725,0,4
403fde60-906a-4fbb-909a-8d225e3e30e2,-7.7625,110.4325,0,17
40402ac5-2ac5-843d-c1f7-ce5ce5e3667f,-7.7475,110.3625,0,7
40484487-2a5a-4b2b-93ee-28078b9aa9bf,-7.7625,110.3925,0,12
4059c2f8-c2f8-9968-e032-1041eb8398a0,-7.7475,110.3475,0,10
405ce10e-8c9a-4b0b-ae21-abce89929fa8,-7.7475,110.3625,0,40
406d17ef-e21e-4d27-8d76-b27ddecbc645,-7.7575,110.3975,0,2
40720d4e-57de-4676-a489-eabd1d8d7326,-7.7475,110.3725,0,5
408227d6-b180-4c12-a06d-5fa231edc600,-7.7575,110.3825,0,9
409247ec-47ec-43df-3826-be978e4617b1,-7.7525,110.3725,0,4
40bfe9e7-676e-4002-81ea-95b8c54ebb2b,-7.7525,110.3625,0,71
40cf0cbb-0cbb-a359-0a1c-204b2a8ed33f,-7.7575,110.3925,0,7
40e2e284-d32e-4c1e-ace5-fb61bf0e082b,-7.7575,110.3925,0,3
410366ac-f98b-46b9-aad5-8dec7a7d74c3,-7.7625,110.4175,0,46
411199a3-3190-46bb-964c-50e0d45f44ef,-7.7575,110.3975,0,84
4114e89b-e89b-0437-46cb-3d1a17f21368,-7.7575,110.3925,0,7
411cf2a2-f2a2-c46d-1109-07e8858dc41f,-7.7575,110.3825,0,52
413a058a-cc97-4899-8860-ddc7abf67ebb,-7.7625,110.3675,0,5
4166c46b-35f1-46f1-9d5b-61f4120ddcd7,-7.7575,110.3925,0,19
416cdb87-db87-a415-9231-693d62c5329a,-7.7575,110.4025,0,14
417578cd-7133-468a-8eb5-241c1a3eaec7,-7.7475,110.3625,0,5
419a97fb-f97f-483b-ac3d-71d63025f582,-7.7575,110.4025,0,107
41a5bbdc-bbdc-8fcc-d57b-bcd3a2d9266d,-7.7525,110.3625,0,40
41b0d141-e18f-4ad2-90b3-de11d0e32b4d,-7.7475,110.3525,0,25
41b26a6b-6a6b-4737-3c24-32e8175a5f40,-7.7675,110.4075,0,11
41dc11ed-7098-4662-10bd-9450f2d1b4f7,-7.7425,110.4225,0,16
41e4c7bd-1e93-403e-bf1e-29572cf12e34,-7.7625,110.4225,0,7
41e659ea-028d-41f4-8f57-50a95134fa3c,-7.7525,110.3725,0,9
41ef3005-ab4b-4174-8bb9-76015287b49f,-7.7525,110.3725,0,6
4210fea2-fea2-35b0-fbbf-20080fd79740,-7.7575,110.3975,0,13
42136c8a-f311-4390-adec-c0745e8f3f54,-7.7625,110.3775,0,35
4217b6c8-cbe5-479a-aaca-2b3b1285f13e,-7.7575,110.3825,0,20
4223088e-01e3-4b57-9708-254aff07de32,-7.7625,110.4125,0,4
42430432-0432-d3a7-16a4-dcc3aadbb821,-7.7525,110.3675,0,6
4243ae00-2672-46e8-add5-2088409cd38a,-7.7625,110.3625,0,3
425006b9-06b9-d295-4e69-afdee9c06f68,-7.7675,110.4275,0,2
42556646-8017-4fd6-9451-fed9a4649d83,-7.7575,110.3975,0,4
42613957-1faf-4790-93ca-62606b483dcf,-7.7675,110.3625,0,3
42738d51-8d51-8460-59f7-cc292ec47dec,-7.7575,110.3975,0,19
42791bbb-1bbb-4a62-d7b5-cc37644d68d9,-7.7575,110.3975,0,3
427cf53f-d894-4c80-96a7-85fec00ad1c7,-7.7625,110.3675,0,8
427de38b-041a-4618-8ebd-4bee01722dfa,-7.7625,110.4075,0,15
42824569-5282-41d7-2449-d79fdbb1d1f1,-7.7625,110.3975,0,27
42872eef-90d3-468f-97ea-27bf3c484e05,-7.7575,110.3975,0,3
42896e0f-3810-4b64-a7eb-b38c3a39761f,-7.7625,110.3875,0,46
42908a8a-049b-4131-a26b-f7e4e023b7b6,-7.7625,110.3675,0,1
42a7e287-e287-60ed-4418-29111f12e716,-7.7675,110.4125,0,14
42ad80f7-7409-44f8-81ab-7a90b3dab95f,-7.7475,110.3625,0,10
42b888e4-950d-4e3d-8844-fa6398e1c265,-7.7625,110.3925,0,2
42ca786b-cb04-4d11-8366-7cbaea3df557,-7.7575,110.3975,0,45
42cb9448-9448-7d84-ae09-47f806794ed7,-7.7575,110.3825,0,154
42d637c7-cedf-4572-9257-aeb18537976b,-7.7525,110.3725,0,1
42e6aff0-57f5-413a-a9c4-1433f6d17725,-7.7625,110.3625,0,10
42ed6a0e-6a0e-bde6-10cc-9fa08d7b1a61,-7.7575,110.4025,0,6
42edb40a-d6fb-4099-b2c1-aa7e711c98e9,-7.7525,110.3725,0,2
430bab63-20a2-40ad-8385-2df650f643fe,-7.7575,110.3975,0,20
430c5a4e-5a4e-b935-168e-1038582a6a91,-7.7525,110.3725,0,3
43424689-52d5-44a3-8b64-236c6bb62a77,-7.7575,110.3475,0,130
436ffdf1-786b-4fd2-a7f2-953ba858c9f8,-7.7575,110.3975,0,11
437317f4-17f4-1e05-b06a-1e92bad2d521,-7.7575,110.3975,0,22
437860fc-105f-4dff-b9dd-3ff9c5866e08,-7.7525,110.3675,0,2
438235b0-7074-4aa1-aa1d-6d31d4e6335d,-7.7575,110.3875,0,17
43889bd8-3f4a-409a-ae52-2553f3cc72d1,-7.7575,110.3975,0,11
4398ff97-8a3d-4d3e-9376-d9b30e61deee,-7.7625,110.3625,0,18
43a27593-03be-4b4e-8b10-7eac6d967e37,-7.7575,110.3975,0,37
43a3cf9a-3282-4d17-abc6-3245f6be6d4e,-7.7625,110.3775,0,14
43a68c81-2140-41c2-85b5-f85d0b74a721,-7.7575,110.3925,0,2
43a84fe4-758e-4a34-962e-98125f0033e9,-7.7525,110.3725,0,80
43c5d5ba-293b-480e-ba4e-ac07c944e7cd,-7.7625,110.4325,0,81
43d456c8-c8d7-4eb6-9258-6018088288cc,-7.7575,110.3925,0,2
43d4bf75-5583-446f-919c-43fd348e14fb,-7.7625,110.4125,0,8
43de65f8-65f8-f304-ae66-5a9ea498de58,-7.7525,110.3825,0,11
43e244c7-44c7-1847-cf73-9d5e7fcf6a25,-7.7575,110.3875,0,3
43e5299f-299f-664c-8cc6-8555b514eb2c,-7.7625,110.3975,0,7
43ec6291-59b2-41a1-b63c-617e25d263c2,-7.7675,110.3875,0,16
43ef8db5-05c3-434f-8bca-61d36326f978,-7.7675,110.3625,0,4
43f8e877-912c-4b8d-ab33-f64a6c5ff002,-7.7625,110.3475,0,25
43fb2488-255e-4284-a79f-1552bee7cbe4,-7.7525,110.3625,0,20
44231413-1413-9bf7-15bd-0446396e165a,-7.7675,110.3775,0,4
4428207f-a4ae-4c8b-9554-0522c22cbba4,-7.7575,110.3975,0,10
444a58b1-58b1-9b38-d228-92af6470959d,-7.7625,110.3975,0,8
4452e79f-e79f-3449-59af-3c2d50b8c228,-7.7575,110.3975,0,2
44655378-54b3-4404-9ccc-6b784a747a19,-7.7425,110.3525,0,6
44723365-7575-45d8-8ee1-bf346713e65f,-7.7575,110.3825,0,7
44900033-0033-4437-330e-94a6a5349825,-7.7575,110.3975,0,2
44a69917-31b2-4d16-a67b-a979ff2b4392,-7.7575,110.3875,0,9
44c9f2d8-6767-4799-b0c9-f6b3711b6a18,-7.7525,110.3825,0,17
44e138dc-2847-492b-bed3-4b2e43da9e30,-7.7675,110.4275,0,8
44ec3f05-3f05-800f-03c0-76426fa223f7,-7.7575,110.3975,0,38
44fe25fa-25fa-e9c4-761b-50c38ec42eec,-7.7525,110.3725,0,7
450c89c1-89c1-6c04-a8ca-bcf30976feca,-7.7675,110.3775,0,11
45409c1e-3202-4653-901d-900ff92f0455,-7.7525,110.3825,0,5
454530ba-30ba-cfa2-7ca2-dfbe5ee10e1c,-7.7475,110.3725,0,4
454addca-3ffe-441a-9545-b2f50933e557,-7.7575,110.3975,0,17
454bfaa8-86a2-4d8b-a0bb-6323345f75e0,-7.7525,110.3725,0,16
4552e74e-e0bb-4667-8688-e95fd617fb37,-7.7525,110.3475,0,8
455f6a23-6a23-b2d2-46a0-03763635f993,-7.7525,110.3725,0,6
45616575-6575-4812-ae07-5ff43a1afca1,-7.7625,110.3675,0,11
45684300-4b87-4f9b-8dc0-13c4735eecb3,-7.7625,110.3675,0,16
45765057-0335-4430-a2a9-a1bb11412acb,-7.7675,110.4325,0,1
458dc21d-ea31-4ad6-ab88-0268237f8e9a,-7.7625,110.4125,0,6
459208cd-08cd-9316-ecc5-799b91b2d0b2,-7.7575,110.3925,0,2
45929d99-28fe-4c26-b4e2-07497f11934c,-7.7625,110.3925,0,52
45985fbd-5f03-4348-af55-807ac278a042,-7.7625,110.3625,0,18
45a5313e-d67a-4d85-8d3a-77ec7cda1ea3,-7.7625,110.4125,0,27
45a877de-9556-4057-8f9f-a92b9f1bacbb,-7.7575,110.3825,0,4
45a95438-4367-482a-80e7-3d5d9b3d5411,-7.7475,110.3725,0,5
45b7ec0e-368a-4f55-806e-6b60d98f6ab9,-7.7575,110.4225,0,2
45c28876-c0de-4d14-8c4e-21079f5bcec4,-7.7675,110.3775,0,105
45d084a3-7cb4-495f-9a42-2b84f2ff1ce3,-7.7525,110.3725,0,11
45da4142-05e1-472f-a2c0-1fd2e5d96185,-7.7425,110.3675,0,9
45dbd75f-e314-4822-abe4-dcb587ce9928,-7.7575,110.3875,0,11
45e3c743-c743-7cf1-9592-90030b358727,-7.7525,110.3725,0,7
4618285b-285b-e0ff-dcf7-9995bfd5c0cb,-7.7525,110.3975,0,39
461c0f11-0f11-31d9-1022-13398ec490ad,-7.7625,110.3625,0,6
46218b8d-f719-4f50-8d1a-4315c7d66633,-7.7525,110.3725,0,21
46261dc3-7b57-4fbe-8cc8-802602d43f3a,-7.7525,110.3675,0,71
463982f1-82f1-3f09-ea30-75deccf33ec5,-7.7575,110.3975,0,4
4640f9e8-f9e8-67f0-8e3a-e4fe52210ee5,-7.7625,110.3975,0,14
464534e6-34e6-6a45-7a26-610be5a24312,-7.7675,110.4125,0,47
4647b678-b678-f558-823c-02a90d52a56d,-7.7575,110.3825,0,12
46569863-9863-c0ac-72e8-262afdc7bd06,-7.7675,110.4125,0,3
46690c81-0c81-3114-1c43-62d416d37f48,-7.7575,110.3975,0,6
4669b8d8-b8d8-c08a-87c6-dbc2a241c330,-7.7625,110.4125,0,3
466fb94e-d9d8-4f0a-a1ff-12e7fddf672e,-7.7575,110.3975,0,140
468875d1-ae39-404c-a615-8364097aa95a,-7.7575,110.3975,0,21
4689d44c-9bf6-4a83-a0ea-d93f67542dd3,-7.7475,110.4175,0,8
46ab1f34-1d08-45f4-b968-86eeeca28c54,-7.7525,110.3725,0,18
46cc334b-8f77-4b55-a89c-6bf7a71de55c,-7.7425,110.3475,0,1
46defe90-ad18-4154-bc3d-7bf5b61c60ba,-7.7525,110.3625,0,12
46e355f4-55f4-e355-6f8a-862286c437f4,-7.7575,110.3625,0,9
46e59455-27f4-4351-8818-a3ac269f390b,-7.7625,110.4125,0,3
46e59b96-9b96-395a-10b0-cef0d9c8f85c,-7.7575,110.3975,0,10
46fce49c-e49c-e23a-0131-5e89bd6311fa,-7.7575,110.4025,0,29
46ff047e-047e-6364-649a-d8a22f608e43,-7.7425,110.3475,0,2
470a8a11-35d4-4d5d-980d-9ebc9b31f234,-7.7575,110.4075,0,6
47263c5b-3c5b-1f33-54b8-500137e7d0ce,-7.7575,110.3975,0,38
47317d48-8b94-4e57-b73e-19ed2294a80f,-7.7625,110.3775,0,8
4749886b-cd55-4a5f-ad24-9ea358e37cb5,-7.7575,110.3925,0,15
474af56c-cfbb-4113-18d8-3974ac87782d,-7.7575,110.3975,0,22
475f0e34-352a-4f45-a6f4-2d20aeca1073,-7.7525,110.3825,0,8
476f14b7-a312-4cfb-8b6c-24e13f02aaf4,-7.7425,110.3625,0,3
47759009-c243-41dc-a2c9-faa604e0e031,-7.7525,110.3625,0,77
478a495a-495a-a058-4a98-af65261f6ff5,-7.7675,110.3925,0,9
479dafca-de53-4406-8359-b2a50a7b4dd1,-7.7575,110.3825,0,19
47e044ff-a419-4425-9f30-15c3ffccf1a0,-7.7525,110.3725,0,18
47fa20f4-d4e8-4531-81ed-c01350a0ad9b,-7.7575,110.3975,0,2
480e613b-5950-42ff-bbe3-51bc02a6a4b9,-7.7575,110.3975,0,12
4810ad68-ad68-8d29-66ec-ed3a1775f511,-7.7575,110.3975,0,4
4813e07f-3f57-48eb-b79a-981225d6b729,-7.7575,110.3825,0,85
48162b6f-7075-4cb3-b177-7ade9e6cb437,-7.7625,110.4125,0,6
48369b73-9b73-faec-2076-12efe30bff7b,-7.7425,110.3975,0,13
4838eaba-f927-4898-9a65-026cc83c7d54,-7.7525,110.3725,0,9
483a7993-1a0d-4061-2d00-98be685001ae,-7.7575,110.3975,0,7
48521481-a4dd-4b11-8122-9872e44d2d07,-7.7525,110.3725,0,3
48706ba1-6ba1-52a9-6bdc-308698b7356d,-7.7525,110.3475,0,20
48801af4-3a50-4d73-a119-1932da794de3,-7.7475,110.3575,0,2
4890a04c-6f15-4369-8573-1e0e100c93e5,-7.7575,110.3975,0,7
489c46fb-46fb-8e4f-6bf1-9a61c1284c15,-7.7575,110.3975,0,5
48a31d0b-1d0b-8743-5b5e-0950224de802,-7.7525,110.3625,0,11
48a6906c-92fb-4691-8f31-b5198e8e2cd5,-7.7575,110.3625,0,4
48ab1608-d658-4a39-b35e-8e08ad105c85,-7.7625,110.4125,0,11
48b422c1-514a-4b56-9c34-a861fa9df6ab,-7.7575,110.3875,0,1
48bea8f8-93f0-4b5f-9cf2-150d063565d3,-7.7675,110.3775,0,2
48c0437d-437d-34b9-f9d1-eee1b8d0b07d,-7.7625,110.4125,0,4
48da98cb-31ca-4437-9c21-06cdfa3a3e1b,-7.7575,110.3825,0,8
48f334a0-5b97-4322-8f35-6e74044e06ac,-7.7575,110.3975,0,40
48f8573f-573f-1b2a-d834-da467843366f,-7.7625,110.4325,0,13
49019dfc-849e-4516-a7b6-1aa4088359e1,-7.7525,110.4275,0,2
4905354a-a06c-4b3d-9062-44ffb87ea8aa,-7.7625,110.4275,0,156
491338b9-865f-4974-b917-b70945ca1608,-7.7475,110.3525,0,2
4915c5a2-754a-4421-856b-ac617bb3c53d,-7.7575,110.3925,0,1
4921247a-b71c-42ec-b1a4-70a7e40dc9c3,-7.7525,110.3825,0,2
49220bfc-0bfc-e897-dec7-4a3494642417,-7.7475,110.3775,0,19
4937127c-127c-6fcb-0c42-35a2b19a8bfc,-7.7575,110.4025,0,14
4948bb8d-bb8d-24ca-94cc-fb82c642fbcb,-7.7575,110.4075,0,31
4956d87c-d87c-5e48-adfd-01a20b0e3009,-7.7475,110.3475,0,12
497056ed-56ed-66ac-f765-356bac3ea3dd,-7.7575,110.3825,0,15
4996825e-825e-ab73-79d5-a383c19e1d93,-7.7575,110.3975,0,11
49a800d7-db4a-4808-b45e-317657e2bfa8,-7.7625,110.4325,0,4
49b2780f-1ab5-429e-818e-94078adf14f7,-7.7425,110.3475,0,11
49b55819-5819-86a3-9c84-1f01d73a20cf,-7.7625,110.4125,0,7
49c87b06-0925-40c7-b5d5-82093b526e72,-7.7525,110.3825,0,22
49d363e1-3a48-470e-a011-08988938477d,-7.7625,110.4125,0,11
49fad8c4-5e76-4573-8bf5-fba03500e189,-7.7625,110.3975,0,36
49ffb59e-b59e-134c-cd41-a400bc58600b,-7.7575,110.3725,0,17
4a042ea9-2ea9-2ba8-2d71-5d90545619fe,-7.7625,110.3425,0,1
4a0c6e8d-6e8d-ae1b-abf0-5df468ffb8c2,-7.7625,110.3625,0,6
4a146c41-d5e7-47e9-b318-3343242ab002,-7.7575,110.3825,0,344
4a1e23eb-edd2-43a4-91f1-91c5167f536c,-7.7575,110.3975,0,19
4a31663c-663c-fd12-f1f2-3533ce559ff2,-7.7625,110.3625,0,22
4a33dab8-dab8-36e5-8f41-6c2365396a75,-7.7525,110.3625,0,27
4a346617-254e-4e89-9add-6bb31efb8cd6,-7.7575,110.3675,0,62
4a3c9b3e-f01a-402d-1109-08ab34ac39ee,-7.7475,110.3625,0,7
4a556668-6668-2785-7523-fe89a6d17d5b,-7.7575,110.3975,0,20
4a78c0b4-c32b-45a3-a38f-9607b61520a7,-7.7425,110.3425,0,1
4a7e8c01-60d7-42d6-9616-aaf2311357df,-7.7625,110.4125,0,24
4a8576d6-3998-440c-92be-61c1b38c09d0,-7.7575,110.3975,0,24
4aa1e497-b77e-45b7-a4fa-5ed794123fb0,-7.7425,110.3725,0,2
4aaf5499-5499-cc7f-d90d-014ffae5dd2b,-7.7575,110.4125,0,17
4ab533fa-f02c-4d3a-8e43-2adc68825293,-7.7425,110.3725,0,14
4ac3afbb-afbb-c292-e356-f50ece3d46bc,-7.7525,110.3975,0,16
4ac40403-0403-0f3a-3e39-336221138f29,-7.7525,110.3725,0,9
4aca0b21-0b21-bde8-7dd9-68c7c64c996f,-7.7575,110.3625,0,4
4ad0a36d-45c0-4ea5-84b8-d0e6b9fdd575,-7.7625,110.4125,0,4
4ae3e096-e096-76b0-534d-b0642f405541,-7.7525,110.3625,0,15
4aeb662f-e1e7-4c55-ad01-ed1a807fcb54,-7.7625,110.4225,0,67
4af26867-6867-7eef-bd57-9aa227bc1072,-7.7625,110.3725,0,28
4af6ba57-ba57-1027-06ad-dfc66de1a38a,-7.7575,110.3975,0,34
4afcc6b5-c65a-487b-92d8-01ced6c0b7a8,-7.7525,110.3725,0,3
4b06c2d2-088e-49c7-bccd-fbcba67e1fa9,-7.7525,110.3725,0,13
4b0a8ca7-d931-48cc-9e74-9e9f9e43b82d,-7.7625,110.3475,0,56
4b2050d0-88b8-464f-a8d6-1afa1e9c79b3,-7.7675,110.3625,0,120
4b362e4d-2e4d-0df8-792b-7835166df693,-7.7475,110.3625,0,136
4b3c039d-2857-40e1-8391-5688338bdb0e,-7.7525,110.3725,0,5
4b416603-3367-42af-b9b5-5445bfcd7d51,-7.7625,110.4225,0,2
4b4c2f54-9cf2-4794-1618-9a68d05fe1b4,-7.7525,110.4175,0,9
4b6c2f18-2f18-f097-8a33-181561187495,-7.7575,110.3725,0,7
4b73bfd5-6047-4f05-aaf2-a41a29f62280,-7.7575,110.3975,0,11
4b7b2274-2274-347e-f8fa-41cb13977aae,-7.7625,110.3875,0,77
4b9c385b-cb6b-4f52-a295-e8ccc64aa487,-7.7625,110.4325,0,23
4ba7ed7d-ed7d-0628-59fb-be5dcb207701,-7.7575,110.3975,0,3
4ba8fcbf-fcbf-0e19-e88a-b5cdb1cd2438,-7.7525,110.3825,0,46
4ba96bab-744a-48e0-b03d-cfdb8b29a87d,-7.7575,110.4075,0,149
4bb30560-0560-a540-5c26-f3f7f7ddb0aa,-7.7475,110.4225,0,42
4bba0c0e-a2f3-4724-88ac-c1c21bf042c5,-7.7625,110.3925,0,25
4bc682c1-82c1-215c-c815-f592d3e7a244,-7.7575,110.3975,0,5
4bececc0-ecc0-1e05-9652-9cdba8d72ea2,-7.7575,110.4125,0,12
4bf36b35-6b35-4174-39b0-e2283a3b7381,-7.7625,110.3625,0,5
4bf3d3cc-141f-4a54-a0e1-b97dad634573,-7.7675,110.3825,0,5
4bf5e8e7-e8e7-f81d-33b1-a17d1527b3a9,-7.7575,110.3975,0,9
4bf61651-53c1-4e95-ac3c-c65e80279ea6,-7.7475,110.4175,0,8
4bf9b035-206e-4e57-ba2a-1ea23c6aceaf,-7.7525,110.3875,0,32
4bfa6702-577e-4644-bbee-a2317afe7e10,-7.7625,110.3925,0,21
4c1681ec-81ec-0d1d-0f44-f71e7d5e6c2e,-7.7475,110.3725,0,20
4c242748-00b9-4297-8f94-8fa5172d1920,-7.7625,110.3625,0,49
4c2b7fd5-1948-4b71-9d3d-75fd3e18c05a,-7.7625,110.3925,0,7
4c38db68-db68-ba28-7616-c0745ea06f4b,-7.7525,110.3725,0,4
4c4cf408-b2ae-49b2-ae71-1385682d2f90,-7.7525,110.3725,0,29
4c5c80d6-7397-4811-b657-2f24c87f4300,-7.7575,110.4025,0,31
4c5d9ff2-d700-418d-87e9-56cdc8a32534,-7.7525,110.3725,0,3
4c635743-4b71-4191-9d86-c3d35ea94138,-7.7575,110.3975,0,12
4c654cc7-05a5-434e-af0c-d92b0937c6dd,-7.7475,110.3975,0,139
4c68660c-660c-230e-9ec4-33c6986bc3cf,-7.7425,110.3975,0,44
4c6e5554-5554-8904-1048-52f6a4cafa27,-7.7475,110.3625,0,3
4c72cf5b-9369-42bd-98a6-704d9f86e63c,-7.7675,110.3675,0,2
4c7544a1-c12d-4f7f-ad3d-d8cd9a48db28,-7.7625,110.3925,0,3
4c76bdf8-bdf8-c974-7cde-cf81e79eb3cf,-7.7525,110.4125,0,26
4c79f521-5386-4997-bce4-b6d823860a90,-7.7625,110.3875,0,1275
4c7fed8f-ed8f-5567-ccfa-083d280dc33b,-7.7525,110.3725,0,2
4c826412-d4da-494a-8a83-5bcfadc53dd6,-7.7675,110.4125,0,10
4c8ccfdc-67fd-41aa-952c-13cba321e935,-7.7525,110.3725,0,10
4c9b7a55-0956-4f80-8e68-22db337b3338,-7.7475,110.3625,0,10
4cb000b0-7967-4fc8-9c24-de80c1646b70,-7.7575,110.3625,0,40
4cb040de-2a11-4e87-a81a-c2bf9d1e8d09,-7.7575,110.4075,0,11
4cb1929c-929c-0bd1-b3cf-276ae497ab18,-7.7475,110.3625,0,6
4cd10cd0-4c06-4179-2863-5ccfe5af645c,-7.7575,110.4025,0,30
4cd75c0c-5b0f-4c04-ac4b-c6037b137fd5,-7.7625,110.3975,0,6
4cd7e119-e470-4c07-bad7-e050f75178a1,-7.7525,110.3625,0,16
4cdfbb0c-0176-46c1-8dea-8bf07c9b6eed,-7.7625,110.4325,0,79
4cfb6b8d-2bf1-4b21-a414-2ca484004f6b,-7.7525,110.3725,0,14
4cfee2a0-e2a0-bf56-06b1-2095c239682e,-7.7525,110.3725,0,5
4d1eae2f-e76f-4fba-9f55-0872891a11cb,-7.7475,110.4125,0,15
4d2057d6-57d6-c666-b099-3ed26ef09d92,-7.7575,110.3925,0,5
4d2c5ba1-a39d-47e2-8b4f-5e278d9f2c70,-7.7525,110.3725,0,10
4d31131e-17c0-4690-b412-9ef99941cdcb,-7.7525,110.3625,0,10
4d34a602-a602-3e38-32ee-babbf06f9362,-7.7575,110.4025,0,21
4d357dd8-ae17-43c6-a1e9-ee7ca01e3637,-7.7675,110.3925,0,29
4d39b87e-b87e-e388-9ac9-cabffe6d9d90,-7.7575,110.4025,0,47
4d58327f-b136-453c-a176-3e8316c86478,-7.7525,110.3625,0,21
4d6b2532-2532-2fde-d1c1-05eb68a0100b,-7.7425,110.3875,0,5
4d703bc2-18b6-4f50-83a3-893c79b16349,-7.7575,110.3975,0,6
4d90ec24-ec24-4b81-89b7-d60d5f472874,-7.7675,110.3575,0,8
4d9300cc-ea0c-422c-99ad-1faf18e9859f,-7.7575,110.3825,0,21
4d94fe2b-fe2b-39da-81fd-96381b135393,-7.7575,110.3825,0,63
4da3187a-6510-4e2a-a770-766331159518,-7.7525,110.3675,0,2
4dad45ce-45ce-b7c5-3f69-215d26d2ff6f,-7.7525,110.3725,0,106
4dc89788-9788-0de1-ed13-babd8366d5a3,-7.7575,110.3825,0,4
4dcf1699-fca6-479d-963b-7ee0249ef9b2,-7.7625,110.3975,0,13
4df929b9-9bd9-415c-ad68-3ad012950a59,-7.7575,110.3975,0,2
4dfed518-d518-ecbd-9f7a-794e046163fb,-7.7525,110.3825,0,4
4e13f0c8-f0c8-ad9a-8ba4-34140c2d5dca,-7.7575,110.3825,0,3
4e17d7d4-d7d4-74f2-1618-d8c62197cd46,-7.7425,110.4225,0,18
4e26d480-d480-2c6a-9b7c-d980d380d1d3,-7.7425,110.3475,0,4
4e3404ac-04ac-fd68-605a-7a0a8f537995,-7.7525,110.3725,0,16
4e38f114-16f0-481b-b1fd-50423f0114e9,-7.7575,110.3475,0,2
4e3b7532-7532-6a85-b940-c94c313a504e,-7.7625,110.4125,0,34
4e68fa06-2c83-479b-a015-d80b253da2dd,-7.7575,110.3975,0,6
4e75a285-a285-43a2-75af-252edeeebe08,-7.7625,110.3625,0,6
4ea74f05-44c3-4f79-be07-7f20554fc8c0,-7.7625,110.3825,0,26
4eadd0b0-d0b0-84f1-b527-642dac9f75ec,-7.7575,110.3975,0,1
4eb568cf-5ec9-4565-b9bb-cec970803dae,-7.7625,110.3925,0,15
4ed77d22-b099-4ec6-9798-b81fc90302db,-7.7625,110.3875,0,136
4ef1e2bc-b310-4bd0-9626-d8721644b343,-7.7525,110.3875,0,18
4f0b7d2a-7d2a-4b68-f79f-e6e396db0f50,-7.7575,110.3925,0,15
4f146e52-01e0-4062-a021-64f80307b45d,-7.7675,110.4025,0,47
4f17b24d-b24d-3f09-6311-a99d34ed920b,-7.7575,110.3975,0,5
4f17d27c-0380-42f3-b235-a1c9b49d6b89,-7.7625,110.3675,0,71
4f27e391-9aee-40b7-bfbf-a2c1761acb30,-7.7625,110.4325,0,42
4f2963d4-df9b-4e11-9350-d189137abd46,-7.7525,110.3725,0,5
4f2ed5df-d5df-0d21-242b-c7f056170584,-7.7625,110.4125,0,2
4f360e44-214d-4cdc-98d8-75acded6af4e,-7.7525,110.4075,0,17
4f3f2e38-2c12-4df8-a8d4-8d65baf10e67,-7.7575,110.3975,0,5
4f4f1d7d-04b1-4339-b9c6-6224a4a32ed6,-7.7575,110.3625,0,4
4f5ab197-d294-40ac-9128-7ee1da2f39c0,-7.7425,110.3475,0,6
4f5b4220-4220-23ca-210d-b4bd80a82e86,-7.7625,110.3675,0,4
4f65c2c9-72d9-4d8d-a87f-cc478846d68a,-7.7575,110.3925,0,30
4f7aea11-ea11-54b1-bd37-d13ad000c51f,-7.7575,110.4025,0,114
4f81313e-8c60-4193-aa93-d4b0ee73654b,-7.7525,110.3725,0,35
4f923748-9e2b-4149-87ab-14aeed243ee8,-7.7675,110.4325,0,107
4f9370e8-b983-4390-889f-e2ffb17f0952,-7.7525,110.3725,0,25
4f96f202-eda4-445a-b2c5-cd5b029fa708,-7.7525,110.3625,0,11
4f9d9bb1-a37f-41d3-8538-6e0ddc77b0de,-7.7625,110.3775,0,23
4fa18dd5-5780-4885-bad4-0a4ef32d3274,-7.7575,110.3825,0,21
4fbe5a5e-433e-4213-91b9-b42ebe85637f,-7.7475,110.3725,0,9
4fcd9027-a323-4023-17f6-08fb6ba2de71,-7.7625,110.3675,0,7
4fd68f84-6559-478b-bcbb-2e66fd244fa0,-7.7625,110.4175,0,332
4fe0b5fb-b5fb-aa9d-c9d6-c0c4bcf3e71b,-7.7425,110.3475,0,2
50050203-0203-122f-e108-f0a9a86af8e1,-7.7525,110.3725,0,9
500629c8-11d9-4d9f-97e9-71ad0941baa1,-7.7475,110.3625,0,23
5008d4a3-e0ef-4707-b39a-5fde609ed6da,-7.7475,110.3825,0,56
50197a34-c9c9-49c6-b057-973799b2a190,-7.7475,110.3775,0,1
50547109-cf04-42cd-81cf-94586145f544,-7.7625,110.4125,0,2
5068bd8a-bd8a-921c-2fd6-2d9953cae72f,-7.7575,110.3825,0,176
507042ae-42ae-9e96-3719-16e94546a283,-7.7525,110.3725,0,33
50795103-980a-4ec7-afae-c086a8a41dfc,-7.7675,110.4275,0,9
50833edd-3edd-fb6a-7f97-b62b5e3df112,-7.7575,110.3975,0,13
50a34659-38f3-4ac0-8d06-3d6d94802e64,-7.7575,110.3975,0,15
50ab0773-8af5-41b0-afae-1cdc8adda7ce,-7.7525,110.3975,0,377
50ab601c-601c-287a-5c3f-c051ac1eee32,-7.7475,110.3875,0,3
50b3cb04-aeeb-4041-9c38-42a852913296,-7.7475,110.3625,0,4
50b54438-9e81-4d22-bbed-1b3757c98438,-7.7675,110.4325,0,5
50c8edfc-4113-4b5a-b5c1-9d21a54a093e,-7.7625,110.4125,0,3
50c9f814-4a1d-49ea-9d71-16d1667ce947,-7.7475,110.3625,0,1
50cf464b-473e-4f48-92b8-6b444aa8d65f,-7.7475,110.3525,0,3
50dfa63c-a63c-fea8-9f7e-ddbbe2f1f7c6,-7.7625,110.4125,0,10
50fb276e-c47c-49dc-b822-47b05598915c,-7.7475,110.3625,0,23
510bed0f-2158-428c-a7d5-7449e865dd9d,-7.7625,110.3975,0,3
5119a52a-a52a-60be-4941-bb514d3ff107,-7.7575,110.4225,0,14
511bf63b-f63b-2177-1cd7-59c39bb08b08,-7.7475,110.3975,0,11
5122c90b-c90b-0619-b9d5-add7f9d95697,-7.7675,110.3475,0,27
5135b20a-bb77-4308-b0fd-603d2114be98,-7.7625,110.4125,0,13
51380175-db47-455d-88cf-3c116d23ef02,-7.7525,110.3725,0,1
513874ff-cc1e-41cb-91de-8b02231a8b12,-7.7675,110.3425,0,17
51504734-4734-0c7d-163c-dfffe7d55c1a,-7.7425,110.3725,0,3
51635ddd-5ddd-454d-a206-5213a62150c3,-7.7525,110.3725,0,6
518233c5-2a7c-4fb0-b74a-c9e0aac118d6,-7.7525,110.3775,0,3
51865e95-6712-40fc-b5df-2dc977e4095b,-7.7525,110.3725,0,2
519bb229-c9a0-41d6-9729-fcf36180801c,-7.7425,110.3725,0,9
51b53943-10b2-4955-1b96-1f34730d47b0,-7.7675,110.4175,0,16
51c3fef4-1638-4c79-8db2-9d592b4dc84f,-7.7575,110.3975,0,6
51d908c8-7be9-40d9-9969-9c8768f6fc7a,-7.7575,110.4025,0,27
51db2c03-2c03-b544-d979-0e619a66f450,-7.7575,110.3925,0,20
51dbddb0-48a0-4d7d-892b-933e66566222,-7.7625,110.3925,0,358
51e16243-6243-735a-6aca-148c0b2b1cff,-7.7675,110.3875,0,7
51f21f45-9f63-4eb4-bc8a-261a7e52063d,-7.7575,110.3825,0,11
51f7c78d-8b85-4e4f-bd77-bb3933ecebf3,-7.7625,110.3925,0,98
52133e45-ea1d-42d5-b09f-12421d61f9f6,-7.7675,110.4275,0,4
521d9e31-cf9f-47f3-80ad-7d36a41d27b5,-7.7625,110.3625,0,61
52374c5e-2d6a-435f-b0b9-7369f80168a0,-7.7475,110.3575,0,3
523f2b41-2b41-471f-87a7-a2f927c6908e,-7.7575,110.3925,0,7
52556c63-11d8-42d5-86f1-ba294a0a3075,-7.7525,110.3825,0,6
5269c6a6-c6a6-b8b8-4ef3-9fb887d279ba,-7.7525,110.3825,0,11
5276790a-afbc-4dfb-9a48-02f2ddc3f5d7,-7.7475,110.3625,0,3
52834bad-7692-4192-913d-1b9bd57c4226,-7.7625,110.4125,0,6
528f146a-a25d-4799-a950-0906b3f57461,-7.7475,110.3875,0,14
5299ab7c-ab7c-65f9-208a-74661c9f758c,-7.7625,110.3825,0,292
52b76297-e6e9-4535-b4cb-aa59aa46b939,-7.7625,110.4225,0,11
52bda233-a233-1563-2a55-68da9a454ff5,-7.7625,110.3775,0,5
52f7831a-fc0e-417d-a232-7e16c65743e8,-7.7625,110.4125,0,5
53072233-5d12-41fb-b84f-9ff5d5f65909,-7.7575,110.4025,0,153
5322f54b-a159-4046-9e73-841a7e06bd7f,-7.7475,110.3625,0,6
53275b1b-b0b1-4486-9960-a812d0236c83,-7.7675,110.3625,0,11
533a32b5-4c4a-4415-b059-ef6078deccd3,-7.7675,110.4075,0,12
5372bd07-d256-4be9-b092-ca86f702c9a3,-7.7575,110.3975,0,31
537755bd-58f0-4bf2-b616-670368a3d597,-7.7525,110.3725,0,78
538ae3c5-e3c5-e8ab-78f4-872a0658bcb1,-7.7525,110.3725,0,8
53a43c84-4d20-4bb7-b4b5-c04908272796,-7.7425,110.4225,0,381
53ae7820-47ca-45fb-8b61-a9c34ad9c2be,-7.7575,110.3825,0,2
53b635f1-ab6f-4f4c-abac-35c59e756ae6,-7.7575,110.3975,0,2
53e54c9a-cd73-4e7c-1216-5f3e5177e711,-7.7475,110.3625,0,8
53ef71bd-28a6-417b-8414-6260cb022179,-7.7575,110.3925,0,10
53f31a8d-7d35-4f29-8bec-1245282baf37,-7.7675,110.3775,0,3
5422a9b0-2dcc-4e7b-82a0-eac94dcfed32,-7.7625,110.4175,0,5
544046ea-6854-4c8b-ac2b-2d0ade74cdd0,-7.7675,110.4275,0,1
546f8c5e-b671-4c85-8780-cca374b3079f,-7.7625,110.3925,0,2
5473882c-c713-439e-a441-eea41c2f8e51,-7.7575,110.3875,0,2
547f5720-e69a-4300-8188-804882a4d7cf,-7.7575,110.4025,0,2
5484d04f-40bd-4885-b9d3-01cd7b3ef3de,-7.7475,110.3725,0,9
5484eebb-1112-4b7c-bdfc-b9e402ffc11b,-7.7425,110.3625,0,5
5499dd41-dd41-48bb-e8c5-83c12fbd70f0,-7.7625,110.4075,0,5
54aa1be6-1be6-b057-b753-33b4d64405bd,-7.7475,110.3875,0,6
54be1f5e-83e9-4112-ba31-de34c191f6f5,-7.7575,110.3825,0,4
54c657f3-0a19-46a2-bcf5-5da3f341854e,-7.7525,110.3825,0,1
54e1f3d6-f3d6-5f8a-fb6d-962a380d579b,-7.7575,110.4025,0,52
54fcbe5c-ee10-4f3b-bc75-c25f3465b1b3,-7.7575,110.3975,0,9
54ff8a97-8a97-9362-25c9-07404db25d50,-7.7525,110.3825,0,38
5500324c-89d3-402f-950e-698f9d13f3dc,-7.7475,110.3625,0,4
55016f8d-6f8d-0cb9-1038-807012d38590,-7.7625,110.3925,0,62
550da7b6-c1be-4697-94ee-041e9a66b7d8,-7.7575,110.3925,0,8
55141bc8-1bc8-bad6-7806-94fea1ce259e,-7.7625,110.3975,0,11
551660d0-60d0-1a79-3580-d8ab448d621a,-7.7525,110.3725,0,1
5520919f-37d8-46ac-a7ed-07c02f39a799,-7.7475,110.3875,0,6
552a66c2-8f6e-494d-8ab9-e543565b3942,-7.7625,110.3775,0,6
554582f3-10a1-4aa7-855d-d9cc51516323,-7.7575,110.3825,0,3
554728d0-28d0-e5eb-7dc2-76bc817546ac,-7.7525,110.3725,0,70
554b2988-2988-74d8-ecfb-74d92d1c4b3d,-7.7425,110.3475,0,1
555bb4dd-b0e3-4c54-a1d7-53eb52310e62,-7.7625,110.3625,0,9
555c0938-0938-5de9-6db5-8d20fe193222,-7.7575,110.3625,0,120
555ff12f-dee3-489d-ba77-4d01c9380f49,-7.7475,110.3525,0,8
5578280a-d12a-4571-acd5-f8c56b9957cf,-7.7625,110.3925,0,49
5588eee3-43f5-436a-a327-57191dd6107d,-7.7525,110.3825,0,4
558a64f9-9e8c-4da8-9510-bc1dda764946,-7.7475,110.3525,0,1
558f4356-92d7-43ef-b2de-8f8ac2038951,-7.7575,110.3975,0,7
5593a4c1-58f4-4e27-a4cc-0a7560650217,-7.7525,110.3725,0,12
559f0961-0961-8cf3-053c-a1bbe9814e69,-7.7625,110.4125,0,60
55aaeedc-8780-411f-a0be-09c54f307705,-7.7575,110.3875,0,3
55b7389d-389d-c596-31da-cc441f096e76,-7.7475,110.3725,0,15
55d28a3a-ca71-4a35-9b0b-37cd637367dd,-7.7625,110.4325,0,69
55d8487b-f192-4780-b2b6-85a7d67eea7f,-7.7625,110.3625,0,40
55e18eb1-9bbc-490c-be62-c2f69636342d,-7.7525,110.3625,0,27
5609f2ee-44be-4320-b1c4-ae61041bc940,-7.7575,110.3925,0,124
5618b29a-429f-4744-bb58-f5d0ce4071bc,-7.7575,110.3975,0,25
564fded0-a9fa-4664-2697-5f81834e26ff,-7.7575,110.3825,0,43
56501634-1634-a16f-5b9e-7940468f7372,-7.7625,110.3775,0,3
565c79ac-79ac-5f22-f64a-d6d1d32f379a,-7.7575,110.3975,0,5
56613347-3347-435d-2e54-81e163cb8403,-7.7625,110.4275,0,1
56630c1c-0c1c-ee66-01e6-5b13fe331f86,-7.7625,110.3975,0,15
567b72f2-72f2-5670-5ef2-7010154d43d4,-7.7575,110.3975,0,11
567dadd6-5326-4454-b5fa-287727a0031e,-7.7575,110.3975,0,5
5692e6b7-e6b7-2fae-233a-3d3e211940a5,-7.7525,110.3625,0,44
56a257d9-57d9-cfa9-54f2-59cc0150c683,-7.7575,110.4025,0,8
56a6ddcc-4a3a-4442-80f6-b04d6c51867e,-7.7575,110.3825,0,20
56a84c49-4c49-e521-8c18-064953fdab74,-7.7525,110.3625,0,14
56b45818-2c29-429d-beef-717e0291cada,-7.7475,110.3525,0,1
56b8bd63-df8c-4ecf-832b-d6e5da7cee84,-7.7525,110.3725,0,5
56c562dc-1749-4343-8626-eb3814ce1aa7,-7.7575,110.3975,0,7
56e76dfb-6dfb-3fd2-9607-72d613d34c06,-7.7575,110.3975,0,2
56e7ec6a-ec6a-7ebd-b447-a35a1188efd7,-7.7625,110.3625,0,13
57020bb6-c157-425e-b44b-9ae738560262,-7.7475,110.3725,0,21
570b2d7c-2d7c-7e3b-56ae-52defa99993b,-7.7625,110.4175,0,9
571d1218-1584-48d8-a33b-ffb12fc2b216,-7.7575,110.3975,0,8
571f781f-8a08-407a-9aeb-6633349aeee7,-7.7625,110.4125,0,35
5728edc9-be4c-4418-834d-cf8ee7cd0222,-7.7625,110.3975,0,142
5731ed8d-ed8d-9c23-c7f8-5c5e260eda66,-7.7625,110.4125,0,22
573ce83b-e83b-6fd4-c73a-f993e5a2c1c8,-7.7575,110.3925,0,3
57557ccf-139c-4451-8291-b9d08025426b,-7.7475,110.3725,0,80
5768b4ae-7282-4f48-a6a6-658689c890a4,-7.7575,110.4075,0,85
576b33ab-dc3d-4e9f-9216-95c6ea4909d8,-7.7575,110.3975,0,3
578b4527-1db3-4a38-b53b-509815c9d475,-7.7425,110.3775,0,7
57a16d18-72c9-4b54-b1c8-2072526f43e4,-7.7575,110.3875,0,3
57a8802a-802a-9c77-a4fd-7e5217184011,-7.7425,110.3625,0,25
57c10767-0767-5638-640d-75427f734f5d,-7.7575,110.3825,0,12
57c56012-6012-a794-165a-8bba7ed2e0b2,-7.7575,110.3825,0,14
57e2b05e-784f-41f4-8281-f9258dcded8d,-7.7575,110.3975,0,19
57fc6a2d-6a2d-4847-d032-39edc876b9a9,-7.7625,110.3775,0,18
5801e601-0f6f-4b38-894e-6694aa236c85,-7.7625,110.4225,0,30
582b1bad-1bad-23d1-845a-ee7aff300644,-7.7625,110.4125,0,2
584382bb-82bb-6038-3492-f49765133cbe,-7.7525,110.3725,0,2
584388f4-26f4-40f3-a196-7613eb59158b,-7.7575,110.3975,0,5
58474b4e-b8f1-450f-b193-a0a7afe750a6,-7.7575,110.3925,0,14
584e7323-fa6e-43d8-ad05-ae8db1e6003a,-7.7425,110.3525,0,13
58598ce6-9177-46cb-b325-4f58c24e0cb5,-7.7525,110.3725,0,8
585d57e1-2cff-4a6a-a7d7-ea3b091a8864,-7.7525,110.3725,0,62
586c0e27-3132-4f03-9020-e34381d0164f,-7.7525,110.3825,0,3
58746d47-009b-4491-1c21-3d9cceca9cab,-7.7525,110.3725,0,6
58864439-1da8-48ef-9a92-e565f1b572be,-7.7575,110.3975,0,3
588c05db-8b14-4922-86e9-4d3b664fc300,-7.7425,110.4225,0,139
588c22eb-b239-4f86-23fd-2b13cfa0e832,-7.7475,110.3975,0,2
588ecf82-cf82-1026-51e9-df3c2763ddc3,-7.7625,110.4075,0,94
58a820fa-20fa-e6e0-8438-4265f67c07f0,-7.7625,110.3925,0,9
58b00a62-0a62-0668-be06-09be13490c86,-7.7625,110.4125,0,2
58b0c9e3-d772-48b0-9503-b75021dc5ab7,-7.7625,110.4075,0,27
58b151ba-ed34-48b2-9dd5-030642e80fe3,-7.7525,110.3625,0,19
58b21fc5-5cee-4ff4-bb23-b2f55fa67ede,-7.7475,110.3475,0,67
58d4632b-8636-4ccd-9468-7a92ae5581c1,-7.7675,110.4325,0,1
58d6e965-4c85-4062-853a-8ca16c970bed,-7.7525,110.3725,0,12
58ec8b95-313a-4dbf-9e88-c8b0d41d0045,-7.7525,110.3825,0,4
58eefa0b-fd0b-49ab-8009-b22099146854,-7.7575,110.3625,0,6
58f2b717-b717-79f8-687f-ba9f8bdab43a,-7.7675,110.4125,0,17
58f7bb5c-bb5c-9c7e-2440-16b3c0d97256,-7.7625,110.3875,0,4
590058eb-103b-49da-a41c-541953887d66,-7.7575,110.3975,0,28
590bc124-4d6f-4f21-8d8c-e950fe91702a,-7.7575,110.3975,0,421
5915009f-c46d-4ce2-bc32-61e9278bc9a6,-7.7575,110.3975,0,10
591ccfb1-4032-4f1d-b436-51ca8c08044c,-7.7575,110.4075,0,22
5924a995-1ab7-4eee-9a2b-3d41a0345575,-7.7575,110.4025,0,43
592a46d1-8aca-4aba-9f6e-fe53fd580fd7,-7.7575,110.3975,0,4
59347271-7271-5796-c309-2d5b0292b305,-7.7525,110.3725,0,72
59395d17-86b1-419e-80a4-68ab4035ca0c,-7.7525,110.3725,0,2
593d0da4-dc1f-4167-8b2a-6d9798e8f9f1,-7.7525,110.3825,0,2
593ec037-f60d-44a8-bf0a-680c0c126b6e,-7.7575,110.3975,0,9
5943ec5a-bf10-492c-b9e4-681fb1ab904e,-7.7525,110.4175,0,106
5952b6dd-b6dd-201d-9ebb-8fe70e53de82,-7.7475,110.3625,0,3
597146c2-2532-47e1-80ec-b09de398eda4,-7.7625,110.3975,0,16
5994e165-e165-4fe1-31fb-62fc20cd0812,-7.7625,110.4325,0,38
59a444fe-58f4-4dd6-a861-643856c4d28f,-7.7475,110.3575,0,1
59b0373b-c71d-4c5c-8a9c-0c77fe1da4d9,-7.7425,110.3625,0,3
59dd9bec-c13e-400e-ab66-a5d6b557afa3,-7.7575,110.3975,0,37
59dfd395-d395-bddd-9672-4c0103359729,-7.7625,110.3825,0,11
59ead47e-2834-4f52-905d-cc67ece0fe6f,-7.7625,110.3975,0,145
5a0b0ed4-0ed4-ce63-98e2-eb3f5dae6974,-7.7625,110.4125,0,17
5a1d506e-506e-72cf-a203-eab8df519a11,-7.7475,110.3475,0,1
5a245c67-cc09-4cff-9381-659b0f8ff37f,-7.7575,110.3825,0,13
5a39f6b1-f6b1-4323-2bd5-d66030aedd2a,-7.7675,110.4125,0,13
5a548281-54a1-4287-8b71-3314bfcd7bee,-7.7575,110.3825,0,10
5a6f4097-4097-2eca-ff7a-2c59032d4c87,-7.7575,110.3875,0,18
5a7292e3-4f5b-4b15-9e9a-9d4d1c212b3e,-7.7525,110.3625,0,20
5a8df166-cd7c-411b-ab7f-c45f07eb34a2,-7.7575,110.3625,0,19
5a912bea-6d83-46d1-aab8-c77d89c3d199,-7.7425,110.3725,0,15
5a9c8534-8534-4ea4-c044-d03b4c13305a,-7.7475,110.3625,0,14
5aa5ac43-ac43-423a-7779-06b07c8bea50,-7.7575,110.3725,0,19
5aa7fbf0-8801-4aa6-ba75-9a1aec178cdd,-7.7475,110.3925,0,8
5aaaf76a-f76a-562d-ab2c-cc68a10d8c72,-7.7675,110.3725,0,10
5aac5593-b3d0-4912-9e30-fd7721f9edff,-7.7625,110.4125,0,2
5acc63d9-2323-485e-8b28-190e8fe8d357,-7.7575,110.4025,0,18
5af594de-8ea3-481d-acc2-2459a5d371d8,-7.7525,110.3625,0,31
5b2f46b1-46b1-8f2d-9216-08bd26c8adaa,-7.7625,110.4325,0,11
5b3b55e4-23e7-48aa-b997-0647dd51909b,-7.7575,110.3975,0,3
5b52602b-602b-0412-8647-ce7c09d088e0,-7.7525,110.3775,0,3
5b5c0af7-0af7-962e-90ce-eef720467c9f,-7.7675,110.3675,0,32
5b5e5535-c5b8-4129-9b87-c879af8bab56,-7.7575,110.3975,0,14
5b66bfbd-5588-4afc-aaf3-18205d3bda9f,-7.7625,110.4275,0,1
5b9e1839-1839-98ec-0a00-543c0127d328,-7.7575,110.3425,0,89
5bb55eba-5eba-e70c-a941-fe4025a09dbc,-7.7625,110.4175,0,1
5bc948aa-83a5-45e5-92ec-a6b1d2511e67,-7.7575,110.3925,0,9
5bcbd9f5-d9f5-de7a-03ef-fa8689f40f70,-7.7625,110.4025,0,47
5bd4720e-c2dd-46cf-822c-6d0c7db8d774,-7.7525,110.3675,0,7
5be02822-2822-009f-b470-dd56c2f3d136,-7.7625,110.4125,0,4
5bef5e68-5e68-e623-294a-20bf6c139858,-7.7575,110.4025,0,84
5c157576-7576-66c2-270f-aa2223e13e48,-7.7575,110.3925,0,2
5c1933cd-e142-464b-2de3-ea03da68087e,-7.7575,110.3975,0,6
5c1f8e68-d971-46c3-28a8-2c208778107e,-7.7575,110.3975,0,4
5c20f241-7b45-4e36-88fe-181d476f60c0,-7.7575,110.3925,0,6
5c220277-0277-a755-7dff-39a854082ce4,-7.7575,110.3925,0,35
5c3caf6e-a0c7-4ecd-90f8-c9a7348c890f,-7.7475,110.3625,0,2
5c59e31e-e31e-d7d9-f9ae-a03ed8a1fe2d,-7.7525,110.3625,0,25
5c604d92-534c-4730-845d-e02827684676,-7.7525,110.3725,0,12
5c71d391-d391-3acd-c2b1-40f4865776d1,-7.7475,110.3725,0,4
5c7b1eb4-1eb4-9ae9-8131-ab119f132ff3,-7.7575,110.3975,0,4
5c8bf60c-f60c-231a-8e79-1afb78e23c2f,-7.7575,110.3975,0,14
5ca69522-9522-e17d-40ed-b6b18f49369a,-7.7575,110.4025,0,8
5cb396e6-96e6-ea2b-efdf-625f811a8e6b,-7.7625,110.3975,0,58
5cbc5d8f-5c92-443a-b57f-2da5b257e1e1,-7.7625,110.4125,0,3
5cedf3ad-f3ad-4fa8-afc9-55ebf497d0e9,-7.7475,110.3625,0,5
5cfce695-240c-4e3d-9fb7-b11b84a3c6f8,-7.7475,110.3675,0,42
5d003a5e-0d56-4d8b-87ca-b527eebe5b75,-7.7625,110.3975,0,9
5d0376a1-76a1-33bc-3456-e51c4e1e7f11,-7.7525,110.3625,0,146
5d0d183f-b5a5-442d-93a3-e99421d32112,-7.7575,110.3825,0,7
5d302cd0-46bb-4b1a-bf2c-1304d09ca312,-7.7625,110.3625,0,9
5d36e91d-b735-4475-9a70-b4c1ea822502,-7.7625,110.3675,0,51
5d4fb1fa-b1fa-4b56-4e0f-3573d2ea1966,-7.7525,110.4125,0,18
5d5ad621-28b0-4b0c-ac60-10cf2978c575,-7.7525,110.3625,0,48
5d5deaf7-8d62-4581-a329-fc547bc2660f,-7.7575,110.4125,0,6
5d5f97ed-97ed-607d-bdaa-15b22e8f07fa,-7.7675,110.4125,0,6
5d73c5e3-2b32-42ed-abe6-4ca1d0e1bafc,-7.7525,110.3725,0,2
5d75bfc7-11a0-43ac-b6d1-33c43bb9dce0,-7.7625,110.4075,0,3
5d7aee3d-ee3d-df90-06ce-aa0edb29d8e2,-7.7675,110.3625,0,3
5d846987-b0ca-493f-9731-40223c0201d9,-7.7625,110.4325,0,2
5d8c8909-da2f-4212-9697-d1e692bd5683,-7.7525,110.3725,0,23
5d9a5cd2-58a7-4bee-2f02-d9754388e11e,-7.7575,110.3825,0,10
5da041aa-41aa-0dc6-4356-a69047e5f712,-7.7525,110.3625,0,6
5da5b6a3-c13f-4d58-898b-6923b4fcf7eb,-7.7525,110.3725,0,42
5da782d2-82d2-7a3e-4bfa-c2923b324146,-7.7575,110.3825,0,45
5db90007-1a54-4de1-ab9e-6484486d21c0,-7.7475,110.3875,0,35
5dc674fc-5c59-441a-9c78-05d981792a58,-7.7525,110.3725,0,22
5dd20073-0073-573f-4078-a5b2b827c877,-7.7575,110.3975,0,14
5dd7ceee-8c7c-47cf-b216-aa76020edd64,-7.7575,110.3975,0,5
5dde0e4c-0e4c-fc8c-0d97-5596608ec7d5,-7.7625,110.4325,0,4
5df37c86-3d79-46e2-bdde-f31a5c2891d7,-7.7575,110.3975,0,4
5df390a5-90a5-36b6-d126-ce7f1e23eb8a,-7.7525,110.3725,0,1
5dff042d-4a57-4b44-a84d-53103ee4aeb6,-7.7525,110.3675,0,6
5e137e89-7e89-3f9c-6329-3d02a95edafd,-7.7625,110.3625,0,10
5e1d3df4-3ec2-44d2-a488-1e8d9f780145,-7.7575,110.3975,0,20
5e2df250-12be-4d65-be7e-091442bb42f7,-7.7625,110.4125,0,6
5e38029f-2838-453d-8720-7d1f06b354aa,-7.7575,110.3925,0,17
5e3acaa9-9343-426b-b6d8-8e64a51540a0,-7.7425,110.3725,0,12
5e4b888d-0eff-4ae7-a780-67894fed295e,-7.7675,110.3825,0,2
5e4cf64d-c4c9-4c09-b940-f2249e209a68,-7.7525,110.3725,0,1
5e583409-a866-45aa-8311-315bd739d448,-7.7625,110.3975,0,44
5e5f8059-f91d-4751-b641-4fa61c432435,-7.7575,110.3475,0,16
5e60ac92-ac92-227a-c05a-7533a37fee9e,-7.7575,110.3675,0,25
5e721cbd-2c52-4b0d-1956-19913b785669,-7.7625,110.4225,0,2
5e75fd9d-cc6e-41e9-aeb6-8fb6faaa4fd9,-7.7475,110.3475,0,2
5e770596-0596-d605-07c3-6a5f2f35208b,-7.7575,110.3675,0,20
5e7ba38a-e097-40ec-ba19-2039626d3a3b,-7.7675,110.3425,0,9
5e975817-5817-f518-5502-8acca1428073,-7.7575,110.4125,0,92
5ea15657-0fa6-47f5-abcc-2c6878281fd1,-7.7575,110.4025,0,9
5ea4c3da-8df7-4bda-bbc0-1167f8ad5d92,-7.7475,110.3725,0,10
5eb2d1a7-316c-4a2b-ad6e-939930614d1e,-7.7475,110.3625,0,2
5ebf8edd-8edd-16b6-3a60-6a5527872b85,-7.7525,110.3725,0,3
5ed38d41-6800-454c-b576-90a7bd4dd2be,-7.7675,110.4125,0,16
5eda867a-43c8-425a-943e-07b978cb9e03,-7.7625,110.4125,0,19
5eee97c5-7ede-4cbe-beda-dc81db543047,-7.7625,110.3475,0,983
5efc4698-46aa-4626-abdf-ea69164da505,-7.7575,110.3475,0,3
5f12a714-a714-06fe-b536-a395e49a033e,-7.7575,110.4025,0,15
5f29ec83-f817-43c5-b8e1-2d5a4a601b84,-7.7425,110.4225,0,8
5f2aef02-ef02-3baf-9969-02ca814ae15c,-7.7525,110.3725,0,3
5f2c1d02-1d02-3ad6-c5e9-0bad8332fc4b,-7.7625,110.4125,0,6
5f2cd6f9-a2d2-4543-8c4c-417314b77264,-7.7575,110.3975,0,13
5f4c7f37-7f37-1109-5e4e-3557dc8077f2,-7.7525,110.3725,0,4
5f6237af-cacc-40d2-b03a-85222eb0a1cc,-7.7575,110.3875,0,3
5f6cc0fc-bbdc-499b-a98f-0500c16e0e44,-7.7525,110.3725,0,2
5f8f6089-6089-9297-81bb-3793d5f933d5,-7.7525,110.3725,0,11
5fa78bd7-8bd7-420b-8acb-e5938b7a107e,-7.7625,110.3475,0,9
5fb29157-9157-c200-4bd9-9210dae05e48,-7.7675,110.3775,0,6
5fb64a91-4a91-0b30-1855-03e83d64058c,-7.7525,110.3975,0,7
5fbe98cf-717a-452c-8a39-979051c7861c,-7.7525,110.3725,0,33
5fca3a83-6654-4292-8624-e4d4146cc39a,-7.7575,110.3825,0,4
5fce77b7-6389-4c67-b8d9-8fff783c6153,-7.7525,110.3775,0,3
5fd4c6c5-c6c5-1ce8-7ea0-3ea05be881e2,-7.7625,110.3725,0,58
5fd9cb80-c575-4d50-9c93-49d54382de49,-7.7575,110.3975,0,15
600383c5-83c5-a30f-1335-a8e095027877,-7.7525,110.3825,0,9
601128f5-28f5-3003-1fc5-03413ac3932e,-7.7575,110.3825,0,24
6012519a-519a-a019-5e27-42787616a1f0,-7.7625,110.3825,0,2
6016c7d6-c7d6-cf35-b260-71b2bebeb6e6,-7.7575,110.3825,0,1
601ce4e1-07a5-4d1c-b372-968dd36249bb,-7.7675,110.3925,0,9
602ebd3e-bd3e-1b2f-0beb-85562b9053d5,-7.7575,110.3975,0,10
60404da8-3754-4574-9e49-8f3e34fb6048,-7.7425,110.3475,0,31
6075c74b-c74b-2266-5de6-60f51260ae7c,-7.7575,110.3975,0,3
607a7644-7644-be9c-faf6-cc5adf55bcdb,-7.7525,110.3725,0,3
60820415-3c7b-4a82-80b9-184995159212,-7.7575,110.3925,0,10
60860c6a-0c6a-398b-a894-99749b1780fa,-7.7625,110.4075,0,18
6088f4a7-ba8d-4dcd-9f70-c93c290eeaf6,-7.7475,110.3625,0,10
60946462-6462-c5b6-f99c-0739f11deddf,-7.7575,110.3925,0,2
60a00f85-f8ef-4566-8ecb-ece9269ac592,-7.7525,110.3825,0,278
60b5437f-546c-4093-8769-41f71f4f8d14,-7.7575,110.3825,0,6
60d64e51-8207-47c8-8232-58c57ec61f34,-7.7525,110.3725,0,3
60d76ca0-0311-4cd8-adc6-c4dd2b1aadea,-7.7575,110.3975,0,11
60de07bc-07bc-d66b-dba9-2f7fd7226fd4,-7.7575,110.3825,0,27
60ed7591-9f1e-4b14-8185-d854902482f8,-7.7525,110.3725,0,1
60ef3aa6-3aa6-cddb-948b-c7d301ddd2c9,-7.7575,110.3925,0,1
6102673e-673e-3b5f-4f67-e279ebbf28a1,-7.7525,110.3725,0,8
61168668-662a-4afe-aa35-7441c524cac5,-7.7525,110.3625,0,16
61250d74-990f-4d68-1bd9-21c5aa254f81,-7.7575,110.3975,0,1
61308d2f-be87-4e60-9089-b8361718e2fc,-7.7675,110.4025,0,4
6135f05f-f05f-9adb-f541-9e70ac5c267d,-7.7625,110.4125,0,13
61488074-8074-f4e2-eb10-928f2f2e64b4,-7.7525,110.3725,0,7
614ca413-f406-4606-bb28-61ed2939d483,-7.7575,110.3875,0,2
616e365e-365e-6eab-bef1-1e93910862ae,-7.7475,110.4175,0,20
616e3c00-3c00-6b2d-700a-d15be3316e02,-7.7625,110.4125,0,13
617afb63-5a4e-4b6d-b37c-4b66180bb51c,-7.7525,110.3625,0,4
618fd686-d686-0bce-50b4-e1ebc53cd32b,-7.7625,110.4325,0,6
61a76080-f3e4-406a-a864-97158fac9411,-7.7675,110.3675,0,80
61c55afe-5afe-c331-dea3-7bb31a834d0a,-7.7475,110.3875,0,4
61c9fff1-28e6-4571-bf13-db424cfdc876,-7.7575,110.3625,0,595
6200f133-e691-414b-8bd7-190ebc646331,-7.7525,110.4325,0,45
621739c6-39c6-9d23-ac68-7fb59cdc7654,-7.7625,110.4325,0,5
62290185-a8ef-482a-9604-15591bd1caa4,-7.7575,110.3975,0,104
623638f5-38f5-c293-ad35-30ab57b14acd,-7.7525,110.3725,0,11
62471fe4-9fdf-4fe4-adf5-5c36f1ae36fb,-7.7575,110.3625,0,4
624a2d15-8074-4c7f-801d-ab03aae8fe99,-7.7575,110.3925,0,19
6260f655-f655-6a8f-e6cd-737981000464,-7.7525,110.3725,0,2
62673280-3280-4f3a-1a05-db0ec900a29e,-7.7575,110.3925,0,7
626b0386-bcc4-4997-aa4e-add9ac235850,-7.7525,110.3725,0,14
627934f1-a775-469b-b1a7-6417850f20e1,-7.7425,110.3475,0,27
6290b573-1cf2-4e10-b1ec-dd79b395a040,-7.7625,110.3975,0,60
62910205-1428-4f0c-bbfa-ffceca04de8f,-7.7475,110.3625,0,1
62ad65c8-65c8-540c-2c30-5a7abcf641de,-7.7575,110.3925,0,6
62b28ed6-8ed6-d609-7c54-ee9ccd8a10bf,-7.7575,110.3975,0,9
62b3fce3-fce3-ef17-5c0c-5fa91bd9f484,-7.7575,110.4025,0,55
62c5e61d-a5a7-4aef-bf3a-03ea953fa084,-7.7475,110.3575,0,2
62c7f01d-f01d-c9d4-0a68-033ad90457b0,-7.7625,110.3475,0,117
62d7e306-a814-43c7-92de-83b2f07049e7,-7.7575,110.4125,0,5
62df0220-0220-e871-71fa-84aa74e9f7bd,-7.7575,110.3825,0,8
62ecf5b4-f5b4-1c1e-ceb9-e43e01df87bf,-7.7475,110.3975,0,11
62fb6e76-0b5b-48c1-ae33-44f6506752c8,-7.7575,110.4025,0,1
63146e8b-6e8b-dfef-1852-e3a64a7d59c5,-7.7475,110.3625,0,9
6329d382-1a89-4264-bea3-ce15857b6044,-7.7575,110.3975,0,4
632c493e-8eea-4949-b723-4c58c0c73c31,-7.7575,110.3825,0,47
632d6ca5-b8a3-427f-b6ca-ed95119b7217,-7.7575,110.3975,0,3
632e8b9b-3457-47af-9f57-17ac49b27ab9,-7.7475,110.3625,0,23
633b313f-2eb5-4215-9df6-a0bd16316293,-7.7475,110.3525,0,4
63516515-baf5-444f-9f36-dea1c9b11106,-7.7575,110.3875,0,10
6353c1cb-aaab-4df2-8481-b55d63130e4f,-7.7525,110.3625,0,97
6355a116-723f-469f-8394-c345299c2a59,-7.7625,110.3925,0,26
635695f9-95f9-d937-90f7-72fe326de95f,-7.7575,110.3975,0,27
635a47c1-47c1-a885-f17a-a8acf2b50e32,-7.7425,110.3475,0,2
63639e0a-1109-4cc8-8dba-537a2d95549d,-7.7625,110.4125,0,19
6364c845-c845-300f-5ea6-6645dad35446,-7.7675,110.4175,0,176
637d4239-503c-4004-a21d-3efe0d6da462,-7.7625,110.4125,0,9
6381517b-fb2e-4611-b8b0-eb50810104da,-7.7575,110.4325,0,7
6381f0d9-bd2f-4bea-91b5-d5e14fd10da8,-7.7575,110.3975,0,32
638446c8-1b81-404b-b434-0a5b813326e1,-7.7525,110.3825,0,4
63873929-700e-4705-a7e5-921d96ec4afc,-7.7425,110.4125,0,4
638beb33-9bbf-4dfc-8d43-e1ef0c630d00,-7.7475,110.3625,0,20
63b1d556-d556-28c1-b24c-eb13cfd2024d,-7.7575,110.3925,0,24
63c7a957-a957-5d42-2fd7-fd1439d502fe,-7.7525,110.3675,0,11
63d05180-5180-c448-b0b2-39af99a6517c,-7.7675,110.3775,0,289
63f29d10-9d10-98bf-3641-0278b8d03454,-7.7675,110.3925,0,9
63fe6a33-9b1c-4fa4-8e63-7b1597cfd0e1,-7.7575,110.3975,0,5
640c1efe-fbca-47a7-97c4-9047c1ab129c,-7.7625,110.4125,0,33
6415b40c-e002-4c31-9c84-f5e4db0d947c,-7.7625,110.3975,0,318
6427a8b7-a668-4074-bcd2-649a8912066e,-7.7575,110.3975,0,88
64360754-ed6a-4472-a56a-e6b0bbff3f96,-7.7625,110.4075,0,53
64568138-1851-45f5-a7bb-15634d29d33d,-7.7525,110.3825,0,5
645f1021-0320-4f39-afbd-8dea26c38387,-7.7525,110.3725,0,13
64ab0d85-94fb-4c5e-b047-3b83cbfe8566,-7.7625,110.3675,0,29
64b32ee9-0032-48f1-8b89-fe1eb4c15a47,-7.7575,110.3675,0,2
64d8d9e2-ae0d-421a-be4b-5f009508b9d6,-7.7525,110.3775,0,17
64ef11b2-5133-46ea-941c-4b213d482c10,-7.7675,110.3675,0,3
64fb8967-8967-621b-84bf-048ac5bfb0a4,-7.7575,110.4025,0,28
6501679f-66ed-41c0-9a29-f20107ca9358,-7.7575,110.3975,0,11
650b93f5-93f5-e9a3-3bcb-323617f348e0,-7.7625,110.3975,0,15
6511a43a-a43a-9e9c-0221-ecb5b0084cf1,-7.7625,110.4125,0,10
65123a78-65a9-44cf-8c1e-89df618e7167,-7.7475,110.3625,0,4
65183326-3b5b-482c-b734-5b4d3b7c89d9,-7.7575,110.3825,0,25
65186009-fc87-4193-9d4c-c2397d7426b8,-7.7525,110.3775,0,3
652c645c-1bdd-42c7-89e3-4d7131f891f1,-7.7575,110.3825,0,9
653576ad-76ad-cc30-f15c-5173c4921a09,-7.7575,110.3975,0,136
653d2797-2797-a1cd-8127-7b33b9f64671,-7.7575,110.3875,0,1
6569ce93-99d6-45d9-9c7f-10fe4f51bf08,-7.7475,110.4175,0,7
656e18d2-87e3-4473-bdb2-31c4473144e2,-7.7525,110.3725,0,8
65780b9c-0b9c-dd9d-a54b-19a9539d2a01,-7.7525,110.3725,0,4
657c6480-aa35-42a9-868f-d6b5f81ed1ec,-7.7625,110.3625,0,8
657d2b35-2b35-4da1-d50c-fc74dd589991,-7.7625,110.4125,0,1
65806288-6288-ef09-11b3-6420099b2e43,-7.7525,110.3825,0,2
65858a70-8a70-2a44-6a70-7588c0dc9400,-7.7475,110.3725,0,9
658c7d54-a9e0-4928-9e19-3bd8bfbd20cd,-7.7575,110.3975,0,5
659eabc9-abc9-4282-aba5-41d211711463,-7.7525,110.3975,0,4
659ed01e-abc5-47fc-b528-92b443a553da,-7.7575,110.3975,0,191
65a4eea1-b929-4fdd-96cf-302950299cc9,-7.7575,110.4125,0,10
65bb3fed-4462-4854-b128-7aa8918746bb,-7.7625,110.4325,0,144
65bbdc58-a39f-44a3-a57c-a4ebc753acaa,-7.7575,110.3925,0,9
65c5ad8c-cb27-4832-98ac-5c0073eaeccf,-7.7675,110.4325,0,9
65ecd0ec-d0ec-af8d-486d-a53e05f7de4b,-7.7575,110.3675,0,38
65fbba71-ba71-199c-8702-cfe8301e88ba,-7.7525,110.3725,0,45
66073e14-3e14-a284-704f-62359a383c22,-7.7575,110.3825,0,47
66211e70-9772-4e5f-b39d-ef5813b59d8a,-7.7475,110.3625,0,8
663a2a75-2a75-7701-7fc0-84ea3ce79432,-7.7625,110.3775,0,4
663f002a-002a-dfe0-8f40-6d9bd56c5cfc,-7.7675,110.3725,0,15
66558578-54f8-479b-98ab-a6282b3ca7b1,-7.7675,110.3775,0,6
6658959e-959e-94a9-23cd-34169385b4ff,-7.7625,110.4125,0,4
666a6daf-6daf-7a93-5b5c-44d7f21e37fb,-7.7625,110.4125,0,12
667381af-81af-74f8-edc1-44886638aefd,-7.7625,110.3975,0,4
6675fb74-fb74-205c-ef41-33197d8ff1f9,-7.7575,110.3975,0,11
66998696-f62f-408a-b69d-d94d6c5784f6,-7.7625,110.3925,0,1
669f55e0-cae7-4a2a-888b-fd1efb9ecd21,-7.7575,110.3975,0,4
66c0aadf-d0fe-4a55-a5f5-dabec625264b,-7.7575,110.3975,0,18
66c75d7c-d828-4841-a33e-7fe0534e294d,-7.7475,110.3625,0,55
66dcb91b-115b-4521-acb5-69774dff933a,-7.7575,110.3825,0,4
66dd9c60-3818-4d50-876f-cf88137c5f79,-7.7425,110.3625,0,2
66eb0655-0655-c8b3-f8b4-f13794109e08,-7.7625,110.3775,0,5
66fdf1d9-a562-430b-bf14-b74dfc9044bd,-7.7525,110.3725,0,30
6713eb24-eb24-dd41-8c39-1515d49fe5e3,-7.7625,110.3675,0,2
6726325e-325e-fe02-107c-abfc1e0d1aaf,-7.7475,110.3575,0,182
673b4410-6e8c-4264-8769-773087d869fb,-7.7625,110.3775,0,33
674cc6e9-6808-4e0b-a9dc-3004e81d813a,-7.7475,110.3625,0,2
6759f6f5-f6f5-fc8f-75cb-bf526fb6578b,-7.7525,110.3725,0,2
6784eb29-92d9-405f-8eb5-5c10e2a82f2f,-7.7525,110.3625,0,39
678ed4c4-d4c4-7554-0beb-8c090c3352b0,-7.7525,110.3825,0,16
6795f429-ac05-4432-9054-8d6da845521d,-7.7525,110.3725,0,4
67b20018-185e-4632-a265-d62f5c89b69c,-7.7475,110.3625,0,8
67bde97d-e97d-4f55-f5a8-620700dff7ef,-7.7625,110.4225,0,39
67c0abca-9e04-4157-83ca-005322074777,-7.7475,110.3875,0,31
67cd0f16-3a5d-4b49-8b54-0b7d3fd10a64,-7.7675,110.3825,0,22
67d14609-4609-5d72-d329-5c6d32c167ce,-7.7525,110.3725,0,3
67e898ce-88fc-44c4-ae41-d2187e780333,-7.7575,110.3675,0,12
67ff7f5a-afef-4c25-af3d-14e5da18e67f,-7.7625,110.3825,0,10
680421e9-17c8-4e42-b067-754ed6df97ae,-7.7475,110.3625,0,10
680baada-99f7-4c6a-a2e4-8083df38f2f3,-7.7675,110.3625,0,222
680c8bd4-ee50-4f7d-93a8-0f3505fe9982,-7.7475,110.3625,0,9
680e6b96-6b96-5569-df2a-5d79c2c7866b,-7.7525,110.3775,0,7
681b98c1-891e-46fd-9028-36409ef54a70,-7.7525,110.3775,0,2
68205507-6e45-4508-a885-54f170410a02,-7.7575,110.3975,0,1
68217b9f-7b9f-801e-d08c-482d4fb49245,-7.7525,110.3725,0,4
6824a8cc-a8cc-7a8c-3dd5-6bb0b43b71f0,-7.7625,110.4325,0,19
682c79a2-ed3f-492d-9b0f-e8460883e831,-7.7625,110.3775,0,5
684bfa95-d2f0-4a80-bc4c-8f9bc8f484e9,-7.7475,110.4075,0,245
68563299-3e54-4e1e-89c9-980c32fb4ae8,-7.7475,110.3575,0,4
685a40e6-b313-4969-be1a-b867ca51328c,-7.7525,110.3725,0,3
685ce275-e275-385a-fd48-fdd400dde688,-7.7525,110.3725,0,4
68663266-2f49-43f1-a280-9227ebbbe65f,-7.7675,110.4325,0,1
687b0c32-b71c-42f4-bfcb-bf398cde88e9,-7.7625,110.4125,0,64
688c6d08-c73d-49bf-9221-8d58e4fca61b,-7.7625,110.3625,0,3
688f7742-7742-998e-7c66-2290f0698113,-7.7575,110.3975,0,16
6893c42a-cf4e-4f27-a730-634c73c48f29,-7.7575,110.4025,0,1
68bd1717-1717-e720-13eb-65df3968c05e,-7.7575,110.3975,0,6
68d3b98d-5e9e-468a-abda-6b6cb9078db0,-7.7525,110.3625,0,26
68d7a3e8-ad4f-43d3-9d0f-22b9d48da1bb,-7.7575,110.3925,0,22
68de2866-2866-a48e-9778-490394aa4e1f,-7.7575,110.3675,0,10
69008dbd-ffb9-46fd-b7b4-6a42f3c65b03,-7.7525,110.3825,0,6
6917e78b-09d1-4115-21c3-a1581e945eab,-7.7625,110.3975,0,3
691f2f39-2f39-0ca6-c63e-516a55fbf647,-7.7625,110.4125,0,3
6928a985-4d52-4185-8801-4f30fd473e87,-7.7625,110.3975,0,5
6928e132-e132-a92a-4187-b4f1a15023e6,-7.7575,110.4075,0,6
693a6b6d-57f5-4f2a-9acd-c72021103628,-7.7575,110.3825,0,3
693f622d-1665-437e-b9fb-343d0ca81ec1,-7.7625,110.4225,0,71
6950f43e-fd0b-4fde-846a-05a684b553b0,-7.7625,110.3775,0,5
6951792c-792c-28e1-303b-11fce91cf3aa,-7.7525,110.3825,0,6
696c2496-2496-4109-aea8-ff13310400e3,-7.7575,110.4025,0,5
69784a7b-544b-43f6-afd8-deb6dc301041,-7.7525,110.3725,0,16
697b1d47-1d47-3101-19ed-dfa781fbe6e7,-7.7575,110.4025,0,93
69804b58-1e51-4107-a711-5af05ab677e7,-7.7575,110.3975,0,9
6992a291-556f-4644-b9cd-a0069dd1de09,-7.7525,110.3625,0,23
69cf6ff8-96e9-464b-9007-4c6d7ac2bf96,-7.7575,110.4025,0,5
69e54683-deb4-4c0b-a455-3f84f74b8ab1,-7.7575,110.3825,0,8
69e5d078-95a5-4efd-b148-2dd754eec97b,-7.7675,110.4325,0,3
69eb7201-7201-9cdb-6159-0637936e5ed5,-7.7525,110.4275,0,18
69faffe1-f76e-4a1e-8e9e-f2903fd6fdcd,-7.7575,110.3825,0,11
6a07a141-9126-47ce-bd04-fcc377065c43,-7.7575,110.4025,0,10
6a09f2e6-48f4-4a53-bf12-24b5f8d4133c,-7.7525,110.3725,0,13
6a0fba65-a78f-46f0-8303-8eb6cfaaf6b6,-7.7475,110.3875,0,10
6a15aa72-aa72-125c-f147-875317788fc7,-7.7625,110.3975,0,11
6a174e3f-aea1-4ddf-b999-af2164b53b3f,-7.7525,110.3725,0,2
6a278e52-8e52-5d32-5f83-2582c7911f57,-7.7675,110.3825,0,5
6a279232-9232-9271-490a-fd1e08524cdd,-7.7425,110.3475,0,20
6a4a68a2-ee3e-44fd-2f4b-12d0f958a7b6,-7.7625,110.4025,0,5
6a4c85a9-85a9-00e5-cc2a-04ba81264e50,-7.7575,110.3975,0,41
6a53451f-3c7a-4642-ad8a-37802fe4bf30,-7.7675,110.4025,0,3
6a5a2c9b-7b61-482a-bb30-e7ff90a72089,-7.7625,110.3925,0,12
6a5e44c9-44c9-6261-44f1-0a4ec6517ba6,-7.7625,110.3625,0,3
6a6fd8b5-3d01-4da6-b7a4-f9aa7fdff1bd,-7.7575,110.3975,0,15
6a752b08-9178-4707-8633-018c6d943b6c,-7.7575,110.3825,0,8
6a7828de-8acd-45d4-9cef-56f42bcf43e9,-7.7625,110.3825,0,18
6a82d9c7-51ff-4b4c-b173-90ae66557b7f,-7.7525,110.3625,0,21
6a985ffc-c7be-4715-9cce-994d80358d85,-7.7575,110.3925,0,2
6aa16d34-5b8d-45e8-99d4-63b4681a1782,-7.7575,110.3975,0,13
6aa43b69-3b69-828b-aced-175635b18077,-7.7525,110.3625,0,18
6aab943b-943b-8229-4858-b37593302f6d,-7.7625,110.3775,0,4
6aac3707-2cb6-49dd-9e1c-147a33a0d4b8,-7.7625,110.4225,0,3
6acbf53e-c1d2-4906-813a-3c12f95b7f83,-7.7675,110.3775,0,8
6ae7153e-153e-9e82-5b7f-63b89acdbeb7,-7.7675,110.3625,0,12
6b1311fe-e051-4947-a3a5-aa74a938654c,-7.7625,110.4025,0,32
6b1a6dcd-6dcd-6c7d-2306-2971e257616e,-7.7525,110.3625,0,4
6b26b6f8-b6f8-8e46-6f77-c2c7ea0affd6,-7.7525,110.3625,0,7
6b4b7a24-7a24-77eb-ee53-04231798e3cd,-7.7575,110.3925,0,26
6b53e061-e061-4e7d-1029-10cdfee9c553,-7.7675,110.3675,0,8
6b5b32f2-44b1-4b0b-bd4c-5a9a098d2a18,-7.7675,110.4125,0,68
6b5c8b3e-ab68-46c0-992e-61b5d3bf198f,-7.7575,110.3625,0,18
6b62702c-c31a-4457-8653-6ee43eab1df0,-7.7575,110.3625,0,30
6b63bddd-bddd-d118-4861-7e78b29d988b,-7.7575,110.3625,0,2
6b645416-a8ac-43d1-b02c-54fb307929ac,-7.7575,110.3975,0,2
6b66731a-e848-46bb-847b-58a44a734e2a,-7.7525,110.3775,0,6
6b787f8e-d240-4f1e-1852-02aae63bf222,-7.7425,110.3525,0,122
6b7b1a28-dcdc-4450-884b-b11be97a8c59,-7.7425,110.3725,0,22
6b84fc36-fc36-27f4-8dff-892d5372cb6e,-7.7525,110.3625,0,18
6b8da2a0-3694-4dbc-b814-7ed14a7f807a,-7.7575,110.3975,0,12
6b9611d0-b65f-429f-9f11-67888ac0fd5e,-7.7575,110.3975,0,7
6b9cbf74-bf74-222d-e586-e319d9571f91,-7.7575,110.3975,0,20
6bacda29-2830-491a-a68b-2321d013f8e1,-7.7575,110.3625,0,4
6bea3c5d-3c5d-ab63-02b1-e2efbc92bfe6,-7.7525,110.3725,0,17
6c06eb2f-54c6-4c1a-8e23-c8f7b9966c69,-7.7625,110.3625,0,23
6c0cee0f-f8b5-4925-bf31-00cd8274cb00,-7.7475,110.3725,0,13
6c24ca59-ca59-ba7b-57dd-cb85ade2d98f,-7.7475,110.3725,0,3
6c2741f7-41f7-36f6-7f3c-5b8118e27374,-7.7575,110.3875,0,18
6c2e95da-95da-a32f-c0a8-7200701ce72d,-7.7475,110.3875,0,14
6c33c27c-75c4-4823-9f7c-0480973bb2bb,-7.7525,110.3975,0,21
6c792190-2190-ee32-e139-423fdb446def,-7.7525,110.3725,0,3
6c8eae44-ae44-9545-f436-bad260c81971,-7.7525,110.3825,0,17
6ca0a3a3-0df7-406b-acbb-6efe258e2307,-7.7625,110.3625,0,58
6ccccfca-6ba1-44e4-b547-861949aae32d,-7.7675,110.4125,0,11
6ccd0aa7-0aa7-fb6f-be81-08e8906ce096,-7.7575,110.3975,0,23
6cceedfc-5000-48d5-8df3-d399c155c293,-7.7575,110.3975,0,15
6cda386f-386f-3f7d-68b1-c7e6f53a270a,-7.7425,110.3625,0,2
6cde0d1d-0d1d-9518-a59e-9a217c456b48,-7.7625,110.3775,0,23
6cdf7908-e76e-42af-b30b-cf1ff396d256,-7.7625,110.3925,0,10
6cea59ff-59ff-7164-3ee9-848ded57f3f9,-7.7625,110.4125,0,1
6cf61c46-5780-445b-a8cd-a0aeafd302ef,-7.7525,110.3825,0,26
6d0c8380-0170-4538-88a8-3aa43ba91e5e,-7.7425,110.3725,0,10
6d1890c0-70f1-4f16-2275-95f85dba291c,-7.7575,110.3975,0,4
6d332e79-c0d9-49c2-8bf9-5cd70c33b7f7,-7.7625,110.3775,0,10
6d344b61-4b61-325d-bc5a-14f495030bc9,-7.7575,110.3975,0,23
6d426a19-6a19-20ed-e191-a186bc4e2a5c,-7.7575,110.3975,0,5
6d4ac055-28f6-4131-9234-597639527784,-7.7675,110.3525,0,1
6d53c841-a0a4-48d3-a4a4-2bd97521e602,-7.7675,110.3925,0,7
6d58c83c-1129-4fa6-b2aa-48d41d3c8a98,-7.7425,110.3525,0,4
6d5d676b-0949-4f20-b0c6-94d6db4774f4,-7.7625,110.3725,0,3
6d63be09-6794-4223-aa7b-8a0b610b5258,-7.7575,110.3975,0,28
6d678106-8106-d601-aa5c-29e0266e516d,-7.7625,110.3775,0,5
6d6e1b67-1b67-f2d9-8c14-72640f29736b,-7.7425,110.3625,0,4
6d827e47-7e47-1846-3633-864600e2cb4a,-7.7625,110.3975,0,10
6d8c8c8e-8c8e-a8d0-b4e7-f1d8f59f3f7b,-7.7475,110.3625,0,2
6dad42c2-9ab2-47a8-a24c-c6a71db50dbc,-7.7625,110.4125,0,8
6dc61aea-1aea-879f-660a-acaa138ff07c,-7.7525,110.3625,0,6
6dd5cc5b-cc5b-d0ca-1b98-076a983f161a,-7.7575,110.3825,0,4
6de5bd4d-1412-4e30-b15d-d0812fea581c,-7.7525,110.3625,0,28
6df8279e-ec2b-408f-b659-8c5e15cf7706,-7.7625,110.4125,0,362
6dfe3229-3284-42fa-bc95-d6504463d527,-7.7525,110.3725,0,19
6e0c1e92-1e92-611c-3cc7-0f67923b2e4e,-7.7625,110.3925,0,20
6e0d220c-220c-ee4d-a7c2-178fb7417eb6,-7.7575,110.4025,0,36
6e31a0b2-a0b2-9597-2186-52fae411b1be,-7.7575,110.3925,0,14
6e3ae3a1-ee1f-48d3-9408-34c5466c9f88,-7.7575,110.3625,0,602
6e4aa214-d7a7-4be1-984b-29bae03ffbe8,-7.7475,110.3625,0,24
6e4bde3a-b4da-43a1-8b2f-1ed62f948799,-7.7425,110.3475,0,2
6e54d2fb-d2fb-0238-7b30-c78ebd5d6c9f,-7.7575,110.3825,0,24
6e6871cf-938e-4a16-832c-e0315be4329a,-7.7575,110.3975,0,5
6e71d2dc-d2dc-c5e2-8c1b-247ac20056e4,-7.7625,110.4225,0,9
6e74b06a-b06a-2d39-1576-fc42359ae624,-7.7525,110.3725,0,12
6e8768ae-59f8-4e23-9e14-417770a378fa,-7.7575,110.3725,0,38
6e8c9e6c-75f9-43f0-98d5-bc2f88307ae8,-7.7575,110.3925,0,33
6eb038fd-2add-4c17-8c00-16e190874937,-7.7525,110.3725,0,32
6ec02521-7ebb-47ea-b6ee-5d4c92c60a16,-7.7625,110.4125,0,4
6ec1b350-b350-22a4-9a09-e6079d6230c9,-7.7525,110.3675,0,1
6ec5688b-fae1-4d79-b977-a27a371c1343,-7.7675,110.3775,0,10
6ec6311f-311f-83df-eeab-a3c072dee2ac,-7.7625,110.4075,0,22
6ed85748-b867-47fe-9c58-cf578efbdb0f,-7.7525,110.3725,0,11
6edc4165-4165-31d4-2ea2-9010ee95a182,-7.7675,110.4025,0,2
6ee413eb-7fb6-4735-979f-bad0d8a260bb,-7.7425,110.3625,0,2
6ef78a21-8a21-3bf8-2275-373125793062,-7.7475,110.3625,0,4
6f0b53db-53db-8f2a-c131-0f908b2341be,-7.7575,110.3625,0,39
6f1572fd-72fd-13f4-d9b1-5fbfb5dbf418,-7.7575,110.3975,0,12
6f345859-5859-0207-61d8-8c89e0131b78,-7.7625,110.3925,0,9
6f35b7e3-b7e3-6147-5905-5b0108c21b94,-7.7525,110.3625,0,25
6f480f4a-12c7-4085-964c-2b19494649ec,-7.7675,110.4325,0,26
6f4cbe0d-be0d-0610-fb3c-f6ce0b3dd8c3,-7.7525,110.3725,0,13
6f5e47b8-6a6f-4aee-895c-9e5d9d5e6a50,-7.7625,110.3625,0,5
6f77d533-901a-4731-82f6-14308b11ebad,-7.7625,110.4125,0,8
6f8dc12c-7277-482e-b437-01f5badfc1be,-7.7525,110.3625,0,2
6f9ed8d2-ad87-4b3d-89b2-5f82d5e60f71,-7.7525,110.3625,0,26
6fa1dd22-dd22-b29c-ea2b-f9c86604e5b7,-7.7575,110.3925,0,15
6fa5add4-8a3a-4195-afee-a46cc88a1bd3,-7.7575,110.3675,0,2
6fa8b049-b049-da56-07c6-fe5dca482150,-7.7525,110.3725,0,3
6fb3e752-c8e5-4bc5-81a6-5ffb977bf34e,-7.7575,110.3875,0,2
6fb7731f-5c9c-4ca7-84c4-42f03a000034,-7.7625,110.3975,0,7
6fc55b33-153d-4c95-a0fe-73ebaf64a564,-7.7575,110.3825,0,7
6fc86864-57ec-4685-badf-8d1a820b8d16,-7.7475,110.4125,0,77
6fda9b39-2609-4d49-a1bf-c20db5f025fb,-7.7625,110.3775,0,32
6fe5a478-ec5f-495b-8882-3a4dc868dcb4,-7.7625,110.3775,0,38
70132aba-2aba-961a-15bf-166c47d932be,-7.7625,110.3775,0,17
703e6133-27f4-4c2b-ab94-8980e231c2d6,-7.7575,110.3975,0,40
704d3a30-3a30-7396-c3f0-8debfe69a067,-7.7625,110.3775,0,12
705508cd-08cd-fab1-8254-fa2337271e01,-7.7525,110.3625,0,14
706763bd-74cd-4bb8-b41a-79ec9d69b376,-7.7675,110.3775,0,2
7073834d-f70b-4a3e-b595-0ff57a48e7fb,-7.7625,110.3475,0,7
70856576-bd52-4db6-ac84-e4025de4f02c,-7.7575,110.3925,0,27
70881902-1902-eb99-88f6-7d05a4b0298f,-7.7575,110.3975,0,33
70b63c33-535e-4c67-bf74-657ea3519fd1,-7.7575,110.3975,0,35
70bef793-7c96-498c-b2eb-f56bce56ff17,-7.7625,110.4275,0,1
70bf79a4-051a-4d16-a79d-f73ecc3df76b,-7.7575,110.3975,0,20
70c85b20-ee72-4d93-16ca-14eb3da7983a,-7.7475,110.3725,0,11
70d150fb-12b7-4faa-b585-58c396410c8f,-7.7575,110.4025,0,17
70e3727b-c5f6-420b-ae82-9073863ff8bb,-7.7525,110.4225,0,10
70e639e6-1ff9-456b-bf65-5954ccdadb13,-7.7625,110.3775,0,18
70e83d9a-3d9a-3612-6598-5656e9ee3723,-7.7575,110.3975,0,16
70ecc383-c8d9-4748-b25a-e13a48ab3a7f,-7.7625,110.4125,0,4
70f25be2-b68e-406f-9262-739f5228a789,-7.7425,110.3875,0,37
70f334fc-34fc-54b2-7a22-1ac6ed6c9212,-7.7475,110.3875,0,45
7125bafb-c5b8-461f-ad1c-5cb0f1a39e60,-7.7625,110.4325,0,14
7127a1f4-1bfb-4966-a50f-8f4c48e82783,-7.7475,110.3875,0,190
7148c0d2-423e-4859-b5f5-29ff6e2ef3bc,-7.7475,110.3625,0,3
71576b1f-cf1b-4c20-ba1b-5f1df33ff3e5,-7.7425,110.3475,0,4
7164f0ae-67cb-4631-9a2c-57ed214233f7,-7.7625,110.3975,0,61
7169d03a-a2ce-45ae-920b-9d952b83a93e,-7.7475,110.3575,0,2
71854fdf-8bb0-43fb-89f4-64a830a2a075,-7.7475,110.3625,0,2
719007a4-07a4-4a64-4fed-d91e6881e1f9,-7.7575,110.3975,0,10
71a1794e-794e-6635-b6c5-f659baaadc12,-7.7575,110.3825,0,86
71a34c32-59f6-4f74-8c3b-47c9ef6c68b8,-7.7625,110.4125,0,9
71a70031-a58b-43ed-aa7a-4a8d6a70356e,-7.7625,110.3625,0,30
71a859c3-59c3-e38a-83d4-1d8065b1a02b,-7.7625,110.3675,0,64
71b82e08-2e08-f788-1efd-68a0b8e53fc7,-7.7525,110.3875,0,3
71baaf14-af14-bc78-c6ae-054222c12dc1,-7.7575,110.3825,0,6
71bd1838-1838-8df2-7ce3-d4ba633b30e2,-7.7525,110.3625,0,18
71bdeb35-97fb-42a1-b7d0-660f2b99c5a0,-7.7625,110.3975,0,7
71cfd201-7486-4de6-9545-3fcbaa780dbc,-7.7575,110.4025,0,3
71d72e10-2e10-480a-a276-ea76046fa0b6,-7.7575,110.3975,0,3
71e81976-1976-a849-56fe-a280504b9db2,-7.7625,110.3625,0,12
721a4bde-f6dc-497a-9431-02d324fe0ce3,-7.7575,110.3975,0,11
722315aa-19a8-4a42-b356-0457f43b08e6,-7.7525,110.3725,0,3
723fbc4e-bc4e-bb23-e884-5394d5108c12,-7.7575,110.3975,0,2
72455cc5-5cc5-47bb-a50e-3f1dbc159521,-7.7525,110.3625,0,21
72642e73-6edd-4eba-a9b9-8236a8803b4c,-7.7675,110.4325,0,11
7265692c-fad0-4b58-a192-48dcca186fae,-7.7625,110.3675,0,4
726b78fb-e05f-4156-9c09-e9ad7d0ae4b6,-7.7475,110.4175,0,202
726cfdeb-fdeb-d0e1-32b5-1c550bbc61b6,-7.7575,110.3925,0,3
7272f549-f549-edfa-720f-b6768d656731,-7.7575,110.3925,0,5
727374c1-27a2-45dd-a6b6-33862452ed63,-7.7575,110.3875,0,2
72a35325-5325-32c2-ca3f-f98f3fb22eac,-7.7525,110.3725,0,11
72a7d7bd-d7bd-82f6-ad38-2c06403e1f33,-7.7525,110.3725,0,5
72ad7d2b-f3f9-4e31-b927-ce91d59dca97,-7.7525,110.3825,0,3
72b0d634-d634-913d-be53-191cd879710a,-7.7575,110.3825,0,10
72c04f45-995d-4951-8b3c-873769db2ce5,-7.7625,110.4125,0,74
72c8a3e3-2522-4d8e-abd6-142c4a18758f,-7.7625,110.3775,0,7
72e44018-4018-3560-72be-854d2ac3f438,-7.7625,110.4125,0,2
730b445e-445e-679b-9488-b8f5d6cbab05,-7.7425,110.3525,0,339
731d8d3e-8d3e-bd7e-b9a9-2e61786d1255,-7.7575,110.3975,0,2
73349200-16fb-4321-9f7d-ea37d40a1f8a,-7.7575,110.3975,0,12
734a94cd-70e9-41fe-ab5c-66af22ce5288,-7.7475,110.3725,0,2
734ec174-c3e1-4882-ad6e-a9862bb0f533,-7.7525,110.3875,0,19
73596ecd-6ecd-04bb-a1b7-8ceed74e940d,-7.7575,110.3975,0,68
735d5d8a-5d8a-5a1c-5d6c-7e2885c0e18e,-7.7525,110.3975,0,7
7378297b-297b-c5d6-795f-af63c356517f,-7.7475,110.3525,0,10
737cc851-7e3f-4423-ab1a-a6ccb217ca06,-7.7575,110.3825,0,12
73a145a3-45a3-0f5d-1cba-919602ec6617,-7.7625,110.4125,0,6
73ab1f0a-6710-4201-9267-3a4a3e5f1d34,-7.7575,110.3925,0,21
73b5e8f7-809a-4700-a807-c1da2b726ca3,-7.7575,110.3825,0,11
73bd9454-3bb7-4b98-9add-c66e71891642,-7.7675,110.3475,0,23
73c7b221-6e8e-4651-b7a5-fd769eebd795,-7.7575,110.3875,0,2
73c9ead3-20ac-473c-b837-78d988b3c460,-7.7475,110.3875,0,5
73ceed7f-ed7f-c7fc-0984-2b58699797ae,-7.7525,110.3725,0,18
73dbda86-da86-ebe2-1d9f-6483f0616cc3,-7.7525,110.3725,0,22
73eaf661-6119-45f2-a8b9-242b75131cdf,-7.7575,110.4025,0,18
73efc9e2-c9e2-f496-bf88-2ddae5a66465,-7.7625,110.3975,0,20
73fc3023-3023-3d58-b67d-f55e83fc5b80,-7.7425,110.4225,0,10
7406879b-571c-4ec6-aaa8-e9ad12e2f2e5,-7.7525,110.3725,0,25
7411e312-06d4-4a51-ac2f-d629734acb05,-7.7575,110.3975,0,8
7429fd3d-b5f8-4f94-9ef1-16d671fbdd0e,-7.7575,110.3675,0,201
742d4496-4496-47fa-b501-c2e1e9a45901,-7.7675,110.4325,0,3
742edc15-310d-4085-a073-528b96fc3794,-7.7575,110.3925,0,11
743fa58c-71bb-4442-a1e0-0ef43461b55f,-7.7525,110.3625,0,18
74627bbe-ae05-452e-aaf2-19734e62d5ff,-7.7675,110.3875,0,11
747e760e-1665-4f8a-a6fa-0b9ed9778618,-7.7475,110.3625,0,2
7481ca0f-21d9-4dbf-ac85-098d7dfd3333,-7.7575,110.3625,0,4
74869d44-32c5-4ed9-94ad-a0b134cb34bc,-7.7475,110.3875,0,371
7493f7ae-44e6-45e6-9272-18f7c11e3c98,-7.7525,110.3625,0,14
7496ad06-ad06-b317-0390-3388a4a02538,-7.7675,110.4325,0,3
749c4252-1c23-4332-a2f0-a1c4920d379c,-7.7575,110.3975,0,38
74aaa51a-a51a-800a-ddea-e643984bf739,-7.7525,110.3725,0,13
74bbdffc-2b57-43ca-acc1-429aaf9e3562,-7.7575,110.3925,0,19
74c83f4a-3f4a-1f82-f997-e2787332ff89,-7.7525,110.3725,0,2
74cac687-72d8-485f-b544-798ccb44eaeb,-7.7525,110.3625,0,21
74daa3a5-d161-4ae5-b5a2-3ff99fb9fceb,-7.7525,110.3725,0,1
74e99c87-20a0-4574-b1cd-abf920c1e8b6,-7.7525,110.3725,0,9
74eeb2c0-a7c7-41c4-bb6b-1d10dda9c102,-7.7625,110.3925,0,13
74efae73-aa05-48fc-8c58-624200aff949,-7.7625,110.4225,0,43
75044609-7914-4d6f-b331-f0fccf2c8065,-7.7525,110.3825,0,25
7505ce72-ce72-87aa-8d1e-b90fc3138f1f,-7.7475,110.4175,0,23
75096b1b-b4cd-4f73-b5dc-f94a2ea44342,-7.7625,110.4075,0,6
750b3330-3330-8964-89e9-1148b4329363,-7.7675,110.3425,0,19
750fad52-ad52-d95c-f967-db32ebf7342a,-7.7425,110.3875,0,17
75169b14-9b14-257e-e6f5-67bdebe233f3,-7.7625,110.4325,0,4
752aa534-b373-4660-9fb2-cc9f72b77be2,-7.7475,110.3725,0,85
752fd86c-43a5-4797-baf6-87a17591fbea,-7.7575,110.3825,0,483
7533f32c-131e-4d30-b1bd-d60144ff6932,-7.7475,110.3625,0,5
75360ea2-31d9-42ad-8e5f-a0c038463d14,-7.7475,110.3625,0,20
75598691-35e3-4849-93f9-8b5029cec402,-7.7525,110.3625,0,51
755cbe18-f252-412d-82de-808916e8f107,-7.7525,110.3625,0,2
757f482f-482f-7ba9-5f02-c54170e8fd96,-7.7575,110.3875,0,96
75855c21-8969-41cb-8ec0-2acf5257fc76,-7.7425,110.3475,0,2
758573a2-73a2-ac23-8c64-4f9084031740,-7.7475,110.3725,0,4
759e4437-4437-3a46-9edf-0cdec30201d2,-7.7425,110.3525,0,4
759e9a7f-4cb2-4d88-9819-84fff853e10e,-7.7575,110.3975,0,74
75e0dc3b-ccd5-479d-9f5b-cc65993648eb,-7.7525,110.3775,0,2
75e143a3-5081-443d-bd9b-1795df809b7e,-7.7575,110.3925,0,72
75e57c8b-f6f3-4ba5-bd59-fe521aea6ee9,-7.7625,110.3625,0,20
75ecab97-ab97-596a-5d4e-47fa134a3896,-7.7575,110.3925,0,4
75f14f57-4f57-2996-cdea-bf6fb3a0c786,-7.7575,110.3975,0,19
75f1ec2c-5af7-40f7-b4c7-21f8ff634b54,-7.7625,110.3625,0,14
75f5453d-453d-c084-0612-603675a4844b,-7.7475,110.3675,0,28
7614aa08-aa08-5a80-1b03-d1f700bcf57a,-7.7475,110.3675,0,8
7624aa99-aa99-c3f0-d144-378d2ca8abb4,-7.7525,110.3625,0,24
763dae7d-ae7d-3497-7f80-b7c6a876f178,-7.7625,110.4225,0,4
76543a14-55f6-4916-a780-cba8529c7b84,-7.7575,110.3925,0,9
765c9387-dba5-4c44-ab9c-b2471555496b,-7.7475,110.3725,0,39
766c12e8-151a-424a-a962-bd851648218d,-7.7575,110.3925,0,2
766c9a3f-ede5-4751-90e6-6531e911c16d,-7.7475,110.3625,0,75
7685b010-b010-2119-c4ac-a5ac808da444,-7.7625,110.4125,0,29
7690cfdc-cfdc-a64a-eefa-9fbacd24aa4f,-7.7425,110.4225,0,12
76b010a3-0696-49f4-9b45-3d94599e79e1,-7.7625,110.3975,0,18
76b61584-ae87-4a6f-86cd-43b14ff6c90c,-7.7625,110.3875,0,53
76f3097b-b602-4fd1-b586-edec96a840ca,-7.7625,110.3925,0,8
76f5f63d-f63d-2762-5a77-8ff2933cd7dd,-7.7475,110.3575,0,2
76f76b49-0992-426e-9904-24b136af0625,-7.7575,110.3975,0,9
77099f66-9f66-b78c-ca4a-d96a7d076097,-7.7525,110.3625,0,33
770db2f7-6fe7-43ef-819c-004a466cb33c,-7.7525,110.3725,0,5
7724cbd5-4ae0-4d73-a02d-4c793278f9dd,-7.7475,110.3625,0,17
77326f3b-29d7-4bd5-a486-4b949cff6b99,-7.7675,110.3775,0,6
77367e34-7e34-5002-12ed-44a46d650d4f,-7.7575,110.3975,0,3
775037f4-37f4-8ca8-0df2-3b3361182043,-7.7625,110.4125,0,4
7757dbca-dbca-8ab1-4724-d2f5ab8fa015,-7.7525,110.3825,0,5
777755c4-552b-418c-ac27-a41fb0cbe72c,-7.7525,110.3725,0,7
7782ac4c-ac4c-47e6-0e81-93eca40a2dc3,-7.7575,110.4025,0,54
7797d43c-1640-4589-824d-96942739fa51,-7.7525,110.3625,0,8
77a61b5d-78d3-4932-a2ab-064af6fbdcb8,-7.7475,110.3625,0,2
77b96182-029c-418e-b912-9f1b13564f6f,-7.7475,110.3625,0,19
77c2d9ef-9307-4828-91ac-ae44ac3b6619,-7.7625,110.4225,0,2
77dc1bf5-1bf5-190c-9b07-fb219050c4e2,-7.7575,110.3975,0,4
77de3470-9279-4cfa-a73a-690ee3f33029,-7.7575,110.3925,0,1
77e0f573-f573-8fa6-ea16-f9fff33ba113,-7.7625,110.3975,0,9
77eff255-f255-f653-3a8c-0909ddc25cae,-7.7625,110.4125,0,43
77fcfc3d-211b-4066-8515-74646e5bf638,-7.7525,110.3725,0,11
77fe89e5-6fbf-4506-be4c-c47521f560e4,-7.7525,110.3725,0,5
780055ee-55ee-10f4-5169-0e7961853bd7,-7.7475,110.3625,0,2
780c8b74-3ead-4572-9911-78d3be01fdfe,-7.7625,110.4125,0,4
78213d5d-2683-4321-8ac2-7a8b81e90996,-7.7675,110.3725,0,519
7828788a-b969-4e4e-8d12-3637cbb45769,-7.7475,110.3525,0,41
782e6b31-515a-44a2-a508-67e13a0f287a,-7.7575,110.3975,0,7
783366aa-66aa-139c-1406-ebb1cd48111e,-7.7675,110.4125,0,24
785134a5-34a5-8201-2fcf-ba97c9659988,-7.7475,110.3725,0,18
7852f4ad-f4ad-8f2c-8a1e-76b7b6a7ae90,-7.7625,110.3675,0,22
7860dc0b-dc0b-2fd1-4fd9-71ba0051aa1f,-7.7675,110.3625,0,10
787007c8-07c8-cb72-0cfe-2eb8e91546d7,-7.7425,110.3475,0,3
7873000b-b414-43b2-8175-58e406e5d30d,-7.7525,110.3725,0,8
787eaf21-1049-49ea-95d2-67c2bbc45955,-7.7575,110.3825,0,4
788ab5e5-d54d-44c5-ac0c-a3019e47fb93,-7.7625,110.4225,0,16
78a2ca5d-dcec-4132-a45a-a2e05f9f0f1c,-7.7575,110.3975,0,4
78a32936-18fd-4e7d-a9c5-db2a2c1e0d14,-7.7575,110.3925,0,140
78a7bc6f-bc6f-d229-2a71-75f9917c8af2,-7.7475,110.4025,0,24
78e9b48f-10bc-4aef-89c8-7cb1b8779972,-7.7575,110.3975,0,4
78f26478-8acc-4fd5-9d94-ed8b625a43d3,-7.7625,110.4125,0,3
78f380ed-80ed-9528-a2d1-6655abee473a,-7.7525,110.4075,0,44
79012455-2455-14c5-6c1c-87fb306243d9,-7.7625,110.3625,0,13
7906098f-098f-38f0-f955-58592ab8fa5e,-7.7475,110.3875,0,2
791af0f5-f0f5-4152-9fc6-7759a4afa5bc,-7.7575,110.3625,0,22
7932b619-25fb-4d2d-af90-9a72791e35fc,-7.7525,110.3475,0,75
794a88cf-a622-4bf4-9f5d-e2d7cf80f429,-7.7525,110.3725,0,4
794c6ddc-38ca-4182-a499-1bbcced7356e,-7.7625,110.3625,0,26
79538e99-8e99-69f2-886a-910b55ae977b,-7.7575,110.3975,0,53
7954b905-b905-f401-a41b-650d87c19e72,-7.7675,110.3925,0,10
796cc451-97f1-4a92-9a55-cf419a9e9db3,-7.7525,110.3725,0,10
79965125-91ed-4ad1-8edc-294cf5db628a,-7.7475,110.3575,0,36
79971dc0-2219-4228-a9cf-448157de84c4,-7.7575,110.3975,0,3
79a70fe5-0afb-408e-a611-63a9d4ee0ee9,-7.7475,110.3625,0,4
79bf24a3-eeb7-42b1-a1ef-ce5dec65f178,-7.7625,110.4125,0,8
79c75510-5510-3f18-cb45-cb153aa08c4d,-7.7575,110.4225,0,15
79e532fb-0a6b-4ec4-b5d4-8b103f155c73,-7.7525,110.3725,0,14
79ec906c-906c-48fb-ae19-9331d8f9d828,-7.7625,110.4125,0,2
79f6f901-475a-473e-95b4-1d4ca7b2a8db,-7.7625,110.3625,0,32
79fc7606-8b65-4a98-9403-9fcdc18de940,-7.7625,110.4075,0,158
7a045fdf-5fdf-ad21-0dcc-8fa18ea877b0,-7.7525,110.3625,0,8
7a0e412e-5288-4335-b454-40955a243982,-7.7625,110.3975,0,20
7a29cf53-8d7d-4673-8670-dd8ad3840ebb,-7.7575,110.3975,0,3
7a3132b1-32b1-70ba-1a48-498cd15d6d7a,-7.7525,110.3825,0,1
7a346ea3-e5e3-4701-2f73-6f4bfc18c180,-7.7675,110.3775,0,43
7a39310d-6ad8-406c-be46-aa7abd9eacd2,-7.7625,110.3625,0,92
7a49caa7-c76b-4050-8617-f10ba59d54b8,-7.7625,110.3825,0,9
7a584c04-4e1f-4371-ab75-670c4665bb36,-7.7625,110.3975,0,28
7a5ed8cf-e60b-4faa-9557-5a77776abc9d,-7.7525,110.3625,0,13
7a6769c8-69c8-212d-c955-2b960e7e75a0,-7.7525,110.3625,0,12
7a83859c-c465-4249-9ea7-42960ef17520,-7.7475,110.3625,0,8
7a882e57-330b-43ad-bea4-4d0ab44c703b,-7.7525,110.4125,0,2
7ac26a1d-87e2-4aca-177e-2f92c947030d,-7.7575,110.4225,0,28
7acf731f-7491-4aad-9085-0540c9f28438,-7.7575,110.3975,0,21
7ad9ccd7-ccd7-5a6e-c15e-8e44ab859f73,-7.7625,110.4125,0,12
7adacb02-920e-412e-9452-f6c6b348177a,-7.7575,110.3825,0,15
7aec891f-891f-2273-98a9-27fc38b0766b,-7.7575,110.3975,0,8
7aee9e9a-0e3f-4a7f-b091-1a86cf9bfb09,-7.7575,110.4025,0,50
7af11008-1008-8bac-01c3-764afd821ec9,-7.7575,110.3975,0,21
7b202e87-14d9-4e97-9daf-c827a51e6863,-7.7675,110.4125,0,25
7b2113f0-13f0-15c6-6663-8ed28a14eacc,-7.7525,110.3625,0,27
7b2b3279-3279-30fc-e379-2761dc36eca9,-7.7575,110.3975,0,11
7b37f85c-4429-4ad8-9977-c2356a0a07fe,-7.7475,110.4175,0,17
7b465a58-c90b-48e4-8116-90a90c8d6aaa,-7.7625,110.3975,0,16
7b59adfa-adfa-1ea3-4368-22c8055c115b,-7.7575,110.4025,0,70
7b71abdf-95a9-4ce5-1fcd-8b104d2e7943,-7.7575,110.4125,0,2
7b7e4621-1136-4c18-819e-0be0dd9d1322,-7.7525,110.3775,0,2
7b83c546-4b66-488b-a768-922eb0e24f4b,-7.7575,110.3975,0,15
7b9629fd-29fd-d284-6b78-42ce9f2e4ccb,-7.7625,110.3975,0,15
7ba832ae-32ae-e2a6-5cdf-d70c37e58a17,-7.7575,110.4125,0,19
7bb37423-7e8e-40bb-a7a4-fc7be381a1a4,-7.7625,110.4325,0,42
7bb53c59-3c59-6078-55a2-d4a3d3370f32,-7.7575,110.4025,0,21
7bbce5ec-2e6d-44e7-9260-84d93374031e,-7.7575,110.3925,0,2
7bc4370c-370c-0e3a-dd99-b006cd88b7ac,-7.7525,110.3725,0,22
7bc7b272-1b24-415c-98ef-f650267e2481,-7.7625,110.4125,0,6
7bd8fb38-a91d-4e4d-a415-86d7c83a841c,-7.7625,110.4175,0,30
7be3661b-72fc-4486-a30b-b5a7099507d7,-7.7625,110.4125,0,2
7be6eb46-eb46-c0c7-adb7-b971e29cdf44,-7.7475,110.4175,0,20
7beb0eba-6430-4715-9249-9d3bae1426fb,-7.7525,110.3625,0,374
7bff8a28-eb18-4e41-b4f8-41c53495226f,-7.7575,110.3825,0,10
7c1da85e-a85e-fcae-653f-c0680c5762a9,-7.7525,110.3775,0,9
7c22ae80-54db-49d0-baef-f2b3fc2e1160,-7.7625,110.4175,0,13
7c241726-1726-d997-8da1-b5523d455bd4,-7.7425,110.3575,0,45
7c265ef7-5ef7-0579-cfc5-c15b5b2a42e8,-7.7675,110.4275,0,14
7c27ede1-10af-4429-996c-024657d77528,-7.7525,110.3625,0,8
7c301d19-ff56-48d8-a4e1-61bd04613c58,-7.7625,110.3675,0,11
7c52a62c-a62c-a30e-7437-b21bd4252d8a,-7.7625,110.3975,0,98
7c55c96c-63c4-4195-2f6c-0410265bb9bb,-7.7625,110.4225,0,47
7c577e98-7e98-d3af-5c80-4012fccb988c,-7.7475,110.3875,0,481
7c5d5858-e073-4847-9c4b-5a140de1ad2b,-7.7475,110.3625,0,157
7c5e629b-8cc3-4de9-bd14-c8a66db76742,-7.7525,110.3625,0,33
7c6c3ec5-3ec5-a54b-8721-56714909b1bf,-7.7525,110.3825,0,3
7c7e34bb-34bb-392b-0d00-aba58a820537,-7.7625,110.3975,0,3
7c8509f8-defc-453f-87da-e71d1dbce464,-7.7525,110.3725,0,13
7c878fd2-8fd2-104e-951e-fb96612a3557,-7.7575,110.3975,0,3
7cb083c2-b320-45bf-9541-85869aad915c,-7.7625,110.4125,0,3
7cd804c3-04c3-348e-3f30-8cafc98c0031,-7.7525,110.3725,0,8
7cf4c2ce-2bf4-4f08-9933-4d6a8be4cdf9,-7.7625,110.4125,0,3
7cfc28b8-28b8-2e0b-241a-17244c5bc251,-7.7525,110.3925,0,471
7cfc6bc4-6bc4-9888-ae9c-bb3586604b30,-7.7675,110.4225,0,157
7d131092-1092-1c47-1fd5-fc5083d060b5,-7.7525,110.3725,0,2
7d3aaee9-514e-4421-8e1c-d3d53edbc2b2,-7.7475,110.3875,0,9
7d4cac93-8d84-46ab-8218-9a1a7d16d266,-7.7475,110.3625,0,2
7d546ceb-6ceb-2a47-f5a1-f6c691455084,-7.7575,110.3975,0,4
7d5ef18e-f18e-9208-d966-1906b143455c,-7.7625,110.3975,0,4
7d6d63dc-69b2-4ac4-b052-f30ba094c72c,-7.7625,110.3625,0,10
7d8bdd8c-dd8c-e5fd-6a77-62967d8dc23a,-7.7525,110.3975,0,6
7d93b94d-201e-47bc-8b65-29481b16827a,-7.7475,110.3875,0,3
7d96b8da-5427-401b-a99a-a547d6c50ab5,-7.7475,110.3725,0,31
7db76a32-ef12-4143-a438-cd3c8e82c7de,-7.7575,110.3975,0,5
7dbf5f57-3e94-4c6b-be5a-043f13a0fc39,-7.7525,110.3725,0,8
7dc3f742-7b5e-4313-8d50-036e94f68db0,-7.7625,110.3975,0,5
7dccf02b-f02b-ff1f-39c9-977b13d7e689,-7.7525,110.3825,0,214
7ddd06c7-c335-4f72-87e0-88625ca0a40a,-7.7525,110.3625,0,19
7df6d8c0-d8c0-8c3d-7408-d67368808efe,-7.7625,110.4125,0,61
7dfc4223-4223-2172-9d2a-c81f1783b482,-7.7525,110.3875,0,2
7e03a439-a439-5867-435e-beb952fe9065,-7.7575,110.4125,0,114
7e0a2701-2701-ddbb-c7e6-a2cf7ccb76e2,-7.7625,110.3975,0,12
7e15ab6d-ab6d-d337-8abc-26f9a409237c,-7.7625,110.4075,0,35
7e29471e-d1c4-4b1c-a0c4-7242abc89362,-7.7575,110.3825,0,14
7e299400-9400-cbef-f725-539fd52df064,-7.7525,110.3675,0,6
7e2ae03b-1def-4834-8277-0c447b999199,-7.7475,110.3925,0,19
7e35690d-690d-2596-22c1-ec83df46a3f9,-7.7625,110.3675,0,2
7e51bba7-2c0d-44a1-b512-3e9ad7803cdc,-7.7575,110.4225,0,9
7e627de5-372a-48f6-a7bb-7bcb82811b2a,-7.7675,110.3775,0,5
7e640db6-b07a-4139-8ab4-bfcbf0b839a5,-7.7625,110.3875,0,5
7e7b65e1-d2be-42d8-a8fa-4eca4198a05a,-7.7525,110.3625,0,163
7e81cc7f-cc7f-d6bd-c3c2-79eaec5916b7,-7.7575,110.3975,0,42
7e86d57d-9b1d-403b-9557-d3c3b22713d8,-7.7675,110.3675,0,20
7e961675-1675-f880-c71c-54add47ddab7,-7.7625,110.3625,0,7
7e9ac560-145b-464d-a954-febc22453efb,-7.7625,110.3975,0,34
7ebc8c20-1e04-4640-bd5c-f10659ae5b14,-7.7625,110.4175,0,275
7ec1326d-8d9e-420f-9e26-e968598f60b2,-7.7625,110.3475,0,10
7ed8babf-03ae-44da-bd45-ac9653c44605,-7.7575,110.3925,0,4
7edcc13a-0613-490c-8d7d-a9f24121e8e7,-7.7575,110.3975,0,39
7ef8cb75-cb75-3ec9-dcc3-669063478be2,-7.7625,110.3625,0,11
7f0190bd-f915-4ef9-a550-ed9831c641d9,-7.7625,110.3975,0,17
7f32f23e-f23e-31bb-a89e-65a9e7826253,-7.7625,110.4125,0,27
7f343537-3537-d34f-6231-f0b9df70720b,-7.7525,110.3775,0,1
7f51995b-9224-40dc-8e8b-42bd58dbd050,-7.7575,110.3825,0,42
7f561752-1752-a66d-6a73-e60cc9c46dbc,-7.7575,110.3975,0,14
7f59b5ff-5d61-41a1-a56f-8dd16b358345,-7.7525,110.3925,0,7
7f5ae1ea-d44f-4b5f-859e-83a3eeb08189,-7.7475,110.3675,0,9
7f5c6873-9ff1-48c7-93b6-12c1bfb5cf22,-7.7575,110.3825,0,8
7f7b1891-1891-b90d-ab4a-02da9ea0c2a2,-7.7625,110.3825,0,10
7f7f8f03-8f03-c24f-153e-b7e32a0e3cbd,-7.7625,110.4075,0,15
7f8971f7-8326-479a-ba59-4b3b9efe44bc,-7.7575,110.3475,0,6
7f9047c2-47c2-4e0a-c1b5-cb3ee26ce9e1,-7.7425,110.3675,0,31
7f9371c1-0b05-4d33-b90c-9f017be8a761,-7.7625,110.3975,0,19
7f96e519-a79d-4bc0-a1be-e72f7376ab6b,-7.7675,110.4325,0,13
7fa8aaf3-aaf3-c0ee-d33d-0d5aa6a2170c,-7.7525,110.3725,0,11
7fac3c3e-534e-4f8b-8267-4a7e87e35f21,-7.7625,110.3925,0,6
7fc5f460-f460-9dbf-8597-52e40c4a8d25,-7.7575,110.4025,0,1
7fe8fe32-f13c-4842-9a85-eda1e455d482,-7.7525,110.4075,0,2
7fec7878-7878-4dad-9f48-9ebeab48189d,-7.7525,110.3725,0,6
7ff8f219-6b0e-4f42-b745-6c0ff4bcabb2,-7.7475,110.4175,0,10
8003b5b8-f4ed-4c62-832f-f1b758a42622,-7.7525,110.3675,0,3
800671ae-80c0-412d-89f5-63d3ec98cc1b,-7.7525,110.3475,0,44
800e1400-f8e9-4bf1-860a-e422f379b861,-7.7625,110.3675,0,21
800e66b1-a832-48c6-9e95-d4ed701bfdca,-7.7425,110.3575,0,169
8011cdd5-cdd5-f7f8-93d3-c30fb25001da,-7.7525,110.4175,0,9
801f913b-caf2-4b1c-9d6d-f23caaf8d091,-7.7575,110.3825,0,6
80238e75-8e75-cb4f-b058-8dd481e9a7cb,-7.7575,110.3975,0,17
805f14ae-374a-4c41-8cf0-124262d59b9d,-7.7575,110.3975,0,23
806a7287-7287-4849-6bde-85a7899cb0e9,-7.7575,110.3825,0,163
806dd56d-7bed-42c5-8685-4e6dbc4966ef,-7.7575,110.3925,0,10
80702ff0-bfad-4231-2fd5-3a5eaf7a0e69,-7.7575,110.4025,0,9
807c8d66-4bc8-4021-844b-80576861293b,-7.7575,110.3975,0,3
809b22b5-c9aa-430d-8249-31441871cf71,-7.7625,110.3625,0,396
80a12e92-4db8-46e6-bd60-8253bd3621ad,-7.7575,110.3975,0,6
80ac3598-3598-882e-a6ab-27d18cb6a799,-7.7575,110.3975,0,5
80ad81f2-d21b-4856-a967-801e05a70307,-7.7625,110.3975,0,5
80c45c7e-5c7e-0673-288d-a25d1573b80c,-7.7575,110.3975,0,87
80cb7307-9295-4880-9a27-41a58f1305f7,-7.7575,110.3875,0,156
80e73401-3401-395b-0397-5e146789f150,-7.7625,110.4075,0,178
80e9278c-278c-65d9-b049-7ace94a6075c,-7.7675,110.3625,0,135
80eb825f-825f-00ba-fb3c-e32e608d9cad,-7.7575,110.3975,0,15
8107896e-896e-b092-036c-374622327eb1,-7.7575,110.4025,0,32
81251a1d-5d29-4e41-8163-61c9fa18a346,-7.7525,110.3725,0,2
813295f6-cfaa-4e1b-b25e-de062e3c03e9,-7.7575,110.4025,0,10
8141dffb-5dc5-40ca-a7d9-273cd6e8b635,-7.7575,110.3675,0,28
815937ad-37ad-31ca-ce81-e7a6b9e33e1c,-7.7675,110.3775,0,54
815f82c5-08ff-4b0e-b250-6c03f16a03c9,-7.7575,110.4025,0,3
81730963-6487-43fe-bb68-701a5e9be606,-7.7475,110.3625,0,4
8174dc09-e9ec-480b-aebf-f52ec0b46dce,-7.7525,110.3625,0,22
8179b690-a62d-440c-8f03-39d3c44270dd,-7.7575,110.3975,0,8
818319b2-e4f3-45d2-2f39-6e4894bc07ca,-7.7575,110.3975,0,42
81a14cb9-af7d-4c7c-23dd-de533cbe3417,-7.7475,110.4025,0,9
81ad0ac5-923d-487e-82ca-d8a1515762d5,-7.7575,110.3825,0,14
81c36b6a-6b6a-1016-854d-e02f92d4c8cb,-7.7625,110.3925,0,12
81caefae-7773-461e-8f47-a52a05a853f7,-7.7525,110.3725,0,4
81ce607a-607a-71dc-eca4-b3353e5e9cbe,-7.7425,110.3725,0,7
81d4acc6-22cd-4c26-b0b0-be37a9d438be,-7.7575,110.3975,0,134
81d9fc46-a8c2-4661-b94f-96dc25088379,-7.7625,110.4075,0,3
81e51263-1263-b9e1-834a-918e2cded086,-7.7525,110.3625,0,38
81f1a89f-8e3c-4d13-a845-9c4ca59cabb0,-7.7525,110.3725,0,8
81f341b3-41b3-e207-2002-61bc55bfe249,-7.7525,110.3725,0,31
8209dc2f-91c2-4bf3-bf96-d1add2106b77,-7.7575,110.3875,0,6
820ab3b9-b3b9-96f3-3d03-7037ff129890,-7.7625,110.3675,0,24
82100324-edf4-4a91-23fc-ef8a93edba4c,-7.7475,110.3625,0,2
8218a3f2-6143-438e-997a-b87d7aa3b839,-7.7575,110.3975,0,10
82502a7d-0d10-4ad1-ae4c-05a496219362,-7.7575,110.3925,0,2
8257ee9e-ee9e-539e-dd79-df31294dc390,-7.7575,110.4025,0,5
82703472-1971-4e08-be43-9cb4a7eeb279,-7.7525,110.3725,0,2
827f37bf-37bf-8ec9-bc64-adba763a2dc6,-7.7475,110.3875,0,15
82868e2b-8e2b-c96e-5b2e-d51d22fc3460,-7.7675,110.3775,0,11
82a5dd50-1521-4ed7-a919-cf411a2ec49f,-7.7575,110.3775,0,7
82ab4dab-4dab-996c-7c53-5db0219da155,-7.7575,110.3825,0,14
82b53d72-6966-4e55-90db-e9bd5b2d3b1e,-7.7575,110.3825,0,15
82b91caf-1caf-0690-dabc-68d7108cf35f,-7.7525,110.3675,0,1
82bf4873-4873-e0c9-b228-35adcc9aab52,-7.7525,110.3725,0,12
82d17f41-78fd-4a9f-a46a-a333ca5160ca,-7.7525,110.3725,0,3
82d6cd23-0cd9-4a54-a067-492dd327e2cc,-7.7475,110.3875,0,35
82dc8d01-1f96-4474-a900-36c650929c0b,-7.7675,110.3925,0,579
82ead1cd-8ecc-4a88-b013-7292b7ef3402,-7.7525,110.3625,0,4
82fdc773-d3dd-48f8-2dc0-d212cc14bb86,-7.7475,110.3625,0,3
830683ec-83ec-2a09-1814-6bf8d597a47c,-7.7675,110.4125,0,12
83080fad-3a44-4124-835c-9034d13584dd,-7.7475,110.3625,0,26
830ed1b5-9a79-4558-97f3-822e435dafd4,-7.7625,110.3775,0,8
83183990-59bd-4451-a2a9-4871d9fb0ba9,-7.7625,110.4125,0,7
831f3e03-962c-44c6-aba6-8191f2eb2646,-7.7525,110.3725,0,5
833c47fc-42c4-4be1-97e5-1fe76372445f,-7.7575,110.3975,0,4
83738507-8d85-499f-9515-792868295e8a,-7.7575,110.3875,0,11
8398f59d-f59d-1e97-7b86-dbe04610569a,-7.7475,110.4125,0,3
83a1c2ab-c2ab-14e2-0930-9e4c7fe47ac8,-7.7675,110.3775,0,10
83a80f92-06b9-4b2d-b808-4e59772ac1b1,-7.7525,110.3725,0,4
83c69cbe-0172-4959-943e-696aa7bdb321,-7.7575,110.3975,0,22
83d14a7d-6ddf-45bc-b986-92669c4aae3c,-7.7625,110.3975,0,15
83ddeb7a-81d6-41fd-8ec8-1199d7bf7c00,-7.7625,110.3475,0,5
83df25c6-25c6-8199-bd53-6e97a36e95e8,-7.7475,110.3625,0,17
83e0e6aa-5257-427b-8360-1e506f0852a4,-7.7625,110.3925,0,17
83e86fad-e943-446f-b279-fe89519dbca3,-7.7675,110.4275,0,1
83fd7bb2-7bb2-a464-5fc9-65bd558270d6,-7.7525,110.3975,0,3
8406e4f3-1f97-4204-9b69-4e6e6dda86ed,-7.7525,110.3825,0,34
84079b78-9b78-bf02-e991-6492c91769fa,-7.7525,110.3675,0,6
84093153-aa20-4352-b76c-d4d2a1cf265a,-7.7625,110.4075,0,7
841b157d-699b-400a-997e-bb68f5a5643a,-7.7425,110.3475,0,12
8430b850-7811-43c6-bb17-d4750df72e71,-7.7575,110.3975,0,45
84379f33-b769-4c53-b1da-09c8e72028f0,-7.7475,110.3625,0,5
843f3d8a-f379-49e8-9108-835b122d1b09,-7.7625,110.3975,0,5
8440f318-f768-44dd-8523-b9e19ae6d9bb,-7.7425,110.3475,0,1
845ec67d-7b53-42fc-87be-a0e17352e66b,-7.7575,110.3825,0,12
849bc1f9-f35e-4a74-9c39-2f045a82ac16,-7.7575,110.4075,0,5
84ab931e-931e-5317-2fc1-af21975f38ef,-7.7625,110.3875,0,8
84cfa900-a900-df9a-8828-ea6306447e32,-7.7675,110.3775,0,30
84d3b8b3-c7cb-4a7a-9e61-db30d0042f5f,-7.7525,110.3725,0,34
84db6336-2721-4551-8146-618e1f902365,-7.7575,110.3975,0,25
84e79a39-9a39-304f-c236-f7c739259e48,-7.7675,110.4325,0,7
84f70df0-0df0-7975-5e54-277752f0bcc5,-7.7475,110.4175,0,16
8503f265-f265-ff7c-41f7-f6f320ebb894,-7.7575,110.4075,0,23
850628f6-28f6-efc5-4c23-6bf754a6eb74,-7.7625,110.4175,0,163
850ac9c1-2a8f-467a-b723-5fedae507f78,-7.7625,110.4175,0,9
8525ce2e-7ce0-41a8-a9d3-58409b4b999b,-7.7575,110.4025,0,823
8525e00c-6233-4baa-b511-46c7f7a2411a,-7.7625,110.4225,0,5
853a160a-fb80-4de2-b9c5-8daf1fa0bda0,-7.7525,110.3775,0,7
85560fde-514c-4541-809d-ba1229980015,-7.7625,110.4175,0,2
85587380-caa3-40d7-212f-1bd5e6e46d45,-7.7625,110.3825,0,51
856075ee-53a2-41c4-820e-b3cda9c61765,-7.7575,110.3975,0,36
8576c5f3-3335-4fa4-a3cf-e7b3f2e287d1,-7.7575,110.4025,0,11
8593e0e7-773a-4329-9fd6-fea99b2de4d9,-7.7625,110.3675,0,3
85b2f691-3fee-4555-80b6-90f3de48f79b,-7.7625,110.4225,0,12
85c38831-bb08-41f0-82c3-3d56d9e3f8a3,-7.7525,110.3625,0,29
85c3f767-e960-429e-b9bc-a899cd1c6926,-7.7625,110.4125,0,2
85d25cf6-dec0-4eee-b711-ddfc8bc65dab,-7.7575,110.3975,0,14
85e41b45-9b98-4fbe-80da-da361c98f1d9,-7.7475,110.3725,0,23
85e90a9d-3a2f-4238-aa57-f45c0dc7252b,-7.7575,110.3825,0,28
8608061c-600f-466e-ac0e-1b62bcff52de,-7.7625,110.4125,0,9
860c6df5-6df5-db0c-ddff-f3351fb2cd50,-7.7625,110.4225,0,4
861ab5d7-b5d7-a1d6-8ad1-6b547ef27af1,-7.7625,110.3925,0,137
8643578f-b836-4cf4-ba81-5fe060bb56d4,-7.7525,110.3725,0,51
864f06b6-496d-487a-ba40-6c057e87e8a1,-7.7475,110.3875,0,23
86589a9d-9a9d-b8b1-06a6-b32f7984dfac,-7.7525,110.3725,0,11
865b0be0-0be0-9e0d-a276-b985030bc6b7,-7.7625,110.4125,0,14
866d5f87-659b-4049-8d8a-318ccf718957,-7.7575,110.3925,0,666
8673fe10-9291-41ab-b1a6-d1ed617f3b49,-7.7475,110.3525,0,32
8679220c-9816-4c26-91c7-c0c8aab83bc3,-7.7525,110.4075,0,78
868017cd-fd4d-4340-bdd1-4c069b52e369,-7.7675,110.3925,0,39
868e84cc-84cc-37ea-ad67-b75dd5801ee3,-7.7575,110.3825,0,11
86a14f7c-4f7c-4c41-1ba2-ff2e776db31f,-7.7425,110.3725,0,20
86a29b04-f6e5-4d92-8ff8-c6434f2924f2,-7.7575,110.3825,0,6
86a7c5a9-c5a9-7c37-bf16-2bd1289d130b,-7.7425,110.3475,0,4
86b4edd8-c684-4a35-85bc-0a62e721772f,-7.7575,110.3975,0,6
86be5c0a-86c4-46a8-aa75-5fd593545e21,-7.7575,110.3975,0,6
86cab987-b987-593f-9fca-9fd152f967e8,-7.7425,110.3725,0,44
86cddbde-dbde-f130-a088-cd5292c54524,-7.7625,110.4325,0,35
86d7aa78-26ce-45d5-8919-f5f9cf3588e7,-7.7525,110.3825,0,3
86db17ee-12c7-4b50-b5b5-b1938b9a61bc,-7.7575,110.3975,0,17
86dfd51c-ec8f-44b3-b79e-0a6e859e34e3,-7.7575,110.3975,0,2
86e00a9a-0a9a-5789-316c-1fa85006748e,-7.7525,110.3825,0,5
86fa2d69-2d69-a3c6-66ea-eff5bf8050fd,-7.7575,110.4025,0,7
86feb279-30bd-4d1f-b7e5-78339eabaaa4,-7.7525,110.3675,0,2
870bba65-6ede-4c01-a9f5-ad7135374e42,-7.7575,110.3975,0,20
8710fa43-68a7-48b7-925f-1c984331216a,-7.7525,110.3725,0,4
87302511-2511-530d-edbc-934f34d53ec4,-7.7475,110.3625,0,3
87359d15-9d15-518e-1c72-13e9f8a7095a,-7.7625,110.4175,0,117
8745cdfc-cdfc-5629-8322-c725d62a1df0,-7.7575,110.4025,0,41
874841ec-6190-4622-8a6a-935662df08c0,-7.7625,110.4125,0,63
8748e97f-ccbc-4166-945b-7fa48e33f782,-7.7675,110.4275,0,34
875648d0-71d3-405b-8f22-da7cd03303d7,-7.7525,110.3775,0,3
87593610-fa64-4069-97f6-4ecc77fc6809,-7.7575,110.4025,0,3
8770031b-8aa8-4bbb-952f-ca0e1a20825b,-7.7525,110.3825,0,3
877da747-96e8-4576-270d-d5d02d7d1cc6,-7.7525,110.3825,0,17
878b886f-c117-4ce0-af19-706d426fc246,-7.7575,110.3925,0,3
8793fa36-fa36-e754-6933-7537736e392e,-7.7625,110.4125,0,4
879e2702-2702-0d70-9afc-529c18a3d631,-7.7475,110.3975,0,20
87a7d09d-2a5a-4739-a0ac-3c584f40ad6a,-7.7575,110.4025,0,19
87a9605d-3a8b-4a0a-b0c5-8afd2656e6e0,-7.7625,110.3625,0,59
87f924eb-24eb-5448-534e-caa9f0820d4f,-7.7675,110.3825,0,5
880530dd-30dd-5a38-9ebd-c6d6e00d3bb4,-7.7475,110.3725,0,2
880c8ece-8ece-5feb-c969-846cf23d2194,-7.7575,110.3775,0,15
88477b6e-7b6e-5ba7-9678-c4c7651678df,-7.7425,110.3875,0,4
88574137-4137-de73-3cb8-a03037441a2a,-7.7575,110.4025,0,663
889ecbb7-31f7-45ca-8952-63d069118c17,-7.7575,110.3925,0,2
88c7a88c-a88c-c3f5-83f3-b2366429d0b0,-7.7625,110.4325,0,10
88c949d6-49d6-1339-7d08-ea0c5f4644d4,-7.7425,110.3725,0,7
88ea6b04-6b04-30e0-73aa-cdf1eeff40b4,-7.7625,110.4225,0,10
890916bd-2dcb-4a89-afcd-251b8baef95b,-7.7575,110.3925,0,7
891a75e9-f45d-429d-83c0-c18a5ff05db4,-7.7575,110.4025,0,187
891a82d0-468b-4af4-86e5-b8fac7154694,-7.7625,110.3425,0,11
8943d268-7025-4b1e-8fb3-ef16a78827e5,-7.7575,110.3925,0,4
896e6687-9786-427b-862c-140623030683,-7.7625,110.4125,0,30
897a752c-aca2-42b9-b252-714bc20cd743,-7.7625,110.3925,0,1075
89844c5c-c629-4ef2-2fc6-d5ca6829110f,-7.7675,110.4125,0,9
898b6c34-fed9-4c78-a904-9f164f043ac2,-7.7525,110.3675,0,4
899987eb-9e67-4854-bef0-918cc7f95135,-7.7575,110.3925,0,8
899f0c9b-0c9b-9a27-1892-2176eacb0253,-7.7575,110.3975,0,4
89a358c5-58c5-1529-5802-800709d8bbec,-7.7425,110.3475,0,3
89a9e512-a7dd-4a5e-adfe-900e8ab192eb,-7.7575,110.4075,0,2
89cc224f-4a3b-4480-8c26-08e3b7830cc7,-7.7475,110.3625,0,18
89d0d3e5-4b2d-4740-a06e-664135a2df93,-7.7525,110.4075,0,4
89ec0ce7-daf1-4cba-b6ca-6976be68b11b,-7.7625,110.4275,0,8
89ec97fe-02de-4883-8d64-7bbcb3cb885b,-7.7525,110.3875,0,24
89ee11e9-11e9-cad4-392f-6dc95458eda2,-7.7575,110.4025,0,14
89eec324-4c8e-48f8-bca9-a83731f69946,-7.7475,110.3625,0,6
89f00660-3229-4d49-aa72-79152532af55,-7.7475,110.3525,0,1
8a1b8719-8719-8178-59f8-cb52247202d4,-7.7675,110.3775,0,5
8a2062a6-ceda-4195-8e83-325cb7105339,-7.7525,110.3675,0,3
8a24bf62-c88c-4882-a391-668cce111df6,-7.7475,110.3975,0,21
8a2865d8-bd18-474f-8bef-660197eba34b,-7.7575,110.3975,0,10
8a2a796a-3f8f-4254-b956-95a120c783e2,-7.7575,110.4025,0,2
8a3cb4a9-b4a9-1825-c1f1-344d6bbfcc3a,-7.7525,110.4175,0,31
8a431a3d-bdc4-4ce1-a64d-c74a5cb0b134,-7.7525,110.3725,0,3
8a48c966-c216-4dc7-8439-c4b3eb8bed8b,-7.7525,110.3825,0,15
8a5081f4-81f4-8298-fb16-e6b4a5d90656,-7.7625,110.3975,0,9
8a5126f7-2f1f-4d6f-bf4b-eaa8bd227d52,-7.7625,110.4275,0,586
8a5e2e23-7d52-487a-9646-5d140bdf2a10,-7.7475,110.3625,0,12
8a6e2447-2447-b1ed-9d2f-c1446460780d,-7.7625,110.4125,0,4
8a702fbb-5a7b-40da-9716-6bf03a66a595,-7.7675,110.4325,0,34
8a806cd4-6cd4-5f05-783a-f2e001d593de,-7.7625,110.4125,0,30
8a9f4a97-4a97-e7bb-cbba-79efcb1a0a9f,-7.7575,110.3975,0,10
8ad387d9-e0d4-4c68-88c8-ed0e76c3958d,-7.7625,110.3775,0,14
8aed9ddc-f7d9-4731-a886-fc31114851a1,-7.7625,110.3925,0,4
8af54481-4481-2b96-abf3-711e087fc662,-7.7425,110.3475,0,2
8b1a1982-1982-edd9-2627-523ccaed4e7b,-7.7425,110.3475,0,4
8b2c77f5-dd3e-4a52-adbf-967d5ddbef8e,-7.7575,110.3975,0,3
8b2f7dcd-8d42-495c-8c12-338eddeb07b6,-7.7625,110.3625,0,7
8b4134f8-34f8-bd1d-1776-19861f07db47,-7.7475,110.3475,0,3
8b4cddb1-ddb1-aa56-9c7d-2b0529b78144,-7.7625,110.4125,0,2
8b8ba460-5928-4d85-9921-7067e7282f75,-7.7625,110.3675,0,25
8b9d2869-a2ab-431b-bd47-55e2eca9c18a,-7.7525,110.3725,0,4
8ba0138a-138a-56bd-8c99-4409939dd6c4,-7.7625,110.4125,0,33
8ba88876-d5f1-4597-8105-47dab523efce,-7.7475,110.3475,0,80
8ba9a01b-a01b-b8b2-2208-574276fe1e6c,-7.7525,110.3775,0,1
8bcaee5d-e919-43c6-9657-e75aa89fbd09,-7.7575,110.3625,0,85
8bdb6ec3-9e4f-4fb8-9022-7042a5a3b528,-7.7575,110.3975,0,64
8bdd03c2-03c2-b802-2559-53b5167b9849,-7.7675,110.4275,0,2
8be03a37-433a-43c2-8b69-6a60307e48d5,-7.7575,110.3925,0,10
8be67702-4dfd-414e-afae-abf0ba7aba57,-7.7525,110.4175,0,73
8bf5e44b-f15f-46ef-ab26-7305401b8080,-7.7525,110.3625,0,4
8bff7db0-d71c-4a29-99aa-5e25b6dc79c2,-7.7475,110.3575,0,57
8c051dec-1dec-8faa-ed01-c1a64118aabc,-7.7575,110.3975,0,23
8c0f560e-560e-c7bd-4db1-28b01c730b53,-7.7575,110.3975,0,6
8c23645d-645d-9b6b-5a86-3fed2b65db13,-7.7625,110.4075,0,5
8c29bcc2-3202-4872-99e3-d302a8bc2214,-7.7525,110.3625,0,38
8c364be4-4be4-6133-c3c8-a0ee15f29514,-7.7525,110.3725,0,1
8c6966bc-8e58-4b83-868b-0f34b53c34ef,-7.7475,110.3625,0,10
8c6f8c8e-3e56-4b81-a48b-ba6e8c714c05,-7.7575,110.3975,0,27
8c6fb615-b615-e4ab-dfe3-9a0c724fe5ea,-7.7575,110.3925,0,4
8c709313-5f30-4496-a28f-416d8ff5ac20,-7.7675,110.3675,0,68
8ca71dd0-e21b-4cfd-a736-ee8f2f3c21a9,-7.7625,110.4125,0,2
8ca7c3be-cc12-4353-8b73-180a485324c7,-7.7575,110.3875,0,4
8cb6bf15-bf15-a0eb-3ca4-2863e6eb236b,-7.7625,110.3775,0,234
8cbd3f6c-a7c5-453b-875b-9158ea942ec9,-7.7675,110.3425,0,19
8cc16a84-69f5-49c4-b23c-d004a832a4ee,-7.7575,110.4125,0,279
8cc1d868-25c5-4e48-af6d-a852dbbf1ebe,-7.7425,110.3475,0,20
8ce56943-6943-068f-878f-a1ad6c805c94,-7.7575,110.3925,0,1
8cfcca22-4731-4ec5-ac84-b4898e4ca8f2,-7.7425,110.3925,0,3
8d14fc0f-fc0f-0f3e-b4ef-b254a90c8810,-7.7475,110.3475,0,58
8d165a66-5a66-db6b-0a79-e2975fc61d84,-7.7675,110.3775,0,3
8d24cedb-5c2e-4c6d-8bdb-21211174d23d,-7.7525,110.3725,0,6
8d25c7b0-7b2d-4217-b8d8-bdeb66569919,-7.7575,110.3825,0,5
8d3ac72b-c72b-a6a2-f61e-dfb70b613c7f,-7.7675,110.3875,0,14
8d421ca5-8524-41c3-a126-3ae25accecc8,-7.7575,110.3925,0,18
8d443576-2c75-4e59-9748-5a2ef1a0c3f7,-7.7475,110.3575,0,25
8d50988c-988c-5123-8196-1dfd0ed27082,-7.7625,110.3825,0,26
8d566112-6112-ee4e-188b-a205a2bc66c5,-7.7475,110.3625,0,9
8d69960c-92c2-4157-9b2f-8796abfe63f9,-7.7575,110.3825,0,10
8d703516-8ff3-4115-8d61-fe7f9c0fc950,-7.7675,110.4125,0,32
8d80fe57-e960-45d9-b224-d98977603a4f,-7.7575,110.4025,0,12
8d865e37-143a-4ee3-945f-dc85897a31ce,-7.7575,110.3475,0,1611
8d9203db-e75f-4468-a6c6-b8c6275eb389,-7.7525,110.3675,0,1
8da83eba-abb1-443c-9305-dce44afca431,-7.7575,110.4125,0,15
8db2ab20-09aa-4c8f-8c2c-4cae3326661e,-7.7625,110.3625,0,10
8db9ede4-0e00-4f95-bfa8-9c2b4a5d2ca1,-7.7475,110.3975,0,7
8dbba2de-b9e2-433f-ad4e-018bcad4a24b,-7.7625,110.4125,0,2
8dbd325c-efe6-4f5e-a3d6-8ca833ac95cb,-7.7675,110.3775,0,2
8dcba392-a392-2f5c-65c4-2dfcaa61deeb,-7.7525,110.4225,0,49
8dd50fb4-0fb4-f2d9-9d59-e694b251b5f1,-7.7425,110.3475,0,7
8dd789fd-91ab-41db-97c6-6c5ad24c502c,-7.7575,110.3975,0,56
8df69d4f-9d4f-28c4-bd96-a8db516f30a9,-7.7525,110.3725,0,4
8e070b66-0b66-0c81-0eca-cca6769cf51a,-7.7525,110.3725,0,4
8e132e14-2e14-9c7e-e1c1-d0a9dd1d046e,-7.7525,110.3725,0,33
8e17f1b3-f1b3-38ee-1cba-27b7e7c78c31,-7.7575,110.3975,0,4
8e516a4c-265f-4b6d-889d-c446ff8aa258,-7.7575,110.3925,0,11
8e64d580-05ef-4f7d-b6a7-7fc2b12b6e43,-7.7625,110.4175,0,31
8e807e77-7e77-9407-3d67-1330294507f7,-7.7625,110.3725,0,22
8e85bc4f-bc4f-8fe6-5be8-ac29165bc507,-7.7475,110.3825,0,32
8e8f0d21-0d21-0595-0a7e-51d6ea4b5272,-7.7575,110.3625,0,5
8e90ff42-ff42-dc35-50f5-96dbee3c1d78,-7.7625,110.3525,0,19
8e95c650-c650-9b8e-5b9f-abac274efdab,-7.7525,110.3625,0,44
8ec6b050-6875-4c07-bac7-d2c775938269,-7.7525,110.3825,0,27
8ec7126d-119b-468c-abd0-9812036f52a1,-7.7525,110.3725,0,1
8ed7d986-d986-8252-d89f-44609c23545a,-7.7475,110.3725,0,8
8ee8c547-c547-d3c3-c7de-f0faa782a812,-7.7575,110.4075,0,1
8f0b2ee3-dbb6-4478-a946-7a4405f1c642,-7.7575,110.3925,0,13
8f311be6-1be6-21f1-d49a-3d335cf89c00,-7.7575,110.3975,0,13
8f3a6813-3dc7-4f85-b435-ae48826a1564,-7.7575,110.3925,0,5
8f4222b2-00d8-404c-adde-21d328629387,-7.7575,110.3925,0,6
8f460126-d5bc-4a31-afba-2ae757e2d507,-7.7425,110.4125,0,4
8f4fd026-3485-4d36-1b54-7ae20835a55f,-7.7575,110.3975,0,3
8f50773f-bba1-4785-a9ca-7f3c76177c3c,-7.7575,110.3975,0,8
8f75123a-123a-4bc2-7423-35f6dbda004b,-7.7575,110.4275,0,4
8f78e346-e346-59b3-eba1-26d666f2a97c,-7.7625,110.4175,0,3
8f79df58-7638-4113-8374-a9ebfcf86ed6,-7.7475,110.3625,0,104
8f7b3bb2-7f1c-4a7a-b8d0-c9c8ad5d0e92,-7.7525,110.3825,0,24
8f7b8c38-8c38-8737-625b-03c5502b4672,-7.7625,110.3775,0,18
8f804682-8173-485e-a77a-a2d5bef1272c,-7.7425,110.4325,0,44
8f84e0db-e0db-2be7-fec4-8ba4694720a9,-7.7625,110.3925,0,9
8f968b16-8b16-c18d-5fb0-6149af28ca14,-7.7475,110.3725,0,4
8fa628ac-28ac-0232-90c7-e8518df82c67,-7.7625,110.4125,0,4
8fa79cec-9cec-f196-e81e-e1df0e2f22f3,-7.7525,110.3625,0,26
8fd4c57c-fcbf-4370-8025-4f98969e0ecd,-7.7575,110.3975,0,4
8fe77936-7936-6ab0-ea07-110a9cd09663,-7.7625,110.4325,0,17
9014cf41-444b-4081-ab6e-1c1daba849c7,-7.7425,110.3525,0,25
9038fca0-8e78-4bc9-811a-b9b3e3932a91,-7.7525,110.3725,0,11
903d7eb2-5172-4e6d-aec1-fd45f38004fc,-7.7475,110.3575,0,2
90400d20-0d20-069c-737b-fbe0c067bf86,-7.7625,110.3975,0,9
9047f454-bd85-4845-9767-fa1d410eb6c2,-7.7425,110.3475,0,12
90859c32-bebb-4edf-969f-c8daa1226f22,-7.7525,110.3625,0,29
9090a371-a371-d1ab-1dc9-79b28c851a3a,-7.7475,110.3625,0,8
909bc0e6-d0db-4285-bdef-5aab6ed0a5e6,-7.7625,110.4225,0,21
90a2b078-b078-b3a6-5f20-f6d9276b40a2,-7.7525,110.3825,0,7
90b01418-e927-4543-846b-b99854f43b0a,-7.7625,110.4125,0,11
90b17571-a94f-458b-9ea3-9f377428c2dd,-7.7675,110.4275,0,7
90c2547c-1a9d-42fc-aead-3f9bb2f56dc0,-7.7575,110.3875,0,36
90ce32a6-6ff7-467e-9f38-95ba7089001c,-7.7625,110.3775,0,16
90e26ab8-836d-4756-9122-bca658eb48e2,-7.7625,110.3925,0,27
91027467-6c5d-4c48-b5c7-8e07800e0f27,-7.7575,110.3875,0,151
910690f9-90f9-513c-f39e-08341f40bb01,-7.7575,110.3875,0,25
91178c96-21e7-4c16-859a-4a747bb41139,-7.7425,110.3475,0,10
9126f2b5-ee46-414e-8ff6-961071b202e3,-7.7475,110.3525,0,64
912f1199-c4b3-4ca0-8556-a92fce4b1b5d,-7.7525,110.3725,0,5
91319c29-f11e-40a8-ab31-03e12f17464b,-7.7525,110.3825,0,30
91496375-d22d-441a-bf23-ac54fa71106e,-7.7475,110.3625,0,7
914b13e6-7b00-4ad2-a286-5272a9dfa5c3,-7.7575,110.3925,0,2
91596c89-f95d-4d93-aabe-2b64f1206c0f,-7.7625,110.4325,0,55
915c2d93-0569-45bd-ba96-e806df84b9c6,-7.7625,110.3775,0,16
917c904d-32e0-4e0b-ad88-d24ffa4cd5e4,-7.7575,110.3875,0,1
9187749b-749b-9e5f-5e55-93422583039a,-7.7625,110.3975,0,5
918daea6-177d-414d-17bf-420b7532c7b1,-7.7525,110.3625,0,20
91badbf2-bac2-4e7d-af25-a67b3b657ec7,-7.7575,110.3975,0,17
91c0c4a8-00e2-4dff-92e4-33f6dbc095f0,-7.7575,110.3625,0,25
91c346eb-a3d8-4ed4-804f-390cea9be4be,-7.7575,110.3925,0,1
91d2aa7f-aa7f-68cd-bb56-753664e77f19,-7.7575,110.3975,0,6
91ec84ef-aa26-4cef-a333-2ea9fa1cf47e,-7.7525,110.3725,0,8
91f1aac1-aac1-6f7c-c45c-d52fef1537ed,-7.7575,110.3975,0,7
91f3a417-48e3-43be-9df5-d3da457d9df5,-7.7625,110.3975,0,5
91f3d7bc-d7bc-d066-84c8-f0ca0ea2deea,-7.7625,110.4225,0,10
91f5e262-e262-2502-51d3-5d4ad90ec7c3,-7.7475,110.3625,0,4
91fa8e58-c04e-46dd-903a-ded1f668cc87,-7.7575,110.3975,0,11
91fd37fc-37fc-4fb5-28db-901bdb768e87,-7.7525,110.3625,0,8
91ff5901-8612-4221-b0b2-8afb5282169d,-7.7475,110.3625,0,15
92010cc7-2e55-4414-924d-6f39041e2757,-7.7575,110.3775,0,54
920dff72-4ac0-4f49-9570-2d9019382cb0,-7.7625,110.4125,0,2
9237fb3c-fb3c-1064-fcf2-a6f41e83fc43,-7.7575,110.3925,0,1
923da6c6-e463-4679-846a-6bd24a4547be,-7.7625,110.4325,0,16
92593e43-fcfb-4d19-b198-4a93df0c81f6,-7.7525,110.3825,0,2
9267b137-23d3-4b00-adb8-0a4736d3c966,-7.7625,110.3725,0,179
926d582d-cb9e-4be4-baf5-25ffb8483871,-7.7575,110.4225,0,86
927a4549-4549-79be-2383-299e8781b4ff,-7.7525,110.3725,0,9
92a1477d-f496-4f17-a9ee-524b62bf420f,-7.7525,110.3975,0,2
92a7c1c3-e328-4a78-9ef9-4e0f28515b91,-7.7525,110.3825,0,2
92d92768-2768-49dc-15f5-723c1c504f8c,-7.7575,110.3975,0,4
92d9e4c5-e4c5-6fa1-bc4f-869149ff5b18,-7.7475,110.3425,0,1
92de3a2a-3a2a-6b8d-de74-355369d4bd4f,-7.7425,110.3725,0,9
92e2acb1-8a20-4fca-849d-235c6065c97f,-7.7575,110.3825,0,57
92e31144-6c60-4637-90fa-b7550474cc11,-7.7675,110.3725,0,21
92e7b2ad-5080-463b-b4dc-0130ff8ae8af,-7.7525,110.3725,0,17
92f40bfa-6880-4738-88f9-dc65866e0c1a,-7.7575,110.3975,0,8
9315b251-b251-0f88-1258-9bf995d6d8cc,-7.7575,110.3975,0,8
931d0379-0379-b9c4-e1f7-fe886c47303d,-7.7525,110.3625,0,451
9336190d-190d-61f1-1587-e19968c9c3d1,-7.7675,110.3875,0,4
933b73ce-87d1-47ea-a25b-eeb2279249ac,-7.7525,110.3475,0,5
934b3116-3116-d35f-d971-42d917a82836,-7.7575,110.3975,0,2
934c9ef4-9ef4-e168-6e7f-662ff8cf6aef,-7.7575,110.3975,0,25
935e83e4-da60-4cf3-911f-ba3232964574,-7.7675,110.3825,0,25
937c89bc-9147-4608-b22b-8e456d5b3976,-7.7575,110.4075,0,6
93daba23-ba23-23ef-d2f1-1bfb1eae49c0,-7.7475,110.3875,0,5
940940eb-40eb-4019-f390-b9af33dac051,-7.7475,110.3525,0,1
940d907a-3a4f-47a0-8fe8-94bfca50fe96,-7.7525,110.3675,0,12
94356236-6236-17ad-1963-4597d1aa380d,-7.7675,110.3525,0,12
9438285c-00db-4774-9ac0-e7014b7b4d88,-7.7625,110.4175,0,4
9438373a-373a-6995-a030-85444283937d,-7.7525,110.3725,0,12
9438ba06-bd01-4c3f-a35a-20cddad66922,-7.7575,110.3975,0,2
9441da4d-5419-42a3-9d5d-147e64e1c171,-7.7625,110.3625,0,3
94464f75-f10a-4e8b-83dc-37c41b6e8818,-7.7575,110.4025,0,78
9491dd75-dd75-4c87-9b8f-4d8788d617bf,-7.7625,110.3675,0,2
9494b63a-b63a-7a11-0f8a-80712c3ba8ae,-7.7525,110.3825,0,101
94a538a6-38a6-62cb-f334-3d0f833f3d3c,-7.7475,110.3625,0,8
94d92f23-35b1-457a-b854-6ca377d1d311,-7.7525,110.4225,0,7
94e853cf-53cf-0ba2-513f-0fbf813d6f7f,-7.7625,110.3825,0,31
94efa6ee-a6ee-38e3-0f9e-6b48c0ae261b,-7.7625,110.4175,0,35
94f2e157-a680-44af-2aaa-4052d532d415,-7.7475,110.3925,0,37
951424d2-24d2-d55a-cedc-77306792bc53,-7.7525,110.3725,0,4
9532945d-c955-4b50-ad6a-72690b7ebfa9,-7.7675,110.4325,0,10
953b7c52-b1a8-4dc1-b3c9-bd5594434da3,-7.7575,110.3975,0,13
954b78ad-11ec-4c3d-9d19-22e45f69105a,-7.7575,110.3825,0,22
955d40f6-40f6-5c59-b432-3b93edd17855,-7.7625,110.4075,0,6
95650be8-0be8-fbd4-3fba-8777b25d37e0,-7.7575,110.4025,0,36
956c7545-9a6d-4c18-9dd1-b56a88ef9539,-7.7575,110.3975,0,11
9588cfc8-1b47-45b8-b90c-8d6cee610bed,-7.7475,110.3625,0,15
9593bc0e-058f-4298-1d52-1e74e1f5cfcf,-7.7625,110.3475,0,24
95abd1e2-78f1-4aa3-b630-f22703a35036,-7.7625,110.4225,0,33
95bb38c7-38c7-2e82-208d-ce5207ff5d70,-7.7575,110.3975,0,27
95c31117-1117-ef66-390a-6b7fcd1f0489,-7.7425,110.3625,0,2
95d73bb9-3bb9-b5b3-5507-a2a62538e65e,-7.7525,110.3625,0,70
95d85eae-5eae-fd82-e864-dfbd323ca7a5,-7.7625,110.4075,0,2
960d1df9-f5f2-4e3a-b32e-d5cca206ed62,-7.7575,110.4025,0,14
961f5592-4348-429a-9fdb-1e1444375d6b,-7.7625,110.4125,0,8
961f7be7-7be7-0ef9-59f9-7fc20866d424,-7.7575,110.3975,0,34
96481a53-1a53-d17b-e82c-d0f801e62213,-7.7575,110.3925,0,124
9649ecc9-ecc9-42e1-e3d6-7181a8b5404b,-7.7625,110.4225,0,2
964e2ae6-2ae6-7fc7-790c-ebd26da968e2,-7.7625,110.4075,0,1
96528ddd-1ea2-4886-80e3-0141604d4187,-7.7525,110.3725,0,12
966343d8-d609-4f1f-a2a1-f96b1b23b013,-7.7525,110.3625,0,26
96659059-9059-bbe8-d2b0-358f8b914f8e,-7.7625,110.3975,0,31
9672c07c-00c9-4afb-9ae7-ace77edfea84,-7.7575,110.3825,0,2
968852d8-cc7e-47dc-b286-4983d02e7da8,-7.7575,110.3875,0,4
96afca82-ca82-be16-839a-9d6026480a8b,-7.7525,110.3625,0,5
96c66e1a-6e1a-9fba-386c-f829d65c1ad0,-7.7525,110.3725,0,34
96d9fa81-7512-4fb6-8a76-91a40b078cf7,-7.7425,110.3525,0,66
96e4a40d-fee9-464c-bfb0-122a79d0667e,-7.7525,110.3725,0,4
96e4b462-62a4-4efd-a20e-d737f1b13dec,-7.7625,110.4125,0,38
96efbc1d-f01b-48d3-84cd-82ceb8ec4c39,-7.7525,110.3825,0,12
96fdbb9c-bb9c-b8dc-61d8-b2e3c76dbe57,-7.7575,110.3925,0,96
9715c58f-c58f-1e15-44c5-2c0fe6c908a0,-7.7475,110.3925,0,15
972bf8f4-2a23-4b54-1cab-eb4062ebe8f1,-7.7425,110.3625,0,48
972de99f-85f0-46be-9de7-5bb17e3c4412,-7.7575,110.3975,0,4
9730f429-5765-4390-b56b-82406dbb5aa8,-7.7575,110.3975,0,39
97455172-c904-4859-8408-47ccdb49b812,-7.7675,110.3975,0,2
9745bc39-2594-4d17-937c-037709a78e8f,-7.7575,110.3625,0,12
974cf2ce-8fce-45cd-ba62-bd2d6e230cd6,-7.7525,110.3975,0,12
976ab141-b141-9ac7-46cf-64cf0e192ec4,-7.7675,110.4275,0,3
9770668d-668d-5cb2-40cf-95a8eae1ec9c,-7.7475,110.3875,0,2
97729941-9941-dac4-8e56-15842b06bdc9,-7.7525,110.3725,0,2
9786f82b-95ab-4ba4-b016-024f29ef4699,-7.7625,110.3975,0,21
978a1992-8cc5-43bb-a882-ce541683ce2b,-7.7625,110.3875,0,17
9793ae1b-9b13-4a76-ad5c-57b81e53af2d,-7.7475,110.3625,0,6
9795b616-cd94-4209-a9d4-7ac3e0d774aa,-7.7425,110.3625,0,1079
97a0afbb-afbb-54f3-e5e4-f13387418542,-7.7525,110.3725,0,1
97bd2db1-f1c2-421a-bae8-3e9a54baa842,-7.7575,110.3975,0,22
97c01267-1267-b378-cb1b-bfe126f1c09e,-7.7575,110.3975,0,3
97c3cc0b-c1f3-4693-ab12-838fe649c320,-7.7625,110.3825,0,67
97d84ecc-41bf-4a22-a546-807097ea8506,-7.7475,110.3625,0,14
97dce399-e399-159b-f502-5a915cdc6b72,-7.7525,110.3725,0,4
97eedc9f-c9c2-4833-a2f8-94c4862be5e1,-7.7525,110.3625,0,13
97f233c6-412c-4eaf-828f-046cdea155bf,-7.7475,110.3725,0,60
97f73179-3179-147b-6638-0587cd375f3e,-7.7525,110.3625,0,14
97fb8055-8055-f767-b061-9016b298168f,-7.7625,110.3825,0,13
9803793b-49ee-4173-1bb0-382040eee54a,-7.7625,110.4075,0,1
980690e8-90e8-7988-ac3c-a1c39bd2f338,-7.7475,110.3625,0,5
981dd1d7-e45e-42fc-bf6f-d4efbfcbf10c,-7.7625,110.3875,0,11
98228b4e-d1be-4f3a-a1f0-4a8c5a095d30,-7.7625,110.3975,0,20
9827d196-51b1-4899-bcb6-a1e1495e82c3,-7.7525,110.3725,0,2
982f4cb4-4cb4-160c-d6b8-646652cab022,-7.7575,110.4275,0,48
984e2236-0b26-4483-a672-d2bacb19d0f1,-7.7575,110.3475,0,1
98596f4e-6f4e-932a-54cc-2ee3669cb0fc,-7.7575,110.3725,0,43
9867de7c-de7c-2050-fddd-b9d022d71461,-7.7475,110.3725,0,19
9878e9af-e9af-6588-cd0f-ef59146742c2,-7.7575,110.3975,0,3
988a02c1-856b-469f-af12-eca7f2a31073,-7.7625,110.3625,0,17
98b549a1-485f-40db-b4ed-7d9f3b5e807d,-7.7575,110.3975,0,2
98c70762-ea2a-4f0e-883b-42db65f43b18,-7.7575,110.4075,0,2
98d07963-7963-f6c5-11e3-d7c124235d57,-7.7625,110.4225,0,5
98e1a829-a81d-443c-8b7a-eb392f354c74,-7.7625,110.4125,0,20
98ea629e-5f77-4a61-ba41-89398214f347,-7.7625,110.4225,0,1
98ef0668-0668-2f5b-c18e-b20c7a57612c,-7.7525,110.3625,0,2
990ffbc3-cdf0-425e-a910-c8be4f5430a9,-7.7525,110.3725,0,5
992e03ad-03ad-fa72-66b3-abd4bd76a348,-7.7525,110.3625,0,70
9935647e-647e-f61a-c768-f27bc50be80f,-7.7525,110.3675,0,1
9948db27-db27-8ac3-18f1-0d4d651a84d0,-7.7475,110.3725,0,103
994c3bf5-3bf5-6318-6a28-8a7f2485a2f7,-7.7575,110.3975,0,2
9954a86d-a9dd-4f64-bfbd-452110b6ebe0,-7.7625,110.4125,0,5
995c5799-6bcd-483b-a0df-e8f1ff4c7544,-7.7675,110.4325,0,4
9965957f-957f-b39d-5bfd-0ae665fc3480,-7.7575,110.3975,0,15
99684c30-4c30-0041-1a4e-a85c9d13fb6b,-7.7525,110.3825,0,1
9976fbd7-3c43-46a5-89dd-9e523433127e,-7.7525,110.3725,0,2
9984b2aa-dacf-479c-acce-f8b8fc695e44,-7.7625,110.3825,0,30
998b5b91-5b91-315d-4b98-1dd599fae660,-7.7675,110.4125,0,16
998e8a3f-8a3f-012d-7264-a55acb7cbf82,-7.7625,110.3725,0,3
9991aad4-aad4-fe6f-8c4c-c9e5bf0f8c17,-7.7625,110.3625,0,2
99a5e7e9-d7d1-4a80-a82f-40d4e2c6f16a,-7.7625,110.4125,0,5
99b02f15-6216-49fe-9419-831c874dea19,-7.7625,110.3675,0,40
99becb29-eaf1-42a8-a824-957dfef2cf0f,-7.7575,110.3975,0,4
99cf8393-9a9d-453e-9dcf-156eb8b0b86c,-7.7675,110.4125,0,7
99da008f-008f-e305-1abe-6dcdcc43e2fc,-7.7675,110.3975,0,26
99df7a1e-92a1-4144-89a1-12f0f09877a8,-7.7625,110.3975,0,42
99e61813-359a-4ba9-83d1-cf4a6ca4abda,-7.7575,110.3975,0,14
99f992c9-605c-457b-a596-02ec6822d9f4,-7.7525,110.3725,0,50
9a0b8686-bf7d-418b-b97d-2e32e7a1d0ce,-7.7625,110.3625,0,10
9a1bdf09-df09-84ea-5198-9a098bdf9f99,-7.7625,110.4175,0,459
9a25b58e-bb8c-4bf4-b1b4-c9a5d42a1dcc,-7.7575,110.3775,0,90
9a3168f0-90ad-4e8a-a1da-c675e6cf6978,-7.7675,110.3725,0,96
9a45334d-334d-ce0e-7609-32e8a4ac551d,-7.7575,110.3975,0,25
9a4a5c14-b457-4b80-bce6-5426aac0371b,-7.7575,110.4025,0,12
9a5b0c39-0c39-2267-e1fc-9c8d97ae25a2,-7.7575,110.4025,0,3
9a64ba86-4b14-4b70-a3bd-55c3d42ca765,-7.7625,110.4125,0,21
9a6a3401-a99a-4476-b573-607b12d15915,-7.7475,110.3625,0,8
9a6bafac-0c1a-43cc-8623-8fac16cbf33e,-7.7475,110.3675,0,53
9a6f3fb4-d898-434b-9611-5ceff8be1a88,-7.7575,110.3975,0,4
9a7ad175-d175-285d-dfd5-f84607874f27,-7.7575,110.3975,0,3
9a970e2c-0e2c-38b2-6538-c99806eb8d22,-7.7625,110.3625,0,409
9aa4788c-caa1-49d1-b0ed-42a876970b92,-7.7575,110.3975,0,8
9aa825ef-25ef-8578-7bd3-2f782107e9f9,-7.7525,110.3725,0,1
9ac8116e-856e-4ecb-8b98-08b5f5196d6e,-7.7475,110.3875,0,2
9ad4293e-293e-b3db-7cf7-e13f09c55f6d,-7.7575,110.3625,0,3
9adbc167-c167-1826-49b4-2d7b184676b3,-7.7475,110.3625,0,6
9adc30b0-dd03-4678-8ef2-e71e5463454e,-7.7625,110.4125,0,9
9b0da4b7-bd44-45b5-a3d7-bf5d4484c198,-7.7575,110.3625,0,7
9b154530-f244-4e14-b696-e489e2c959fb,-7.7675,110.3775,0,27
9b1eff41-17ae-4271-b7a0-aee05ce7c3b1,-7.7525,110.3975,0,9
9b200c3b-90d6-47e9-982f-a7ba00398215,-7.7525,110.3875,0,2
9b20eb47-6927-4bb9-8fd7-c94bacb88c7f,-7.7625,110.4125,0,8
9b29648b-648b-2295-9921-7465dbfc82ff,-7.7575,110.4125,0,157
9b2f48e1-48e1-82d7-3446-a6a0114396f5,-7.7575,110.3975,0,88
9b41c8bc-c8bc-d4df-a6bc-decec42150c6,-7.7575,110.4025,0,19
9b42a161-a161-8288-552e-58af1e8e1864,-7.7575,110.3975,0,3
9b771288-1288-81fd-46e3-71a7ae76e79d,-7.7625,110.3625,0,23
9b9236d1-f828-4975-b841-22324c8afcea,-7.7575,110.3925,0,5
9bcbeae7-eae7-305b-9e3f-a7afe2685abf,-7.7525,110.3725,0,8
9bdd786e-5249-4348-bbc3-832e58137e7f,-7.7475,110.3625,0,29
9bf7a26b-e549-4503-9d23-839a9ff7fa26,-7.7625,110.3925,0,1
9bf99855-a1ff-4281-8465-ee6fd6117cfd,-7.7525,110.3725,0,9
9c12cabf-d1c4-4f1a-936e-48af57416d62,-7.7575,110.3975,0,6
9c177a15-7a15-e98e-ddaf-36071a393aae,-7.7575,110.3975,0,5
9c296dba-4c95-4574-8feb-c6f6da6d1b9a,-7.7625,110.3725,0,5
9c30f119-ea9d-4b9c-806e-70a7ef2d5e31,-7.7475,110.3475,0,4
9c3f12d2-e9a6-4e5e-a266-d4952b48006e,-7.7575,110.3825,0,3
9c43d97c-eb83-43b1-a637-f5c2130df3f7,-7.7575,110.3975,0,97
9c6c6275-b257-4591-1827-8b7a54ac1de4,-7.7425,110.3725,0,8
9c932e61-995d-4ff4-a822-e3d2ffad2a0a,-7.7525,110.3725,0,40
9cc28810-7c12-47b8-b9d4-bc2578d68e20,-7.7575,110.3625,0,2
9cce176a-176a-3439-2bc1-9fa73b690c03,-7.7625,110.4325,0,13
9cd1ad80-686e-4034-2967-342bf172a45f,-7.7525,110.3725,0,8
9cd8ac09-e369-4874-a601-309c66c4645a,-7.7475,110.4175,0,19
9cda9b9f-5ae8-44a0-96cf-eca810269357,-7.7575,110.4025,0,18
9ceab7e0-b7e0-d12e-54ad-f3534e8d3dff,-7.7625,110.3625,0,2
9cf0a801-1f88-4b31-8414-352e05b9b8e8,-7.7475,110.3575,0,2
9cf0f1ad-be6b-487b-9915-20c070acae52,-7.7575,110.3975,0,12
9cfa076e-076e-0c68-14de-54bcedd85a39,-7.7625,110.4025,0,3
9cfb5ee6-5ee6-a19c-6d3c-fd4d269551fb,-7.7625,110.3625,0,20
9d32e909-0ce5-4f65-adfb-cfe92db16b66,-7.7675,110.3775,0,553
9d339ee8-a5a6-4ee8-a7e0-7b5d14fe252b,-7.7525,110.3625,0,77
9d391c97-2126-45d4-9efb-237fbbd01849,-7.7625,110.3625,0,3
9d454a51-968b-4567-8627-cc4451d7fdf6,-7.7575,110.3975,0,50
9d4ce6f7-e2a7-445d-b34a-02bc9845ddd2,-7.7525,110.3725,0,36
9d65fca6-d984-42b9-bedd-43651425d490,-7.7575,110.3975,0,11
9d666937-fbb4-4862-99ee-64e73943da80,-7.7625,110.3825,0,1528
9d67db9e-db9e-cb1d-b79e-9d6cc9d7a108,-7.7525,110.3625,0,6
9d6eb4b9-b4b9-ac51-6ed8-58af6816b2f4,-7.7575,110.4025,0,7
9d736f6e-6f6e-4d8d-f1af-2633c1cc0b84,-7.7475,110.3725,0,6
9d7508da-08da-a9e1-28a3-d06432d0ad30,-7.7575,110.3975,0,14
9d7ee184-9269-4413-873b-754d6b569262,-7.7525,110.3825,0,5
9dce7400-7400-086e-f998-79c31c16ef03,-7.7575,110.3925,0,3
9dd17fb2-7fb2-e3f0-3e66-2a4e9550f985,-7.7475,110.3625,0,123
9dd34b88-a3ac-42e5-86e8-081648ca03a4,-7.7525,110.3725,0,28
9ddc414d-3132-4f02-a1e0-93a2f474f3fb,-7.7575,110.3975,0,18
9ddd5408-5408-603b-9ba5-f87f113140a4,-7.7625,110.4125,0,11
9df2d8d7-3af3-46d7-b5af-22ba08a75595,-7.7525,110.3875,0,14
9dfb6b65-7898-4891-bed5-344f7f0b4614,-7.7525,110.3625,0,16
9e16ca75-97d2-4302-b77d-75eb6d818920,-7.7425,110.3875,0,256
9e1b33c0-338e-4924-bf00-ac6ca9d30e02,-7.7575,110.4025,0,21
9e326e5d-7385-4c56-a380-6a25aa03d957,-7.7625,110.3775,0,76
9e5a9002-9002-30e9-daae-0e04d95d8e64,-7.7575,110.3975,0,6
9e67b7c8-265a-432e-a8b1-4eeb9cde5b0b,-7.7575,110.3975,0,29
9e9fa93d-cee4-4ff5-8b85-0322ca3e370e,-7.7625,110.4125,0,2
9eae1553-1553-9b5e-1947-ade11d181bc0,-7.7625,110.4275,0,5
9eb653e0-8d8c-4197-1157-f069c8646e91,-7.7575,110.3975,0,39
9ebb9a6f-9a6f-790a-2414-13d90643ccdd,-7.7425,110.3475,0,3
9ec025a3-5624-43c5-be92-74a8b481a31c,-7.7475,110.3675,0,291
9ec237f6-9f00-4fe5-bbed-824ddc3cf672,-7.7525,110.3725,0,3
9ed34488-2bdc-407b-b99a-005e8192845d,-7.7575,110.3825,0,2
9ed47c5c-7aa1-4758-9489-fc4498e0839c,-7.7525,110.3725,0,21
9ed79bd2-972b-40c6-86d5-11a60a21d155,-7.7525,110.3625,0,13
9edb9d59-b810-4151-94f9-58576bcd7b3f,-7.7625,110.3625,0,2
9ee6ac4e-e7cb-4d18-82ea-cfc2a3808e7b,-7.7675,110.4125,0,4
9eebfe81-021b-4973-b608-3e2cd3d0105e,-7.7575,110.3975,0,15
9eee1112-1c3d-4574-b27a-1f65c4b7ba32,-7.7625,110.4325,0,5
9ef2f1b5-1767-4eb9-aa5f-8324166b14f0,-7.7625,110.3825,0,53
9efd0bb3-0bb3-441e-b038-e8864cadefed,-7.7475,110.3625,0,13
9f0bd5b6-d5b6-ce92-fb58-b4ad7f034280,-7.7525,110.3725,0,4
9f0e0b6f-0b6f-9f93-d246-faf99fcae2a1,-7.7475,110.3625,0,8
9f18bf27-b21c-4940-af89-11754349a5aa,-7.7625,110.4125,0,27
9f23426d-e9f4-49f5-a79d-d1174ff26912,-7.7575,110.3875,0,8
9f4c5cb2-5cb2-ba02-c8ee-599c163c66a2,-7.7625,110.3925,0,3
9f5ea3fc-a3fc-39b9-d499-84803f2e0b7d,-7.7575,110.3975,0,2
9f644b20-4b20-fd98-1d63-b3758cdfbf87,-7.7625,110.3775,0,16
9f6d84d0-f5f4-49ea-bb79-cd373b5294a7,-7.7425,110.3525,0,43
9f6ef1d6-b9a6-4e83-94b1-fb9b3b669234,-7.7475,110.3875,0,20
9f7966a9-93c3-496a-9f02-f7a659473305,-7.7625,110.4125,0,5
9f7a8aef-61b8-4fa4-a5b1-14a083b75523,-7.7625,110.3925,0,4
9f84f724-424a-4b9e-aad0-96b04e584008,-7.7675,110.3825,0,20
9f896466-4fea-4add-979a-c471d2ac136f,-7.7575,110.3975,0,4
9f8fe095-e095-f8ad-87e7-ceaa0d6e6d40,-7.7425,110.4225,0,18
9f9361d7-7157-438e-904f-9ee239e4ac42,-7.7575,110.3925,0,27
9fa1a00a-b32a-49f2-9100-b2c862d0d833,-7.7625,110.3625,0,10
9fca2b77-2b77-ead5-42ee-a96b98a83820,-7.7525,110.3825,0,4
9fca3c80-3c80-ec38-c40f-0d9923dbf19a,-7.7475,110.4125,0,12
9fcf9752-4919-4bb2-b3c2-4bc4ace1f340,-7.7575,110.3925,0,13
9fe2c49a-ab70-4a43-99f1-d4821fec6284,-7.7575,110.4025,0,29
a006830f-376d-4aad-a547-0aae2882b7ad,-7.7575,110.3975,0,15
a01d155c-df68-44d6-8356-4bdcb0d4b63f,-7.7625,110.4175,0,65
a0263215-3215-0bd9-6ce1-5e3515a4a546,-7.7575,110.4025,0,3
a02baa5d-4fc8-4e4c-8acd-90fd39dc9bc4,-7.7475,110.3625,0,14
a0339cf4-e82a-404d-b3c6-11d11a2eead3,-7.7625,110.3825,0,11
a04b903f-7781-4f13-bc96-23a299939cd6,-7.7525,110.3725,0,100
a05caa5b-0e1e-46ef-bc75-aedb79d7ff67,-7.7575,110.3975,0,9
a062263b-263b-b58b-b634-fcfb80ab3f3e,-7.7575,110.4225,0,317
a06cd01e-d01e-395c-dd24-5f04e63eb250,-7.7475,110.3525,0,3
a076a74f-d987-4eaf-b72a-83837f9afa57,-7.7525,110.3725,0,39
a08210ef-10ef-eec5-5070-3ada9bae941a,-7.7475,110.4175,0,12
a08d3504-7cad-4bc8-b405-3ee3e5ea1215,-7.7525,110.3725,0,36
a09b48c4-48c4-9f58-163d-ffc87af1081d,-7.7625,110.3725,0,2
a09b7465-d107-4390-ac7a-e2186220a871,-7.7525,110.3725,0,5
a09d2545-ed4b-48f8-23c6-dbb01e687b40,-7.7625,110.3925,0,5
a0a9a3e8-a3e8-ef65-2791-90d8457037a0,-7.7575,110.3975,0,3
a0b7e267-19b0-47f1-a15c-a36233383b2c,-7.7575,110.4025,0,10
a0ca84ba-32aa-4763-ba3a-1472129c0958,-7.7425,110.3625,0,4
a0d60096-5b2d-480c-aaf1-bafaaec0f9de,-7.7525,110.3675,0,2
a0d935f7-5867-4d33-229d-2c3cb8703c31,-7.7625,110.4225,0,2
a0e115ce-15ce-a4d1-4743-5237c95005e1,-7.7575,110.4025,0,60
a0eb4f60-4f60-ad57-9d5b-974eb9d2c7fd,-7.7575,110.3825,0,10
a102ee46-a490-494c-b69c-6fe7425242f4,-7.7525,110.3725,0,15
a103bf06-2eb5-45c2-bc3a-57b82d6680ec,-7.7625,110.4175,0,2055
a111ba90-2796-4752-ab7e-4b882af776de,-7.7425,110.3625,0,7
a11cff90-ff90-9140-ec90-9a22451fd64b,-7.7575,110.3825,0,10
a12c60a0-60a0-73ca-0dfb-dca8f93ec499,-7.7525,110.3625,0,17
a13226ac-5a86-4761-b8ed-7aeffb6d21e3,-7.7475,110.4175,0,14
a14d6d6d-8fab-4f7d-8681-ec0688b18d1b,-7.7575,110.3875,0,2
a150835a-7a69-4aee-bf55-1df0188c73e4,-7.7425,110.4225,0,61
a1544735-1767-4583-9a81-639ea2568400,-7.7575,110.4075,0,29
a158990d-acb7-4f19-bb9c-846027084a0c,-7.7575,110.3975,0,39
a16045fb-7054-4019-b931-65978382998f,-7.7575,110.3975,0,12
a16f27ea-ae14-490f-9a37-b073b5b21a1b,-7.7625,110.4175,0,528
a174185b-185b-9d59-056a-e411c690456b,-7.7475,110.3825,0,12
a17f5c51-0551-4092-a469-5e63128d33c6,-7.7625,110.3675,0,4
a18812db-fe6a-4e17-a998-fa657f57fbe7,-7.7625,110.3675,0,11
a1af7853-7853-e08c-fb08-898c18759f68,-7.7525,110.3825,0,83
a1b30897-9294-4249-95ea-1080dd27ffe7,-7.7475,110.3425,0,2
a1beb447-9925-4d4d-94c3-42c2077e1282,-7.7675,110.4275,0,3
a1dc7c58-9a90-4f77-938b-298745a31128,-7.7475,110.3925,0,2
a1e199b3-99b3-427b-75cc-01f49e293076,-7.7525,110.3775,0,1
a1e5c55f-f89f-4768-2aed-b10dbf060961,-7.7525,110.3725,0,29
a1f31b02-1b02-1f53-b666-d18eaabc1325,-7.7575,110.3825,0,30
a203ce81-ef90-47d3-ad70-475ee12cad53,-7.7575,110.3975,0,3
a20e39d2-c0c8-4349-b5d1-072b7cfd48ef,-7.7625,110.3625,0,7
a211e7b9-e7b9-3d04-cc36-3afeb64b81b6,-7.7525,110.3725,0,4
a215ca22-1aef-4efa-b8bb-71ff451ec0ca,-7.7525,110.3675,0,2
a21a998d-b774-4d8c-ad81-da4ce9296c93,-7.7525,110.3725,0,4
a228ee10-72dc-4fbe-bfdf-abb4e1251112,-7.7625,110.4275,0,78
a231e348-e348-b066-96d8-dd38b3ac3e1e,-7.7675,110.4125,0,5
a2321c1d-1c1d-0ed3-3cf0-1e1a676912d6,-7.7575,110.4275,0,9
a2406962-6962-d947-5f03-4e2d56b0cc03,-7.7425,110.3975,0,45
a24d07bd-ae86-4c69-95e6-8925001b86e1,-7.7475,110.4175,0,28
a250cd4f-3cf1-4d04-a5b9-66f3a7b9f8c1,-7.7575,110.3925,0,16
a254b93d-606d-4021-84bb-511bf26fb62a,-7.7575,110.3975,0,23
a27149fd-49fd-af03-5786-108e50ad348f,-7.7575,110.3625,0,320
a28e5f5a-5f5a-6686-0753-bb18146056f3,-7.7575,110.3875,0,346
a28f9ea9-febb-40b5-bf30-73b437d26afc,-7.7475,110.3875,0,5
a298eee6-eee6-771a-b5c4-25fed0cf1c7c,-7.7525,110.4075,0,10
a29f00a4-2a79-45f4-9133-4353df744345,-7.7625,110.4075,0,5
a2a63371-3371-01fd-170a-b4aad141a560,-7.7525,110.3725,0,17
a2a79223-6c9f-460f-9bb5-c38d418e4840,-7.7575,110.3825,0,2
a2b53ad2-fb8d-4886-b046-91d234281338,-7.7575,110.3825,0,56
a2b79992-d1af-4eca-b454-9681f91452ef,-7.7475,110.4175,0,5
a2d54b0e-f4cc-48f8-a905-63eadb7bec80,-7.7525,110.3625,0,26
a2dc472a-472a-1afb-00a0-4a75993c9410,-7.7525,110.3725,0,6
a2ed8822-bd9f-41ae-aa52-b440065b3788,-7.7475,110.3625,0,15
a2ee5620-1e70-40f8-aca2-0fec3ccbf0fb,-7.7525,110.3725,0,4
a2ef4627-6db4-421d-af11-871616b659bb,-7.7525,110.3725,0,6
a2f2188e-188e-8b62-45c7-424a90aca951,-7.7625,110.4225,0,1
a3054936-819a-42b8-959d-f2bde49011a7,-7.7675,110.4125,0,14
a30ca298-a298-2d71-ca23-b99cdb17e190,-7.7575,110.3975,0,7
a32d9319-7549-4858-b3ef-105c99b302d2,-7.7575,110.4025,0,48
a335ae62-41c3-4bc0-97ae-99082bbdbad8,-7.7675,110.4275,0,1
a33a27bb-27bb-fcfb-fa8e-68067b56f1fe,-7.7675,110.4325,0,6
a33e7c84-7c84-e9ed-a3b7-89eab8551044,-7.7475,110.3825,0,35
a387af75-af75-4fcd-1012-5b806cb3f60f,-7.7625,110.4075,0,2
a39377c9-cd6d-4e21-bc32-dd6089a5c2bf,-7.7475,110.3725,0,7
a3940e25-292c-409a-8e36-509be3e0f285,-7.7425,110.3475,0,4
a397b706-8fac-4fa6-a117-66489ce949f7,-7.7575,110.3975,0,13
a3aa798b-798b-327e-4f6d-1f79ec19482f,-7.7625,110.3775,0,33
a3d701ba-8480-4d39-9896-c2dd7d6c3edf,-7.7575,110.3925,0,27
a3d84ab4-4ab4-f6ab-fc8d-e19c20a3f3c6,-7.7675,110.3675,0,7
a3f1501a-aa8a-433b-929e-6a56318eaaaf,-7.7575,110.3975,0,4
a400d71f-701c-47d0-86c4-c5ab1493e9fd,-7.7575,110.3925,0,6
a4053992-391f-4519-ab79-bdf8f2f611ff,-7.7625,110.3975,0,12
a4150a60-385d-464c-8b93-6ee4f24f4ece,-7.7575,110.3925,0,1
a4474321-ee35-4769-b2c5-0be1d6123170,-7.7625,110.3825,0,3
a44c4ea8-be8a-42e9-82bf-eee8f9b128e1,-7.7475,110.3975,0,14
a45ee9fa-e9fa-8e2b-df6c-ef7ca41a8d6b,-7.7575,110.3975,0,13
a46a29c4-9720-47af-924c-09a07f177131,-7.7475,110.3875,0,8
a4867037-7037-1a1e-46d3-01f8b6b6824b,-7.7425,110.3975,0,14
a48995be-c79b-49dc-abb4-9fa597149dc1,-7.7475,110.3875,0,1
a495eeba-4bff-4b76-82dd-22b5256d6e71,-7.7525,110.3975,0,12
a498d234-eeef-4a92-937a-fc8aa4b8320a,-7.7625,110.4125,0,35
a499ecad-ecad-a36c-74a3-6c3f9f6274c4,-7.7675,110.3675,0,74
a4a9bfed-acd6-49a3-b0ba-1270b472a3b6,-7.7525,110.3825,0,9
a4bd722d-722d-6440-52b5-fdd4620667d6,-7.7575,110.3625,0,8
a4bf5c76-84ec-468a-8196-481fd2bbb638,-7.7625,110.3625,0,33
a4c32e53-2e53-d281-d3d5-78ae2f0bc532,-7.7625,110.3975,0,15
a4d3d825-3ff3-46dd-acaf-464d516adac2,-7.7625,110.4325,0,16
a4db7e64-f7d3-4d8c-b125-2a99207055b0,-7.7575,110.3975,0,35
a4de2e97-2e97-ed01-3116-b539c1fd4ed9,-7.7525,110.3825,0,5
a4f9013f-013f-9985-fb07-f04006a1f2d2,-7.7625,110.3975,0,13
a4fb232b-232b-c441-0bcc-52a746481d19,-7.7675,110.3725,0,31
a5064c01-4c01-fa2a-1cd7-0c74507baabd,-7.7625,110.3975,0,10
a50a2e4f-144e-4f78-b1a8-af08973e3827,-7.7475,110.3625,0,4
a50e4f5a-c09c-490d-964d-f1ddc379a284,-7.7575,110.3975,0,31
a512a938-7a88-4ce8-bfaa-131eff674859,-7.7525,110.3675,0,8
a513d5f0-d5f0-a89c-67b4-583c7be3a456,-7.7575,110.3875,0,5
a56343ef-43ef-f05a-3c98-533b3bc596df,-7.7525,110.3725,0,3
a56fa5a1-a5a1-7abb-0e20-59f95062ca2e,-7.7575,110.4075,0,2
a58923e1-23e1-e0f2-2987-9d73a87ece73,-7.7575,110.3575,0,25
a58a4385-4385-b158-e54f-95abb69fd56f,-7.7475,110.3875,0,1
a59a5354-4d3f-49df-890d-4a22e9320fea,-7.7575,110.3925,0,15
a5a33b95-956e-4a52-bbbd-caf5d4f8acf4,-7.7425,110.3475,0,10
a5a5aa23-aa23-74f5-6546-cbd9bc15f2d5,-7.7575,110.3975,0,7
a5b53427-7b25-41f1-aeb1-331900b662c5,-7.7525,110.4075,0,151
a5c1d240-35fc-4aa5-9d03-9214a674e72d,-7.7675,110.3925,0,5
a5d58806-fd53-4e2d-a4b4-d5d689491609,-7.7575,110.3925,0,3
a5e4aca8-1c99-4422-be9a-86b6c9fe78b4,-7.7675,110.3775,0,17
a5e8b687-a158-4323-bac7-c94ce2ae6e08,-7.7625,110.3625,0,17
a5f616a1-da06-4e27-944a-e37ae8d46946,-7.7575,110.3925,0,2
a6086888-cdf4-4353-a5c6-c7323a0ae4f0,-7.7625,110.4125,0,2
a609ad66-964b-4b95-bbc6-f53897c669ba,-7.7625,110.3975,0,5
a610736a-736a-782b-89f4-4cd693a7b05f,-7.7575,110.3975,0,2
a61ca803-a803-5661-1ebf-ff07655bbf20,-7.7575,110.3925,0,1
a62055db-165f-464e-a3a0-d5b5d19f598b,-7.7675,110.4125,0,9
a629cad3-cad3-ba6b-fc6f-7f5dd550b077,-7.7475,110.3725,0,8
a62aa193-a193-f1c5-a68c-12ba2b45980e,-7.7625,110.3875,0,335
a62b3c88-4e38-48b1-ae1d-10ac9131894f,-7.7675,110.3825,0,2
a62fbb7f-5b93-4100-a5e2-c6b196a20e36,-7.7625,110.4125,0,7
a6357872-ae3e-438a-a589-b86e255b8c10,-7.7625,110.4125,0,23
a64f6596-6596-920f-d4b9-241f6f8747cd,-7.7625,110.4125,0,7
a65ed607-a4bc-4702-930b-b8529c15d7e6,-7.7625,110.3825,0,2
a6603711-3711-ec50-3e24-ad557b8ae411,-7.7475,110.3625,0,1
a6642136-8b7f-4323-a611-f9db55a826fe,-7.7525,110.3725,0,37
a69e9ef4-9ef4-d918-5408-36ad3ed9d322,-7.7625,110.4175,0,10
a69eecf1-95df-4283-8b1a-320fa436d59a,-7.7525,110.3875,0,28
a6b338b7-c1b9-430a-b9e7-b52017f9df50,-7.7525,110.3675,0,4
a6c992d8-92d8-fb8b-ccb4-537595238d9b,-7.7675,110.3775,0,3
a6ccb500-3a49-4322-b7e3-b20687dde19b,-7.7575,110.3975,0,18
a6d7fb6d-2426-4b8e-ba00-fb0e464ec151,-7.7525,110.3675,0,5
a6ec7eab-8543-48df-b82c-79c56be1d433,-7.7475,110.3725,0,14
a6eeb108-50e8-4403-ac9a-0891cac911ac,-7.7475,110.3725,0,3
a700fb85-fb85-3998-30d5-b7df7ab23bcc,-7.7475,110.3975,0,27
a715aa19-aa19-9d82-134e-a24d9a79cc0d,-7.7525,110.3825,0,22
a71a9937-5c39-43b0-91f2-920b15559d6f,-7.7575,110.4025,0,19
a71d1522-1522-2d18-d457-49e976196ab1,-7.7525,110.3825,0,10
a733c0c5-241d-4fa6-b01d-0f0627904215,-7.7475,110.3875,0,3
a7450a60-137b-461a-993c-332071032dfb,-7.7625,110.3625,0,20
a75f8156-8156-3346-5a77-526d7d949187,-7.7525,110.3725,0,2
a76567be-67be-352d-62e9-a6120f489e96,-7.7575,110.3975,0,16
a767a963-7d64-4e1d-2d2e-12312bee5e33,-7.7575,110.3975,0,22
a76e8aa6-8aa6-ed22-fdac-19c5e7858f81,-7.7525,110.3725,0,3
a7870265-fbd1-4254-96a4-7eafc64b6e71,-7.7475,110.3625,0,8
a7886303-1166-43e8-a005-dab290c2e058,-7.7525,110.3625,0,16
a78abc26-026f-42ad-9627-047b09944c92,-7.7625,110.4125,0,2
a7977645-ddce-42e5-aff1-e9b81ee69e34,-7.7625,110.4125,0,7
a7a0b6cc-b6cc-9795-0121-61ada12e5c84,-7.7475,110.3625,0,30
a7a27d29-7d29-f7bb-3734-b89c783192d6,-7.7625,110.3925,0,18
a7a90442-6652-47e0-a847-55a7bde5c31e,-7.7575,110.3975,0,13
a7adba36-ba36-2af6-e2fe-0189d7994119,-7.7525,110.3625,0,39
a7b5771b-771b-e466-a58f-edf34f06bf62,-7.7425,110.3525,0,23
a7b58b52-cf6c-430d-a40f-e311a59f5c52,-7.7525,110.3675,0,4
a7b611a5-11a5-5217-1811-bcdd41f5542d,-7.7575,110.3975,0,3
a7c7ecf6-ecf6-ebc9-267a-90ff702ef5bb,-7.7575,110.3975,0,18
a7cc15c2-677a-421a-a139-ac55f3059f44,-7.7575,110.3975,0,5
a7e3820a-5efc-43a0-8b8d-94a53d37fc25,-7.7575,110.4025,0,37
a7e4823b-ff4d-4ca5-836f-187926e37956,-7.7525,110.3725,0,7
a7f37410-7410-4a66-17ff-a75a6ba7ca4d,-7.7625,110.3775,0,21
a82cfb81-fb81-ac4a-f017-0ddf9984ea29,-7.7475,110.3875,0,15
a8402593-2593-b203-fc71-b12a78159b59,-7.7525,110.3725,0,30
a847028d-028d-47fa-0799-67520d191a6a,-7.7675,110.4325,0,6
a84856fb-140a-4920-9d66-d8cc2fe5a25f,-7.7575,110.3975,0,4
a84a0a4f-0a4f-4a81-4975-c5cd8f06c8f4,-7.7575,110.3975,0,170
a86fd419-d419-38d9-91f8-ec6d88942d16,-7.7475,110.3425,0,1
a8810f97-0f97-5150-4715-d292799f55e1,-7.7525,110.3625,0,20
a8871d3f-1d3f-6d14-1627-22cb54d040ac,-7.7675,110.4125,0,18
a887c12b-0995-40e0-98d1-1dc490a9c7e1,-7.7575,110.3875,0,9
a88af545-cdff-4523-a295-2858af78f450,-7.7625,110.4125,0,3
a8a16a34-6a34-7b37-bacf-118c8c19ee2b,-7.7625,110.3625,0,20
a8b2a903-a903-032c-8813-c19d2a85c445,-7.7625,110.4225,0,10
a8c1fa68-fa68-77fc-d3d9-789ca12020aa,-7.7525,110.3875,0,49
a8c88176-8176-864b-d010-54f94506e456,-7.7525,110.3725,0,16
a8d75ac5-5ac5-5374-d97d-c2c21e69d478,-7.7575,110.3975,0,6
a8fa0e55-0e55-bf37-2d6e-c622ba11a5d1,-7.7525,110.3825,0,2
a8fa2e3d-ef71-42c9-bddd-70ea193575f5,-7.7625,110.4125,0,4
a9035b21-5b21-559f-921b-483aeaf21aad,-7.7525,110.3875,0,26
a9067aba-d158-46c3-be8e-bb02bf9e6a08,-7.7525,110.3725,0,5
a90ff045-6f3b-490e-abad-fdda03ad5210,-7.7475,110.3625,0,19
a92eb350-b350-21b6-85c3-c765a1ff85f1,-7.7625,110.3625,0,7
a93e4c69-4c69-6060-1dbe-2c0a15d3ef4a,-7.7575,110.3975,0,7
a94c244e-81ff-404b-bd5f-df66d00d9e8c,-7.7625,110.3975,0,31
a95fff2d-f697-4022-91e4-e5e807649a19,-7.7575,110.3975,0,3
a969d0a0-b041-465d-85dd-b5b9d38e5385,-7.7475,110.3725,0,137
a970f839-21d3-42d3-a1f8-04b362eddc3d,-7.7625,110.3925,0,18
a978e0f4-aa7b-4954-b359-ba44baec3881,-7.7625,110.4175,0,8
a980e782-e782-48f4-b0ef-7b3e3223e38b,-7.7525,110.3625,0,5
a9816343-6343-611c-17de-a50932ad7394,-7.7475,110.3525,0,3
a9917e95-fb42-40e6-9e95-b29703322111,-7.7575,110.3825,0,2
a9a8bee7-9ade-42ec-82ef-bfa7e5741344,-7.7525,110.3625,0,16
a9ae9b76-9b76-8518-b106-88ccb920e086,-7.7625,110.3975,0,17
a9c91fab-1fab-c07b-23d1-6fcd4ff28aaf,-7.7575,110.3975,0,25
a9cb74e1-44d9-4942-a506-52ef0174add0,-7.7575,110.3975,0,9
a9ddf803-169f-499b-adb5-2c7188ce1676,-7.7575,110.3825,0,35
a9dfd5ff-d5ff-0943-5e8c-c32c91699887,-7.7575,110.3725,0,7
a9e8bea0-bea0-a777-a8d9-182fbf6934f0,-7.7475,110.3625,0,20
a9f120b0-a326-4532-81ef-b97f6d2525e8,-7.7575,110.3975,0,6
a9f34df5-b62a-4b71-95b2-56f91df044ac,-7.7625,110.4025,0,16
a9fb97de-19e0-4447-aa86-93305ee7d938,-7.7525,110.3625,0,12
aa1c524d-91b1-45ad-a88e-f7b88021aacb,-7.7575,110.3975,0,6
aa1eead9-ead9-7ca0-6308-a6cf87f4122b,-7.7575,110.3975,0,1
aa2009a7-bcb4-4a35-a1d3-1154bfeb3534,-7.7475,110.3625,0,11
aa29d499-d499-8492-0d33-e25311a65d44,-7.7625,110.3925,0,4
aa3518c4-7ed3-4395-ac09-72b1aa8ce1de,-7.7475,110.3725,0,19
aa3e96aa-f400-4407-8233-26191d0059f0,-7.7575,110.3925,0,5
aa430fdb-0fdb-36dd-715d-e9b3363bede2,-7.7475,110.3725,0,80
aa57c2e3-c1b7-467b-bded-a94b5e7eb8ec,-7.7675,110.4175,0,15
aa5fe717-1b13-4d7e-ad17-e0d5704efa56,-7.7525,110.3725,0,6
aa60ff14-0b98-4f08-aace-0671841438a5,-7.7525,110.3725,0,7
aa82984f-984f-da35-8872-b58c70958041,-7.7425,110.3725,0,7
aa8481df-f43c-4d3c-87d7-ca9cebbf915f,-7.7525,110.3725,0,24
aa86c2f7-75d0-4849-bba0-7e38ff79f448,-7.7625,110.3825,0,11
aa8ad4c0-9ecf-4a57-978b-68b5bd5c2c29,-7.7575,110.3975,0,3
aa99ed6f-4f6d-407a-280a-76761d4da4a8,-7.7575,110.4075,0,25
aaa52352-bda3-4dea-a3bb-ba2a71ff9cb4,-7.7525,110.4175,0,21
aabc8ab4-8ab4-d5db-9e5c-1ebe3e530c7c,-7.7525,110.4075,0,98
aada7339-7339-5a00-bce5-c059625fb283,-7.7675,110.3875,0,15
aae446b0-46b0-3549-84ce-21c5dab03cd4,-7.7625,110.4075,0,1
aae77c8f-7de3-476c-8d0b-d7ccf745d781,-7.7475,110.3625,0,10
aae902a9-ad62-4e46-aaee-1c3d9c9890d4,-7.7675,110.3725,0,113
aaf771cb-c8a9-4948-a0fd-be0404adb793,-7.7525,110.3625,0,32
ab1154ec-54ec-7004-f310-f0709ce8dcb1,-7.7525,110.3825,0,3
ab35d9ed-b3e2-4c40-9716-c4212f487758,-7.7525,110.3725,0,2
ab53e0a1-b1e5-4618-868c-4faada06440a,-7.7675,110.3775,0,4
ab62ff04-234d-4e35-a33d-c538b1b0affb,-7.7625,110.4125,0,10
ab670b2c-0b2c-9149-020f-d0d0090b5760,-7.7625,110.4325,0,28
ab6cb579-dd64-471e-9a59-960d1c76cf08,-7.7575,110.3825,0,5
ab82648f-dc55-4f3a-8321-69c3e7f4bec7,-7.7475,110.3875,0,4
ab955411-5411-1b30-c829-c33be727a619,-7.7525,110.3425,0,14
aba2bb59-bb59-1df1-7898-b0693ffa13cb,-7.7575,110.3975,0,17
abaccc75-cdd5-48f8-b1e1-85f80fba75d2,-7.7475,110.3875,0,7
abb248de-48de-6bf5-5410-045c06ec77f8,-7.7575,110.3975,0,5
abba7311-7311-fbdf-1c61-4d57e53d1d8a,-7.7475,110.4175,0,9
abd23e6a-d0a8-48a3-9681-e08227ff429c,-7.7525,110.3825,0,70
abd6f9d3-f9d3-6e7d-d424-46ce072ec05c,-7.7625,110.4125,0,5
abd95a5f-7299-4d47-8a62-94aac8d60e83,-7.7625,110.3825,0,12
abe16691-f6ae-44cf-a573-8b19cbc46357,-7.7525,110.3625,0,22
abe66111-ae1a-4c97-8484-e367b21a680e,-7.7675,110.3775,0,3
abf0ee8d-ee8d-e015-f22e-44d8b91be897,-7.7575,110.3975,0,1
ac0a637f-637f-3fc0-f79d-418cfab95691,-7.7475,110.3675,0,102
ac1ce2d1-e2d1-57fe-1dc8-c6044c29115c,-7.7625,110.3925,0,35
ac241313-de15-4b58-973c-5c165d6369d5,-7.7575,110.3975,0,51
ac2fda12-e246-45e1-b9f0-c1962ff444b8,-7.7625,110.4225,0,1
ac3bfa83-0c7a-41ae-88c6-b1d79b1c3835,-7.7625,110.4225,0,1
ac41fa9d-6fba-4fc2-b0ef-681f346858f5,-7.7575,110.3625,0,8
ac503cc9-6bff-48be-ae5a-6f6f36380d30,-7.7575,110.3975,0,4
ac537598-4726-4343-9b32-ea326e1f620e,-7.7525,110.3675,0,3
ac60db14-e972-41e7-b634-09229a560ed6,-7.7525,110.3875,0,25
ac70d386-5949-4a2b-9c38-9a81a48af7a4,-7.7525,110.3625,0,5
ac70f124-a5f1-4772-9268-0500b14c26e5,-7.7575,110.3875,0,9
ac75cbf8-29d4-490d-9fc6-28428127dab8,-7.7675,110.3675,0,99
ac78fb39-ee20-469c-8bff-b2107f0556e2,-7.7525,110.3425,0,14
ac95ce23-838f-4c80-b794-0ac9730962e1,-7.7525,110.3725,0,56
ac97df49-df49-8077-e047-c8fd37e09214,-7.7525,110.3725,0,21
aca3cd8f-cd8f-26b5-28ff-8869b1659de8,-7.7575,110.4025,0,8
acaffebb-35a2-4a12-baed-9b0a2869ccd0,-7.7575,110.3925,0,10
acbd9b77-ec2b-4aca-9799-fdd222291d4e,-7.7425,110.4025,0,25
acc16966-19f9-4dc4-af9e-31a999c65c18,-7.7475,110.3625,0,9
acdccbea-2c0f-4e65-b836-2fcc01c76773,-7.7525,110.3725,0,57
ad08059b-2107-4e37-a361-cb76acb08a8b,-7.7575,110.3925,0,9
ad262509-090d-4aaf-9196-d43a98b1d5e6,-7.7425,110.3725,0,9
ad26f53c-2814-4d3e-ae80-3f269913fe7c,-7.7525,110.3725,0,5
ad40367b-6d23-4083-af79-ff8835428d69,-7.7625,110.3625,0,3
ad414dd0-6a00-491b-b65a-1b66b402a2d3,-7.7575,110.4025,0,45
ad468347-d42c-4708-85b9-413f6ab1b18a,-7.7425,110.3475,0,1
ad512274-2274-f91a-25ae-c3ecc39b426e,-7.7625,110.4125,0,22
ad5769ce-4176-4ea6-be87-1ca6922e7d64,-7.7525,110.3825,0,3
ad594c6a-a535-4f2a-bb45-550dfb93edef,-7.7575,110.3925,0,9
ad6744ba-c45b-4408-bfed-f26fb1ae52aa,-7.7525,110.4175,0,113
ad9a9c66-fe17-4298-85f6-90c504d64585,-7.7575,110.4125,0,43
ada8788a-788a-99f6-853f-968250505dca,-7.7575,110.3825,0,1
adb44f7b-507b-4f0e-98a9-831649590b2b,-7.7475,110.3725,0,2
adb6ed04-ed04-4ec9-6ec9-6e83c89aaf18,-7.7525,110.3725,0,3
adb860a1-0be5-4117-a5c7-178507ba2c30,-7.7475,110.3475,0,11
ae170046-0046-748d-e86c-dd6203e5b1c5,-7.7425,110.3525,0,288
ae2e53b7-1f18-4aeb-b165-47262d721a77,-7.7625,110.3975,0,4
ae57e320-f1ff-4348-af82-274c362ecf96,-7.7625,110.4125,0,9
ae5d846d-d5ea-4098-bb07-90f031de2f67,-7.7625,110.4125,0,3
ae5e64e6-a6fd-4d76-bc09-0e46dcb77077,-7.7575,110.3975,0,12
ae76c856-cb60-4069-b2e3-335ea6f7916c,-7.7625,110.4125,0,4
ae7ee30f-bed3-4da3-a721-1982774e9761,-7.7625,110.4175,0,25
ae7f0052-45df-45f1-a3ad-e23088596f32,-7.7625,110.3775,0,4
ae916068-6068-7e87-8080-5a6bc00d5e2c,-7.7425,110.3475,0,2
ae91edee-eacc-4a3a-a7e5-ae7c632895d0,-7.7625,110.3925,0,2
aea580cd-5dac-4aad-9579-2056f64b1ca0,-7.7575,110.3825,0,41
aebdaae3-aae3-ba0c-7efa-0c0f2b64c6f3,-7.7425,110.3475,0,1
aec34989-5f66-4876-88b8-45399dfed6a8,-7.7425,110.3475,0,7
aecbba4b-c773-48e6-b46c-c5af7875d7b3,-7.7525,110.4175,0,7
aecbf75b-f75b-1aff-26d4-7b309284a587,-7.7475,110.3975,0,14
aee3553c-a6e1-4a24-befb-7a2db76a4d17,-7.7575,110.4025,0,9
aee9e75f-e75f-96ea-cbf6-14c54b2d3896,-7.7575,110.3925,0,12
aeeaf2c3-a7ac-4569-91af-c94effcac3a4,-7.7525,110.3725,0,26
aeebe377-e377-8123-2768-7845451cbba6,-7.7525,110.3525,0,60
aef980a9-c6c5-40fa-9432-d0aa42c276d9,-7.7575,110.4225,0,24
af16aa1b-aa1b-740f-9182-d834dca0870e,-7.7675,110.3525,0,29
af1e9831-2830-400c-b08c-666fa8ea3c37,-7.7575,110.3825,0,2
af4b3af3-9479-4ede-bcc0-390f4eb1a2f6,-7.7575,110.3975,0,4
af51be58-0e84-4995-a2cc-f39aceb49d08,-7.7525,110.3675,0,2
af602f48-11f2-4de1-b549-98887cf260bf,-7.7625,110.4125,0,8
af60a949-0e43-4136-be9e-b12b0b916d63,-7.7575,110.3975,0,23
af6a3388-3388-0d28-55be-e139e07b482b,-7.7575,110.3925,0,18
af752a59-2a59-bc8f-f2a5-0172f50681b6,-7.7625,110.3775,0,14
af888057-c225-4eca-be6c-b14158b8319a,-7.7475,110.3925,0,15
af8acbdf-d1f4-41a6-8515-9b3242749642,-7.7525,110.3625,0,13
af93e6ce-e310-40ff-a1b6-a3596e524354,-7.7475,110.3625,0,22
af9d28dd-28dd-7879-61fd-79c13abe0194,-7.7625,110.3775,0,5
afa4ea63-ea63-c136-1140-d6947f22b6c1,-7.7625,110.3975,0,10
afac2213-fc99-435f-9343-48b6f0e567bb,-7.7625,110.4125,0,10
afc92d94-5092-4df5-8ebd-f588712570ef,-7.7625,110.3625,0,32
afc9d119-d119-9a71-7cf9-7c2235542910,-7.7525,110.3725,0,4
afcd5e6f-bc4f-4534-bafb-1ee31ea6af37,-7.7475,110.3825,0,57
afd2669c-ea47-473c-a534-44cbf1991689,-7.7525,110.4275,0,38
afe08c58-96db-4449-9019-c44ac9f50279,-7.7525,110.3725,0,8
b006dfc3-9986-4660-1c49-252dd95107ac,-7.7675,110.3775,0,2
b0167724-7724-7ae3-54cd-1a2e2781387a,-7.7575,110.3825,0,5
b0453d16-db89-4803-ba13-e69925b867e2,-7.7575,110.3975,0,6
b04bbd88-e0ad-49fa-be03-87cc897e5e09,-7.7625,110.3825,0,11
b04d1706-1706-f1fe-380a-c7bacd8c553f,-7.7625,110.4025,0,17
b04eef2f-73f9-41c1-81e8-db0c20a54ab2,-7.7625,110.3975,0,31
b067edf6-adae-419a-bd61-ae0232254b19,-7.7575,110.3975,0,178
b0803572-f298-4b5e-b437-51a52e34faf8,-7.7575,110.3625,0,3
b09211cc-eab9-439a-9771-8942e0b3d35e,-7.7425,110.3525,0,27
b0997e0b-7e0b-7bcb-6f5b-522ca175a5e5,-7.7525,110.3625,0,34
b0a64721-c41c-46bb-ac5b-f190237b9c98,-7.7475,110.3725,0,28
b0acdfff-dfff-d1e7-08ce-e8b72fe153c6,-7.7675,110.4325,0,25
b0bc6067-328e-46cf-8d77-a04486e1ae06,-7.7575,110.3975,0,7
b0beaa0b-aa0b-aae8-c4e3-cb7f5aa49392,-7.7575,110.3925,0,7
b0c887f1-87f1-f7c4-46c9-c6df0ce7533e,-7.7625,110.4125,0,22
b0ca7d4d-7d4d-1d34-d8c2-387a51024109,-7.7575,110.4025,0,3
b0d3fb8a-0fb9-4a84-a73d-24fd0ba06fd4,-7.7575,110.3975,0,7
b0e024fa-24fa-a789-712c-0696a729b6c1,-7.7525,110.3775,0,9
b0eab9f1-c7cd-441d-8c33-cfbc46e72539,-7.7475,110.3625,0,8
b109aa13-aa13-cc48-6ed8-310bb8ad3eeb,-7.7575,110.3925,0,6
b130156e-7cf5-4c5f-8f1e-9818a4a9f878,-7.7525,110.3675,0,14
b1391907-1907-cfab-f586-1d922b8f82ec,-7.7575,110.3825,0,428
b1641666-1666-24ff-7283-c7d59b69b9e6,-7.7425,110.3475,0,2
b17d1d35-1d35-b01b-ed08-dc5ee7499afb,-7.7475,110.3875,0,32
b184f356-7e6f-4993-9027-85dc6cd002f5,-7.7575,110.3925,0,1
b18b07cf-07cf-3e91-2ae7-8f9e7541bec3,-7.7575,110.3975,0,11
b19aba28-d082-43a8-9cb0-67cc1598b167,-7.7575,110.3975,0,2
b1b27d15-5960-4a57-ad49-b6c372d5ae04,-7.7675,110.4325,0,11
b1b6ff58-ff58-f623-4811-b913d42f9e5f,-7.7475,110.3475,0,2
b1d0a83e-b937-4998-923a-0800d342d943,-7.7625,110.3975,0,10
b1f97d36-7d36-897a-b24f-15b3ec726f2d,-7.7625,110.4125,0,82
b2047f68-7f68-935c-4e28-5f5d07fd2903,-7.7625,110.4325,0,39
b21cd076-adf7-47cb-86c9-79eafc0eec23,-7.7575,110.3975,0,40
b22f3aa8-6932-4dfe-9bd1-b033a7e21232,-7.7475,110.3775,0,7
b24f4498-4498-ab54-e0c3-36dccc57a147,-7.7475,110.4175,0,37
b2579c70-9ddf-4ce6-bf9f-fb89d914612e,-7.7575,110.4125,0,50
b273b5ca-b5ca-334c-68d4-1859b8f522ac,-7.7525,110.3625,0,3
b2867cfc-d513-4af1-91e4-966e2475f6f9,-7.7575,110.3975,0,22
b28d265f-265f-023e-b87d-979dfde15681,-7.7475,110.3825,0,180
b29b7b90-7b90-3856-baf4-89a35c4cab1c,-7.7475,110.3725,0,2
b2a5fc26-fc26-b1df-a800-f3f0a645a2ae,-7.7525,110.3775,0,1
b2a9620f-60b6-4add-9736-ccfec339f643,-7.7475,110.3625,0,24
b2b36649-6649-1349-fcc1-1c04dd0491be,-7.7525,110.3625,0,137
b2c6ce79-173e-4e5e-a8d5-c807240604f0,-7.7525,110.3725,0,13
b2ebb5db-b5db-3c08-5f55-4c4bc60479be,-7.7575,110.3975,0,7
b2ee8a04-1f11-48a7-bf7b-386735a6604b,-7.7425,110.3475,0,3
b319156e-156e-e88d-364e-ccf43b977074,-7.7425,110.3475,0,10
b3368e7c-4d55-40bb-9b30-e3a97f61d5fe,-7.7625,110.4125,0,137
b3377c8d-aebc-4549-b020-df155c975768,-7.7525,110.3725,0,3
b3507e24-7e24-4521-7dc4-ed3987817bb3,-7.7475,110.4125,0,30
b350b7e8-bbd9-4ed5-a5fd-cfc01f0ecbc2,-7.7675,110.4325,0,7
b356d27d-ce5b-4cf3-88bf-11309aea2c7b,-7.7525,110.3825,0,6
b3a53bd8-0413-4498-a509-2e67d37252f4,-7.7575,110.4025,0,39
b3b0f2cd-cf03-4ac3-bf25-7efd92282312,-7.7525,110.3725,0,45
b3b1ceb1-ceb1-3a59-05da-cde5f6d49b2e,-7.7625,110.3925,0,8
b3b2d261-45db-470d-8f16-68ceafb9e298,-7.7575,110.3975,0,112
b3c4aefd-aefd-0752-5960-642a0e935226,-7.7525,110.3725,0,3
b3ccaaf1-bbb8-44c2-a291-d9f8521c7a2b,-7.7575,110.3975,0,12
b3ce8eb6-8eb6-36d3-227f-525a33225b64,-7.7675,110.4325,0,381
b3d75f78-5f78-8750-c10f-d3cb78798de8,-7.7525,110.3725,0,5
b3db6744-e278-46d9-8073-80375c6f411a,-7.7675,110.3825,0,34
b3e72357-2357-9036-72aa-7c1dc4e42bff,-7.7675,110.3725,0,240
b3ea695a-2966-4b94-87c5-d9c8aa4669be,-7.7525,110.3775,0,5
b4531e68-1e68-71a5-9d5f-a07bf963a3b4,-7.7625,110.4125,0,27
b4607142-9297-487b-9ba3-fb204d07d279,-7.7575,110.3925,0,2
b4638ce1-0e7d-49ed-a897-8e5dd6be15b3,-7.7475,110.3875,0,11
b46525b7-795e-4e29-8a9b-c74a794c5714,-7.7525,110.3725,0,40
b48899fb-99fb-4b64-5192-f5afb3b7b535,-7.7625,110.3825,0,14
b48d2344-648d-4098-88e9-95a1e439c63d,-7.7475,110.3475,0,23
b4910c26-0c26-3cca-be10-5da467240fac,-7.7425,110.3475,0,6
b4a562d2-c689-4cc7-9c79-b8d9aeab39c7,-7.7525,110.3725,0,2
b4b8187e-81a6-4a88-84e6-553194118137,-7.7525,110.3625,0,11
b4f0439c-439c-9fe1-88bf-d1fe8e593f0b,-7.7625,110.4025,0,8
b4fad67f-d67f-ec3e-50a1-7e466fbb8443,-7.7525,110.4225,0,28
b4ff8ad4-8ad4-5c3d-c5e3-5c14dd46484b,-7.7675,110.4325,0,10
b5022d6b-551e-46d4-b97e-1f2d86fa18bd,-7.7475,110.3675,0,10
b502f296-337e-416e-8da2-57aa23479f47,-7.7425,110.3475,0,12
b522b210-a5e1-47e6-8be5-a7d38e8c2dc6,-7.7575,110.3975,0,2
b52803c1-07d6-4781-90c5-e2720d655440,-7.7425,110.3475,0,2
b5349c99-599a-4e4f-a57f-3edf4a0bcddc,-7.7575,110.4225,0,86
b54d17ba-40aa-4e76-8f45-86c37c7036f2,-7.7625,110.3775,0,73
b5547e91-882f-45e9-97a9-6b55cfadcf03,-7.7425,110.3625,0,3
b5641718-c7c2-4214-abc0-c482ba8a294b,-7.7525,110.3725,0,2
b57d3ef9-364a-4c4e-81a5-309368c22370,-7.7575,110.3625,0,24
b58b4c08-fee7-4605-afcc-ddaf356cac5a,-7.7525,110.3725,0,17
b58c6645-6808-4b54-988e-a38b0086b571,-7.7675,110.3825,0,10
b59a901a-901a-f66f-2df7-8c3628a266a3,-7.7625,110.4175,0,1
b59cd87d-d87d-3349-e2df-f1714e713bd2,-7.7525,110.3725,0,1
b5a7e72f-c68a-47f4-8157-e2668cce85f0,-7.7625,110.3975,0,43
b5ab76b2-76b2-522c-492d-763d24b730e2,-7.7575,110.3825,0,95
b5b3ca96-08ef-44eb-adbd-27ca89a702c5,-7.7625,110.4325,0,19
b5b66847-6847-bf9a-e149-5c1e760f4bb0,-7.7625,110.3675,0,4
b5ba51de-51de-c666-4d37-ca7b2aa1a10e,-7.7475,110.3625,0,7
b5cec718-abc8-437c-87a8-6342f1ace3da,-7.7625,110.4125,0,3
b5dc0b59-26cb-452f-b32f-65641516deda,-7.7575,110.3675,0,15
b5e493e4-cc28-4ad0-bdf3-3a30b5a08237,-7.7525,110.3725,0,14
b61a9e44-9e44-38ff-28a0-734af1c02236,-7.7625,110.4125,0,31
b633812b-812b-9f5a-c22e-cf118e04d543,-7.7525,110.3725,0,27
b645e5ac-e5ac-d7eb-b789-235cc1467d06,-7.7625,110.4125,0,6
b646227e-6f6f-432a-816f-bf52baa63156,-7.7675,110.3825,0,10
b64f6318-317c-4283-a65e-7adcbff1fe06,-7.7575,110.3975,0,20
b65c839b-e239-4f23-a6fb-b1a02d66801b,-7.7525,110.3725,0,2
b6685aeb-09b8-485a-b507-9261ae33b95c,-7.7425,110.3625,0,13
b66f0733-886c-40d3-1cb3-b57f6f2820b9,-7.7575,110.3975,0,8
b6843a0d-9a1e-41da-a215-75fbcd06c558,-7.7675,110.4025,0,13
b6890397-6d19-4704-a02c-cc6183bf8ad8,-7.7525,110.4075,0,5
b68b975d-975d-1c6d-1035-b331742e007f,-7.7525,110.3625,0,13
b6ab4923-4923-6e42-60e9-8ce9decaf7aa,-7.7425,110.3725,0,5
b6b0fefb-ac53-4511-ac94-555901d1b03a,-7.7575,110.3975,0,13
b6c86b5a-3fd2-4fb1-9efd-c242a76ca1d6,-7.7575,110.4225,0,12
b6d1d2cd-d2cd-a4aa-417e-9e5c88e841d4,-7.7425,110.3725,0,10
b6d6a10d-a10d-94ac-9074-405232e7da4f,-7.7575,110.3925,0,3
b6dba4a7-ed0a-446d-8195-f4676bc62077,-7.7525,110.3825,0,5
b6de4632-6930-4c3c-ae9a-bce117403904,-7.7525,110.3725,0,26
b6ee73d5-b150-4763-ba36-1345bf202daa,-7.7575,110.3925,0,9
b707af7a-af7a-1fbb-4b33-0a97cc5deacd,-7.7625,110.3925,0,4
b71243aa-e2fd-47eb-993b-5ef21924390b,-7.7625,110.4075,0,12
b7296aaa-a2c3-4827-9627-765c2d80e143,-7.7625,110.3775,0,20
b7390b97-2775-451b-818e-3d37b44cc590,-7.7475,110.4175,0,6
b744669f-42f5-424e-bb0c-5a4d209fe97f,-7.7525,110.3675,0,1
b75b0fe2-f080-43ef-8f26-afdef2951537,-7.7525,110.4175,0,10
b7683625-3625-b5ad-092d-a745f2022ffe,-7.7525,110.3825,0,34
b76c9410-9410-0f76-501e-cc4800ac3bdd,-7.7525,110.3775,0,3
b7766c3d-6c3d-9e4f-92c1-fa3019d9d968,-7.7575,110.3925,0,6
b787a355-a355-5dc9-9522-0278f1895351,-7.7575,110.3875,0,10
b7971fed-9849-4a5c-bdd9-767a866fdee5,-7.7675,110.4325,0,3
b79af0f0-8f4e-4ebb-1fbf-c1cc639f963f,-7.7525,110.3625,0,13
b7dbccc8-ccc8-c6ca-2e47-48832a31c658,-7.7525,110.4325,0,32
b7e15c7f-7c5e-442a-813e-a65b8e10d557,-7.7475,110.3625,0,3
b7e73911-3911-adab-a97b-be42418847c1,-7.7475,110.3575,0,2
b7f3376c-8b35-46b0-8ffe-cc1b29deab12,-7.7625,110.3775,0,2
b8062557-b795-48a5-8605-3dc829bbfca0,-7.7625,110.4175,0,15
b81f2ea0-2ea0-f6e4-ccc1-e50eb50a0843,-7.7675,110.3425,0,10
b82724aa-2c7c-42e5-8fb9-80286f9f01a8,-7.7625,110.4125,0,2
b84fedb0-84a0-46b3-98d8-515cbb59e90b,-7.7625,110.3975,0,17
b857c38d-b2b2-438b-9b2e-e208c757a336,-7.7525,110.3825,0,4
b87fa7d0-0447-41e5-b824-7814153e5d63,-7.7425,110.3475,0,6
b8877229-c787-466a-9792-a611cbfa614f,-7.7675,110.4225,0,39
b891b506-fc4a-4c19-a29d-1626f4138a0b,-7.7625,110.4175,0,1
b89dc0b9-c0b9-9066-87ca-3091abe13b5d,-7.7475,110.3875,0,7
b8ad695f-f7c6-437d-9978-3c0996e48da5,-7.7575,110.3925,0,113
b8b03627-fcc3-43c3-8412-42d8a03d19ee,-7.7525,110.3725,0,11
b8b7ee49-ee49-93b0-0e35-e0b406c8a303,-7.7575,110.3975,0,18
b8bf4b14-56b8-4eae-a651-7acb1f81dee0,-7.7575,110.3925,0,1
b8ca5be0-5be0-9ec9-005f-806d1f3359e7,-7.7625,110.4325,0,9
b8cb9d8a-9d8a-755d-d2e3-96978416fc7a,-7.7675,110.4075,0,8
b8e4a0cd-13ec-44c5-9846-b9e8f8abcca2,-7.7475,110.3625,0,4
b8e4f47d-f47d-a154-95d5-629b522308ac,-7.7475,110.3925,0,35
b8e72339-9314-4558-b016-2b3acc774374,-7.7475,110.3625,0,80
b8efdacf-427a-46f6-9846-63ed44a60c14,-7.7575,110.3975,0,1
b90a4657-4657-6714-6118-09a01b160ab0,-7.7575,110.3925,0,6
b93023a6-23a6-3286-2480-003a04a90b22,-7.7575,110.3975,0,9
b9440c22-0c22-33ed-a8da-fbb638dd65b8,-7.7475,110.3875,0,9
b944219f-219f-d0f6-69c2-4c327644757e,-7.7525,110.3975,0,83
b94bb7a7-b7a7-1ca7-fe84-182612a24cd5,-7.7525,110.3775,0,1
b96484ad-84ad-2df1-4be9-74759524822d,-7.7575,110.3975,0,2
b96e1e79-1e79-24b5-0f6c-29854063e8b7,-7.7625,110.4125,0,8
b97bd11f-d11f-f3a5-6ded-d81da441c48d,-7.7575,110.3975,0,7
b9996ddf-6ddf-4aeb-cf7c-1592f5752b82,-7.7525,110.3625,0,46
b99dc864-e4d9-4af4-a444-d7cec45a0b0e,-7.7525,110.3725,0,25
b9a82da8-03bf-44ae-b816-3d60f813e5f0,-7.7475,110.3625,0,3
b9a87846-64c2-44d1-8efc-6f3d2edda066,-7.7575,110.3925,0,3
b9b2c441-6dd5-4894-be57-c4e5ac8d84c2,-7.7575,110.3925,0,3
b9b8aa7a-c496-4573-b78f-3dbf79204881,-7.7525,110.3725,0,5
b9bce526-ef0b-4327-b3f7-fb55594c3986,-7.7575,110.3825,0,18
b9c9f98a-a141-45fe-bb56-de6b8606e3ad,-7.7575,110.4025,0,124
b9ca41a6-0b74-4912-a7df-6d1c558a38ea,-7.7525,110.4075,0,146
b9daebf4-fcb9-4dca-85ee-77bf45335b20,-7.7525,110.3675,0,386
b9e2c905-7b85-4291-a614-28b897cf064a,-7.7625,110.4325,0,40
b9e62c80-2c80-a14e-308b-af31652b7883,-7.7475,110.3525,0,11
ba0b5210-5404-4f5c-bbb7-dab295f2d8e6,-7.7525,110.3825,0,7
ba0f0fa3-0fa3-b710-6595-9837816a919d,-7.7525,110.3725,0,6
ba219ce8-9ce8-b93f-c76c-48e6b58d0de4,-7.7575,110.3925,0,10
ba2ec564-5b5b-4d75-bbe5-402a3840894f,-7.7525,110.4225,0,15
ba3f1502-f8f2-4c54-b924-6a9f8f18c7ea,-7.7675,110.3775,0,8
ba41893b-893b-964b-af65-45daf3c626b5,-7.7475,110.3425,0,6
ba44481b-e87a-4f95-a23f-46b46df10ee5,-7.7675,110.3975,0,11
ba4c9b8a-9b8a-754c-28e4-a798d5f68a19,-7.7475,110.3525,0,560
ba4d5c87-f5ba-4c07-9b93-3c6f58f07472,-7.7625,110.4125,0,8
ba52f13d-92d0-4372-b865-c1df9969f3a0,-7.7575,110.4225,0,23
ba53661c-e938-437f-8e43-1f2ddcdebc62,-7.7625,110.4325,0,3
ba68af1b-15b6-4908-8e1d-70a818b455b2,-7.7525,110.3775,0,2
ba6a453f-0b5b-48a7-b1ad-665dc265f00b,-7.7425,110.3475,0,2
ba81aa9c-6e34-4073-83cd-cba3608f5bad,-7.7575,110.3975,0,2
ba845f45-3783-4617-bb74-f7c7a4405da9,-7.7525,110.3825,0,4
ba8e73a0-6e7a-499c-9fdd-d1e16eac93a3,-7.7525,110.3675,0,2
ba91c247-c247-6114-54c7-2a9b4adefc89,-7.7525,110.3725,0,3
ba9fc129-3387-4835-97ad-eff6a75912e9,-7.7625,110.3975,0,25
baa85305-f69f-4beb-83eb-396912bd9708,-7.7525,110.3725,0,77
bab4df79-df79-7866-21f6-bdb5df3657ab,-7.7625,110.4125,0,3
babcde7b-6452-487b-ba6a-4ea6bfa9c250,-7.7625,110.4125,0,9
baf001d6-0e5d-46d6-b0a8-8a5b0fbe255c,-7.7525,110.3775,0,8
bb014ec3-a95c-488a-bb29-eb3700d581fe,-7.7525,110.4225,0,42
bb101c8c-1c8c-f9c2-bbf9-de8b42a3e6f6,-7.7675,110.3975,0,1112
bb1878c1-7dfc-4e37-801f-962bd03e5ccf,-7.7525,110.3725,0,5
bb28ba31-ba31-acb3-09cc-fd560089e462,-7.7575,110.3875,0,7
bb2e3dc6-3dc6-55b0-bd29-4bdbabd45d48,-7.7625,110.4075,0,40
bb347c56-7c56-6bda-53fb-7d0f0389b9a5,-7.7425,110.3625,0,6
bb38d652-bd7d-49d8-948c-705116301abb,-7.7625,110.3925,0,4
bb3a22eb-22eb-0995-566a-311661fc8f74,-7.7625,110.3625,0,18
bb3fdddc-dddc-7b67-6ec7-424f33e52f23,-7.7425,110.3475,0,8
bb4ade8f-de8f-6e88-a56e-6899e4782b2a,-7.7575,110.3925,0,6
bb64fbdd-fbdd-f5dd-2a95-fd3ed737ad61,-7.7625,110.4125,0,6
bb68d39e-d39e-0789-95d0-f494cb325565,-7.7575,110.3825,0,2
bb6acbcc-200a-4539-ae38-b3b335999c8a,-7.7425,110.3725,0,12
bb7743a9-43a9-fa0f-a0c1-a37a867dac87,-7.7525,110.3825,0,35
bb799490-9490-951a-2e54-47da4ffe6db0,-7.7575,110.3975,0,3
bb7bab29-ab29-cb76-e471-e0168dc5f1b1,-7.7625,110.3625,0,66
bb81bcb8-8a02-4dac-b7d4-02ee7a827fd9,-7.7675,110.3775,0,4
bb8a5b87-1cea-4e6d-b51f-5a521b3c2d15,-7.7475,110.3625,0,12
bb9cf8b8-f8b8-10a2-1d2e-8865474ff4fb,-7.7525,110.3725,0,12
bbc8f42f-befb-4877-9492-ef34d334e0e7,-7.7475,110.3625,0,9
bbedcd85-858d-4c6f-a995-a86f61f31c4a,-7.7425,110.3775,0,42
bbf8fde1-5d44-45b2-8ac4-ce33361616c0,-7.7625,110.4175,0,207
bc1aef48-cf8a-4062-ad7c-cf176f782623,-7.7625,110.4175,0,1
bc223890-6984-41ff-186a-4d5f4719113d,-7.7575,110.3975,0,37
bc36e7d3-cb2b-4238-a275-750ba14252bc,-7.7525,110.3725,0,6
bc3e7675-7675-8fab-dd55-b2fec904ba39,-7.7625,110.3625,0,6
bc499429-df40-4aeb-86c3-97d208e8d24e,-7.7575,110.3975,0,11
bc4a54bd-54bd-68a1-c9a8-43a75f8ca393,-7.7525,110.3825,0,22
bc4b9e80-dc8d-408a-b140-4d6f04c3123c,-7.7625,110.4325,0,6
bc6ff310-f254-4817-847a-f458bef292e9,-7.7525,110.3625,0,25
bc7b8e26-fb95-4e71-85a5-1783a5607488,-7.7575,110.3975,0,32
bc7c42d0-42d0-8c94-6ac5-836d4cac02a3,-7.7525,110.3625,0,23
bc7eb0ef-6840-4fc0-ab05-b8ae51d59ae9,-7.7625,110.4275,0,4
bc81cac3-516f-48cb-b3c6-cdedfc86b6c2,-7.7575,110.3975,0,105
bca6f28e-f28e-5a36-07a1-54664ad6f18a,-7.7625,110.4325,0,16
bcaa7f5a-169d-433d-b471-d90c2be3986b,-7.7525,110.3825,0,59
bcad11d2-e6d1-4bf4-a665-8e4344b7b30b,-7.7625,110.4175,0,6
bcb01340-188e-4b62-b356-dd6320c50dae,-7.7575,110.3975,0,9
bcb6467d-705f-4e8e-bfd0-0622fe938be4,-7.7625,110.3825,0,15
bcb9a1b4-a2db-4f46-8d84-b9989f8fa51d,-7.7675,110.3875,0,43
bcbb51aa-7d5f-4e6f-92b6-e9ebbea301f2,-7.7525,110.3975,0,3
bcbb81ad-f978-45f5-b825-b43c9a3d18d2,-7.7575,110.3975,0,17
bce5b648-52c3-49de-9805-42a06abbf99d,-7.7625,110.4125,0,22
bcf0569e-f91c-4405-bf52-9b49052e4f57,-7.7475,110.4225,0,42
bcf8fbc9-fbc9-aa50-e90c-8e7520861368,-7.7525,110.3825,0,6
bcfe6474-8d73-4a79-8e6c-0122df8e2c3e,-7.7575,110.3975,0,4
bd03eab6-99b5-453c-b7e4-5009a295fad1,-7.7575,110.3675,0,2
bd1445cd-ccef-4ed8-90a7-07e9b0b18481,-7.7575,110.3975,0,17
bd208c5a-8c5a-a39d-c0f9-330ad4d8a591,-7.7425,110.3575,0,5
bd294b4e-dd7c-4646-8195-c43882cc98cd,-7.7625,110.3625,0,46
bd3c718d-718d-bb89-2256-fa48813c3bf3,-7.7525,110.3725,0,2
bd409125-9125-36a7-7d3f-0dfb2dc66c21,-7.7625,110.4125,0,36
bd6abd45-1897-45ae-be2e-0aa0de05beda,-7.7575,110.3825,0,7
bd79faff-fd2a-4f8b-976c-283c8928b6d9,-7.7625,110.4125,0,6
bd8b649c-f19c-44e9-bf34-aadf20f8f40b,-7.7425,110.4225,0,57
bd9095c2-95c2-d60f-5452-00cad11ca74a,-7.7525,110.3725,0,35
bdabe4df-e4df-4626-d5b5-d0227e80448e,-7.7625,110.4125,0,5
bdb9b72b-b72b-105d-f122-97405e328451,-7.7525,110.3725,0,4
bde5678a-678a-5a1f-bccb-7d121be7addb,-7.7525,110.3825,0,60
bdf4297a-730f-4b48-897e-965bb5c70825,-7.7525,110.3675,0,2
bdfc7d65-555a-420d-b2c1-5c1213f47029,-7.7675,110.4225,0,53
bdfe823a-7d6a-4f5a-b547-78e7fceb4077,-7.7575,110.3975,0,18
be214d3b-8411-4bd3-8ded-72bc43f33f5c,-7.7475,110.3975,0,3
be2f062c-062c-44d3-50b5-6f258024a70b,-7.7575,110.3975,0,5
be3b157e-8801-40ca-ac1f-3ac0cbdc64d8,-7.7575,110.4125,0,8
be44458e-4b53-46af-2727-8e73d4b80ce4,-7.7525,110.3625,0,14
be4ec634-c634-f4a8-595f-261471241edd,-7.7575,110.3825,0,5
be56b76b-4f8c-47f6-a5f0-fe617aab0eb3,-7.7675,110.4325,0,8
be57e9f9-a2e4-4123-83c8-91d889aa20fd,-7.7475,110.3625,0,5
be5b8a04-c97c-4772-88a5-4468ba3226a5,-7.7475,110.3625,0,16
be84c27f-59a6-4cd6-982d-e1376014c585,-7.7525,110.3625,0,31
be9150a0-9a49-4a7b-a600-2f8992d6d618,-7.7575,110.3925,0,5
beb1677f-677f-dbdb-8c95-b121ba11b4b7,-7.7475,110.3625,0,26
beb54667-5caa-4aa7-80c3-13498482d287,-7.7475,110.3625,0,27
bec3230b-723a-4b20-8ec3-186a7d61ec87,-7.7575,110.4125,0,235
bec9d419-d419-2de9-6f06-304ed01701fd,-7.7675,110.3625,0,21
bed6fb80-fb80-2d71-f233-f2e2da801432,-7.7625,110.4325,0,48
bedbf92c-af77-4b4d-89e0-f339b48e15cd,-7.7475,110.3575,0,102
bedecaa1-caa1-5371-31d1-194e21f12e89,-7.7525,110.3725,0,13
bee8fed2-fed2-46bf-d195-08b0537452e4,-7.7525,110.3725,0,4
bef25880-5245-4ecd-b204-f651172d92ee,-7.7575,110.3625,0,78
bf15d5d7-0e49-4032-acf5-04b776f43dea,-7.7575,110.3925,0,4
bf3be2e4-e2e4-8bad-a4f3-4576cb338eb2,-7.7625,110.3975,0,11
bf5fafe2-521a-4ccd-ba56-41fc60c9ec65,-7.7575,110.3825,0,1
bf73523f-444a-4d49-8e91-8519a3d403cd,-7.7575,110.3975,0,43
bf824c13-4c13-0a8c-9668-f7b1954dfaec,-7.7575,110.4075,0,34
bf84b114-b114-67e2-7b7e-25c5a6c0d76a,-7.7425,110.3475,0,5
bfb2a102-a102-a899-66fc-5ff13e31da9d,-7.7625,110.4175,0,2
bfb56526-6526-bc61-e78a-5eb74204e719,-7.7475,110.3625,0,32
bfda28d2-28d2-0d21-4cd2-c719186eff96,-7.7625,110.3925,0,2
bff4c971-9ada-4033-a6de-1ebade4f5ac0,-7.7525,110.3625,0,11
bff55c79-5c79-106b-647f-ebf0b1a30552,-7.7625,110.3975,0,6
bffc3ec4-3ec4-fe58-831d-c8cbd1d3023c,-7.7625,110.4125,0,7
c005e10b-576d-4fe6-b92b-5b65bf82175a,-7.7625,110.3625,0,13
c016fe9d-fe9d-b339-b540-e13045b4651c,-7.7625,110.4075,0,2
c02b295a-295a-66f1-87fa-96a0c75c117f,-7.7675,110.4325,0,5
c02e97d3-7fc2-447c-a5a7-95b712d16885,-7.7525,110.3625,0,15
c040a89c-f762-4a0d-83ca-cf79aa49a34e,-7.7575,110.3975,0,8
c041a7e0-b479-4bf3-8e52-b7af139c96e5,-7.7475,110.3625,0,6
c0496eed-e3c0-4478-adf8-da6e85173aed,-7.7575,110.3875,0,1
c04b6ddf-6ddf-5723-5f9c-3c08204acc94,-7.7575,110.3475,0,115
c04d4060-0eae-4048-b00a-87c92f5bd915,-7.7575,110.3925,0,30
c0561ad4-1ad4-178c-a825-287c6e4bec6d,-7.7575,110.4025,0,32
c05c8e1e-270b-40fa-b076-076b5f4272de,-7.7625,110.4125,0,17
c073ab4e-55b9-4420-8d36-5f54b8bf4b2d,-7.7475,110.3725,0,9
c079dca8-5711-4311-90e1-5e222b1f0c47,-7.7575,110.3975,0,4
c0b5c4c3-3f91-484e-9db2-a1472024efb3,-7.7525,110.3725,0,10
c0bdd288-d288-2ef8-2251-d0870b51bff3,-7.7525,110.3825,0,36
c0df9c31-c4a3-4d71-964a-d78e7051dcea,-7.7475,110.3625,0,16
c0f99c8e-f0c6-4a83-8d85-2f4c3b5624e7,-7.7475,110.4175,0,2
c1071ba5-83de-44db-a114-6192e5ec2a2b,-7.7525,110.4225,0,36
c121e2d3-657f-4f28-8591-53ff45cc7a79,-7.7675,110.4275,0,4
c12d1dd2-7d36-448a-b1b6-9ca513b60fe9,-7.7625,110.4125,0,12
c131a6d1-e01f-4dbb-a1d4-65bc18a10c43,-7.7475,110.3725,0,3
c14437a8-b77b-410d-947f-adb73d385f31,-7.7625,110.4225,0,4
c146d160-ac07-4a03-8f49-55611de0b456,-7.7575,110.3825,0,7
c1484c0b-4c0b-829d-0aad-2d248940d539,-7.7625,110.4125,0,13
c14d4ac2-ad5a-42a0-9f3d-4a8e5d0aaaa1,-7.7525,110.3625,0,13
c14fc1ed-c1ed-80da-eb95-580a24154de7,-7.7575,110.3975,0,15
c154dbe8-64b7-4fff-9568-7c5484e502e6,-7.7525,110.3725,0,12
c156295c-257f-48ed-bdd7-b209cb0cb7c2,-7.7525,110.3625,0,3
c16d3ba8-3ba8-7a5a-2b95-28962b466de7,-7.7575,110.3925,0,1
c16d67ba-8ece-49db-a5be-761a530fbb43,-7.7475,110.4175,0,6
c17040d5-40d5-50d0-9179-a17e1ec940fe,-7.7625,110.4125,0,8
c173fa3e-42e6-4f17-a94a-67410affcc1c,-7.7675,110.4325,0,20
c1783f9a-6a09-48c7-bbf1-a202760c5d13,-7.7625,110.4275,0,5
c1ac5cc8-4345-423d-85e8-27de9f39ce99,-7.7475,110.3875,0,107
c1eceb20-5e9c-4f6d-9508-ef23f0c1ba0c,-7.7575,110.3975,0,14
c1fd30c8-896b-4247-af5c-463879036fa8,-7.7425,110.3625,0,22
c206002b-712c-481f-ab12-779947ed82a8,-7.7525,110.3725,0,41
c20df25a-e8b1-46bb-8afc-32f1278fb787,-7.7625,110.3725,0,10
c21bde41-de41-0fa7-018b-bac951feeba5,-7.7475,110.3625,0,2
c22db0de-b0de-1374-4d1b-d7e619e6bf8d,-7.7575,110.3875,0,7
c2327689-7689-2bfa-110b-e4109dd29f02,-7.7625,110.3725,0,51
c23546ed-5649-45f1-b2fc-96aaf63d9a22,-7.7675,110.4325,0,6
c23fda4c-b643-4e9c-120b-a9ba62f6f535,-7.7475,110.3575,0,60
c2450241-f43e-41dc-836d-a070e3095e3b,-7.7475,110.3675,0,6
c24c744d-744d-7ba2-b904-524d0d022d15,-7.7525,110.3725,0,1
c24cfef4-7245-46c5-add3-4bac3c1f1013,-7.7525,110.3675,0,3
c263e67e-e67e-622a-843c-b241691143ab,-7.7525,110.3625,0,5
c2649932-bd69-48fc-86ab-46e33956a471,-7.7525,110.3825,0,1
c267c0d3-8006-4f70-b99c-f1e29aadded7,-7.7525,110.3825,0,347
c2833353-d51b-4deb-bd14-352372c26099,-7.7525,110.3825,0,53
c283815a-875a-4af5-9c64-689ed4860a19,-7.7575,110.4025,0,8
c28ce9ab-317f-446f-bce3-06e5ae74e63d,-7.7575,110.3975,0,4
c2b44ca5-4ca5-118d-cb85-fd9fb5ea73d4,-7.7625,110.4125,0,4
c2d5eeb1-4149-42f5-b782-e5ad11663c21,-7.7525,110.3775,0,8
c2dc3a09-566e-4301-a12d-14431839fda2,-7.7575,110.3975,0,3
c2e1d20a-c467-4e50-a6e5-69d1233d4153,-7.7525,110.3625,0,2
c305778b-647b-4dfe-b483-1c022719a2ea,-7.7625,110.3975,0,11
c30db8b7-b8b7-55e4-1e5f-ef571057fe79,-7.7575,110.3975,0,6
c3160e41-a6cf-4ddf-925a-0af2eb079112,-7.7625,110.3975,0,5
c32dc852-e832-4e34-b179-5662723ce34f,-7.7525,110.3875,0,8
c32e2f82-22da-4822-a373-47e72b22d665,-7.7525,110.3625,0,5
c32f53f3-4d4b-4908-b8ee-a7ad64bedf3d,-7.7525,110.3675,0,2
c34b3e24-e5ed-492c-93cd-1205819647c8,-7.7425,110.3475,0,11
c355633a-f1f5-4e4b-a35d-6142beda166b,-7.7625,110.3625,0,6
c35f42ad-1b14-4ed2-8e00-4b14c581961d,-7.7525,110.3725,0,7
c369ea62-ea62-0cfc-5dca-c238afecd5bb,-7.7625,110.4125,0,1
c39ff3ea-f3ea-b160-c713-ab7b9ec07a26,-7.7475,110.3525,0,5
c3b478ca-78ca-70f3-0804-6e565bac16a5,-7.7575,110.3975,0,5
c3c0a9b3-a9b3-e0ce-7770-ecf50de1a1fc,-7.7675,110.3625,0,17
c3c161c5-0299-4494-b03d-cb599da7a670,-7.7525,110.3975,0,19
c3c8022f-022f-2c23-4298-5908e55767dd,-7.7525,110.3775,0,2
c3c9e39b-6a83-4b50-bbe1-8dd064481228,-7.7525,110.3825,0,4
c3da7a5c-7a5c-4f29-b7cb-858b40260298,-7.7525,110.3725,0,43
c3dbf0ef-afe3-4a51-98b2-d2625899e3d0,-7.7675,110.4325,0,206
c3dd252d-8c65-4e64-ae0b-2bb0157c14e8,-7.7475,110.4025,0,48
c3e9d62f-9ed8-499d-9cef-6bc800fcc252,-7.7575,110.4025,0,2
c3f3a1c0-a1c0-cff7-f800-5f4920866e4f,-7.7425,110.3475,0,12
c411b3bc-f984-45ce-9428-09b8e891b5dd,-7.7475,110.3625,0,6
c4124426-4426-d1f1-2301-cf876165e0da,-7.7525,110.3625,0,63
c414c943-3e5d-47ef-bc80-beeaf71370e3,-7.7525,110.3775,0,71
c433d0eb-0eee-4726-b89e-ce85c11e3bdf,-7.7525,110.3725,0,6
c4343dea-0d02-4b34-888a-06072dc049f8,-7.7425,110.3925,0,34
c438816d-816d-b673-6382-3c103b35a4fa,-7.7575,110.3775,0,21
c440f8d7-f8d7-4eaf-476c-7f036755ca34,-7.7475,110.3575,0,31
c453a009-b29e-451e-968b-64bb31a313c6,-7.7525,110.3625,0,13
c454c600-ddf2-45e7-896a-51bd65bd2fcc,-7.7475,110.3575,0,79
c461bb4b-bb4b-18c2-89d1-3beda471af1b,-7.7575,110.4075,0,9
c46883e1-83e1-331f-b6a8-ceeba587299e,-7.7625,110.3925,0,24
c46ac7ba-95db-4748-a8c3-4c9e38cf41e0,-7.7575,110.3975,0,13
c46edf12-c96e-4ac5-bc12-f5b1738f7ec0,-7.7625,110.4275,0,47
c4778630-fde2-4b13-9636-1e174c6c3bd2,-7.7625,110.4125,0,10
c47c89a5-19a2-4d6a-94e5-356d38f0b9bd,-7.7675,110.3425,0,5
c4882ba5-6db0-434f-a893-9ccc3a20f0f9,-7.7625,110.4125,0,38
c4980150-0150-375b-e105-b8e3599faeb8,-7.7425,110.4325,0,10
c4abbc2d-da4b-4cac-b3b8-1ba35bc802d5,-7.7625,110.4225,0,12
c4b3c203-15b6-41e3-8775-395dc27d1704,-7.7625,110.3625,0,3
c4bc9b05-b396-4684-8cc3-d357d367dff7,-7.7525,110.3675,0,1
c4c96707-98f2-41c6-a8c1-a8e835566a32,-7.7625,110.3975,0,18
c4ed8812-8812-888c-df71-14226181023a,-7.7475,110.3625,0,43
c4edf96c-f96c-6a18-0f3d-0527875041c6,-7.7525,110.3725,0,80
c4fc3ec6-256d-4667-a371-3670905f55fb,-7.7625,110.3475,0,187
c539a8ff-e293-4c99-9bac-91eb38b20eab,-7.7625,110.4175,0,7
c53d1713-1713-7ecc-6911-d9d18707de3e,-7.7575,110.3925,0,2
c542d14c-d14c-8c71-abbd-6e48d6740eaf,-7.7675,110.3675,0,37
c545da22-da22-bb38-e39c-e85507f6aabd,-7.7625,110.4225,0,5
c549a1c9-68cf-40a3-bd1d-dc74755e03f8,-7.7525,110.3625,0,19
c568cc67-181c-425e-946f-4a8b26903a13,-7.7575,110.3975,0,6
c56c55d9-1717-44e7-b183-d54b085d5e0c,-7.7575,110.4025,0,30
c59e82b7-82b7-92c2-ce4f-0440ce40fc52,-7.7625,110.3975,0,5
c5a24471-3e37-4afc-8786-e1b7bb7d4555,-7.7625,110.3925,0,15
c5b50650-3b7c-4d2f-b497-f87181be9e97,-7.7575,110.3825,0,51
c5bb8362-8362-ca61-0486-8790bf4d800e,-7.7575,110.3825,0,7
c5e569d0-b457-422c-a49b-d4d55b5b3747,-7.7575,110.3925,0,34
c5eb000b-fe4e-42e9-8fef-81bc8a364dfb,-7.7625,110.4125,0,5
c5f84edc-3d79-412d-a8c1-f59de964f7aa,-7.7475,110.3425,0,2
c5f97ef9-7ef9-6ca2-496e-6fc972796479,-7.7475,110.3875,0,3
c60b70a0-70a0-2672-b745-88061b8997b3,-7.7625,110.4125,0,54
c62a3a4a-ee76-4aa5-a1cc-e24318e49673,-7.7575,110.4075,0,14
c636e2ab-e2ab-001e-3ec4-041e830e1fc6,-7.7625,110.3975,0,12
c6485cc0-5cc0-9874-ca80-aa5b22b9802b,-7.7525,110.3725,0,2
c657a1e9-a1e9-4b34-8ffb-a97f3e7fc7ab,-7.7475,110.3975,0,32
c66f6d1d-84a2-4a12-80a6-24d2aa517957,-7.7525,110.3825,0,11
c696ff69-f62b-4b4f-adbe-73623ebbd772,-7.7525,110.4075,0,10
c69aea93-36c2-43e9-b9f7-40b6d3f911ab,-7.7525,110.3625,0,26
c6baa740-a740-5eee-f709-e351f73adc67,-7.7625,110.3475,0,8
c6c4374e-ae1c-4f2f-b93e-3d0a4f01092d,-7.7575,110.3675,0,13
c6c8be5d-be5d-057a-4c05-bd217a612808,-7.7625,110.3625,0,3
c6d35452-b554-43c3-ba30-1bdf7c2ff6b6,-7.7625,110.3975,0,31
c6edee11-bca7-4b1b-b23b-08ee036f2801,-7.7625,110.3825,0,3
c6f06f8c-ec3e-43dd-8190-ea283dda28e8,-7.7575,110.4025,0,34
c6f865f9-7167-4979-863c-1abf0d3a081b,-7.7625,110.3775,0,18
c6fadb15-db15-0a0c-b23d-2dbadf8ac5fc,-7.7625,110.3975,0,22
c6ff9dfe-9ae0-4e20-908c-479a50e991a7,-7.7575,110.3975,0,5
c728e43c-10da-439d-b357-e79549c6fb27,-7.7525,110.3825,0,6
c7340772-a5bd-4b58-b91d-1a7b96b02401,-7.7525,110.3825,0,1
c7492ab9-05da-4940-b4b5-1324babfcd25,-7.7625,110.4225,0,2
c7564ccb-4ccb-5c50-bb0c-846eaf784108,-7.7525,110.3625,0,2
c7596cc2-e322-4eb1-9154-4bcc3a8563b8,-7.7575,110.3975,0,6
c76557db-ca47-4410-b9e2-9476191fed5d,-7.7575,110.3825,0,2
c77df8d9-f8d9-6398-2a59-fb342ca269fb,-7.7575,110.4025,0,3
c79953b8-2f3b-4d56-24f0-244addad0453,-7.7575,110.3975,0,7
c79c47c1-47c1-f9c6-7b1e-e877eccb4060,-7.7525,110.3725,0,12
c7a5a0a3-a0a3-15db-9976-2e8d3fdd5620,-7.7575,110.3675,0,13
c7c18be1-8be1-a376-0771-83019a8d7df2,-7.7625,110.4125,0,11
c7c5fd7b-2652-4efa-addc-f39277559442,-7.7675,110.3775,0,5
c7ce3fbd-3fbd-d3d7-6264-b34741a43604,-7.7525,110.3725,0,2
c7f1b895-cb1c-4cb2-b2e3-fe837b0043a5,-7.7575,110.3725,0,48
c7f24f0c-0ade-4aa6-8a1c-b132ff9161af,-7.7625,110.4125,0,5
c7f5d6b7-4e2a-41ad-9caf-650eeef3382e,-7.7525,110.4175,0,23
c7f98b75-1aa9-4980-afe0-70d1a20062c9,-7.7475,110.3575,0,38
c7f9d10d-d10d-6ed8-84ba-4599d12f44b5,-7.7525,110.3725,0,4
c808cd4f-2fe8-41b9-ba43-4bd75627beb2,-7.7675,110.3925,0,22
c8177221-7221-f7d7-3b38-01a1c226f894,-7.7675,110.3675,0,12
c820d395-d395-d475-796f-8c0ebe9fef95,-7.7475,110.3625,0,6
c8312ef9-dd2c-4e1d-afdf-34d0b448f499,-7.7575,110.3825,0,6
c84bd225-d225-5835-04c8-80b284eb76c6,-7.7475,110.3625,0,11
c84d1440-8b70-413e-99b9-7bbb8727d3fe,-7.7575,110.3975,0,18
c84f76fd-76fd-bf5a-5679-3a78206960ff,-7.7575,110.3975,0,20
c850d743-19dc-4abb-add0-3317bf27c758,-7.7625,110.4125,0,3
c850f377-29b5-42a6-8091-e21e7f0674d1,-7.7575,110.4025,0,35
c85d2796-2796-6465-65c9-92d6467a7918,-7.7525,110.3725,0,2
c85f989d-590e-4d03-a983-0ac451e21529,-7.7575,110.3825,0,23
c8633c6e-b349-4fbd-26af-d7f6d93c4388,-7.7575,110.3625,0,31
c86ed312-74a5-462e-bce4-b6285cf55079,-7.7475,110.3625,0,7
c8751d0b-5683-422f-98d3-2f989ea05b07,-7.7575,110.3975,0,14
c8b29230-5b34-49f8-8dfa-0af216340549,-7.7575,110.3925,0,8
c8bbfcf9-fcf9-c7c0-be85-59cb60289080,-7.7525,110.3725,0,7
c8c024e4-64ef-4ecd-8563-bff6671bfffb,-7.7575,110.3675,0,59
c8ca5d05-7559-41e1-9ab7-486e9e4ecc23,-7.7425,110.3925,0,4
c8d9c89e-c89e-88c0-c9d2-c2a40afe3df2,-7.7525,110.3625,0,17
c8e40786-5896-4530-a3fc-b4f889885244,-7.7625,110.3825,0,20
c8e6951b-951b-591e-66e5-e0fbaab29e1a,-7.7525,110.3725,0,2
c8edffdc-b0ef-4292-a504-867ad12ca29d,-7.7625,110.4125,0,3
c8f68c40-daa0-4c38-a0eb-85d4408dba4e,-7.7475,110.3625,0,3
c907cec0-854a-4d94-93ca-79bf973ee71a,-7.7625,110.4325,0,16
c924660c-660c-761e-1b48-23c81ad033fb,-7.7575,110.4025,0,34
c926deee-deee-ef56-1d2b-6bfdb35a499a,-7.7675,110.4125,0,7
c92a4334-9bbd-437b-9e0e-b24aa44aea85,-7.7675,110.3675,0,97
c92e7f88-7f88-b772-69c2-d07b49050662,-7.7425,110.3475,0,1
c932f6ad-ee1a-4e46-8254-f7098ddb0a25,-7.7625,110.3775,0,6
c935b4cc-a4e6-46c9-a24e-d9a7c2b9f78f,-7.7475,110.4175,0,5
c94d3ad8-380f-48b8-8be0-54c2c35b354b,-7.7575,110.3925,0,3
c96160b9-60b9-b698-6f90-b92fb33140c0,-7.7575,110.3825,0,8
c966bba8-bf1e-44f3-999b-c154314fe4ae,-7.7525,110.3625,0,55
c9799b7b-a3f8-421f-b153-59fc11626181,-7.7525,110.3825,0,6
c97c786a-3f72-40f6-90ee-cf41e7c11369,-7.7675,110.4325,0,4
c980b943-90c5-4359-bcf1-d41ce813243f,-7.7475,110.3625,0,4
c98c4783-4783-fc6c-401a-e70051bc72ac,-7.7625,110.3975,0,29
c99341de-5b05-4ac0-9837-0ebab9eee236,-7.7475,110.3975,0,53
c9aa4672-a489-4bed-896c-f3e94fd28086,-7.7575,110.3975,0,25
c9b04f4e-fe29-4c89-b8a1-46074e6ae183,-7.7525,110.3875,0,6
c9b7f447-719e-451c-bf84-87edae880b8f,-7.7625,110.3825,0,62
c9f26c18-687b-46cb-8707-558dfab3f619,-7.7575,110.4025,0,66
c9f70218-431e-48fd-8398-1fa37447f351,-7.7475,110.3525,0,4
ca049296-8072-4869-8b44-9765a3f21a48,-7.7625,110.4325,0,9
ca0b43b6-0358-4913-21a5-163fe2c43b60,-7.7625,110.3925,0,4
ca0c3ed0-6eec-4b7b-a846-d340b58694f9,-7.7575,110.3825,0,36
ca315f1d-ec38-4562-aeb8-9db952d3188c,-7.7525,110.3725,0,14
ca3b5d62-453a-48b3-93bd-867f975ba542,-7.7525,110.3825,0,12
ca508886-be13-49fc-bd93-1240fc728a07,-7.7525,110.3625,0,2
ca6f7a14-8579-4fe2-a289-3996ce9617de,-7.7575,110.3975,0,8
ca6fd960-d298-4df3-b896-f32f8f3893c2,-7.7625,110.3625,0,43
ca70c51a-432e-4659-804f-0735f11a3148,-7.7625,110.3625,0,9
caaa68d5-f618-44d4-aae0-980562cfc2e4,-7.7675,110.4075,0,148
caab4561-83f9-470d-95b9-2c4a2d127c67,-7.7575,110.4025,0,24
cabd54d1-4250-43ed-997b-dd6461f54e86,-7.7575,110.3975,0,3
cabe84d5-0c2c-4e59-b0be-807fae93ce8e,-7.7575,110.3975,0,14
cac1274f-274f-113c-d17c-93e6e7e1bc5e,-7.7525,110.3725,0,34
cad25cb3-5cb3-b82a-5e6f-5b9a74a1cf4e,-7.7525,110.3625,0,55
cad617c8-17c8-58b3-e494-10098f63cee0,-7.7525,110.3725,0,9
cafa2590-2590-07f9-2050-8a7a24584c2f,-7.7575,110.3925,0,3
cb0344a9-44a9-83da-edb8-b044420c6273,-7.7425,110.3925,0,21
cb0b5e9e-5e9e-a092-1dcb-b48ab2f3594e,-7.7575,110.3825,0,53
cb1e1a75-1a75-c4c2-3c17-344a0619309c,-7.7625,110.3775,0,28
cb4cff7c-7972-4b1c-8ace-691dce340593,-7.7575,110.3975,0,6
cb58a28d-76cf-4050-a6d4-50197e8bf261,-7.7475,110.3625,0,26
cb5d9039-9039-7013-8803-9a6089cc4a48,-7.7575,110.3975,0,249
cb65bab0-b500-4426-961d-d9ffae7b2b07,-7.7625,110.3675,0,25
cb6b7be5-4694-4d84-a21c-692fd99bde5d,-7.7625,110.3975,0,20
cb748803-77c9-4b35-1535-766bef751ee8,-7.7575,110.4025,0,91
cb81d37b-d37b-ab94-57d6-e368383ebb74,-7.7525,110.3825,0,4
cb854891-a4f5-4157-ad24-19448fb3dcdc,-7.7625,110.4025,0,112
cb85b5eb-da98-4041-b20a-37db315738dc,-7.7475,110.3625,0,4
cb96b705-b705-95e1-6f4c-0fc9aa5a2855,-7.7625,110.4125,0,1
cb9d4ed7-4ed7-2ae4-8c3e-ca1526109c6b,-7.7575,110.3975,0,8
cba819a9-19a9-c287-e735-3bed3dd6c8cb,-7.7575,110.3975,0,55
cbb383ee-051d-4145-a91c-bf40bc17822b,-7.7575,110.4025,0,66
cbd2c772-c772-44de-8fee-7d8424c96021,-7.7475,110.3525,0,9
cbd65e93-8067-4b8e-9192-e760c20d1178,-7.7625,110.4125,0,4
cbe85258-5258-beec-abe1-f14e89ac0eaa,-7.7625,110.3475,0,6
cbffc4be-c4be-26d1-3d74-57b14cbea331,-7.7575,110.4125,0,5
cc0a959e-2fed-4acf-acaa-890a954134ae,-7.7475,110.3625,0,7
cc0deb4f-eb4f-bf3d-47a4-0447ea6e1ce2,-7.7625,110.3625,0,2
cc1048b9-872b-42f2-848b-d447fdd87680,-7.7675,110.4275,0,15
cc24ab59-8c49-45c2-b010-0d6b1aa5d5f5,-7.7525,110.3725,0,18
cc2a285c-285c-65f5-0f31-c5a85a3bca9a,-7.7525,110.3725,0,3
cc2b96ac-96ac-ad93-cbd0-d822ba344e80,-7.7575,110.3925,0,8
cc4b095c-6209-4121-8e8a-732f1941bec9,-7.7525,110.3475,0,2
cc52a9e4-85d5-4834-8afb-983758b8f605,-7.7675,110.4025,0,26
cc54b16a-2989-4a73-bfc2-a3dbd0bca809,-7.7575,110.4025,0,7
cc70751c-751c-8e16-a78f-241a69bffa24,-7.7575,110.3825,0,2
cc80a5e7-a5e7-1e98-137d-4de47af0c07d,-7.7575,110.3975,0,14
cc833b72-3b72-f7d9-93e8-639c6adda521,-7.7625,110.4125,0,16
cc880bf1-8b90-4209-8280-2e96059709d2,-7.7625,110.4125,0,21
cc8b41c4-41c4-aca2-fddf-6d443dd0d3ad,-7.7625,110.3925,0,34
cc9463cb-63cb-4c27-0df9-6b5cdff2f49d,-7.7425,110.3625,0,132
cc9b28f0-28f0-89f4-ae9e-60654b54ea13,-7.7625,110.4325,0,2
cca30624-c437-4794-9a85-e73195be55ed,-7.7575,110.3875,0,4
ccaf4bb0-5727-427c-bacf-a69798c4854a,-7.7625,110.3875,0,45
ccd87ea2-7ea2-edc9-b841-9e826f18d47a,-7.7625,110.4125,0,2
ccf3c13d-c13d-290c-792e-5111b47dd036,-7.7525,110.3825,0,9
cd0ff74f-107a-4f1b-80ee-c1a83656fff7,-7.7625,110.3975,0,43
cd131096-1096-6133-9c64-5844edf0b53d,-7.7575,110.4025,0,7
cd20ef9f-5f43-4c26-a053-4b42fa41e099,-7.7525,110.3825,0,16
cd223441-3441-1202-ba04-8af89604bce8,-7.7525,110.3725,0,3
cd4b1aea-895e-4fa8-813a-bd6eb0c8d7a2,-7.7625,110.4075,0,221
cd54777a-9ff5-463e-b529-d743943f016e,-7.7625,110.3925,0,8
cd58206c-206c-a8d0-126e-47409f9b2be1,-7.7575,110.3825,0,12
cd617cff-50be-4279-92a6-8c7dbd37431d,-7.7625,110.3975,0,36
cd67d21b-d21b-53ed-7f83-23117ad3caac,-7.7575,110.3925,0,29
cd6b9c9e-9c9e-00af-3641-f70f63f5d9e3,-7.7425,110.3975,0,38
cd6ca03f-877f-4541-9c12-906583571c5a,-7.7525,110.3725,0,62
cd858b74-8b74-b288-7f02-e1d0f9357c38,-7.7625,110.4125,0,36
cd9a13b6-13b6-67fa-63eb-70258e5043c2,-7.7525,110.3825,0,2
cda224f7-24f7-886a-2c8f-e42415b47562,-7.7625,110.4325,0,17
cdb7392b-392b-dfdc-4160-beb5ddcc3f25,-7.7525,110.3725,0,6
cdc5a4ff-a4ff-2e61-4470-42250dc0edeb,-7.7575,110.3925,0,5
cdc7c92e-c92e-e8fe-01ca-d80b9741b687,-7.7575,110.3975,0,9
cdd18c78-8c78-db10-c699-9c82766ec261,-7.7575,110.3975,0,7
cdd2fa7b-e708-403d-8314-b866a7a6d8a7,-7.7525,110.4225,0,101
ce00a80f-0a91-4a48-888f-9bca658646da,-7.7475,110.3875,0,13
ce169ea5-79b7-4751-8b94-2987d5d8a469,-7.7625,110.4125,0,2
ce4aa2ae-a2ae-be88-a9a6-f50d47bdc92c,-7.7625,110.4125,0,9
ce4aa2b3-a2b3-bddf-dcda-d03096f23098,-7.7625,110.3925,0,6
ce5229db-29db-2a1b-bb45-732f87eca5a1,-7.7575,110.3925,0,22
ce66201c-6bd4-4460-b321-39d57d23694e,-7.7425,110.3475,0,6
ce66646a-f3fe-4120-8476-b24dc1f9fbe4,-7.7525,110.4325,0,14
ce88ce48-d4d6-44a5-8325-7cc9fe16ec58,-7.7475,110.3875,0,16
cea39687-9687-58b5-153b-a275e0be7096,-7.7625,110.4075,0,7
cea48283-4fe9-47bb-bb3d-d2f019f145d8,-7.7475,110.3725,0,89
cea774fb-006a-41d9-b87d-413de2557bbe,-7.7425,110.3625,0,3
ceba9e7f-9e7f-213d-6e48-ea2863803dad,-7.7625,110.3975,0,16
cec96b43-6b43-8d88-f132-b79f815729dc,-7.7475,110.3625,0,3
ced39f57-86e9-40be-9e2c-86b104b98412,-7.7525,110.3625,0,4
ced7ae4d-ae4d-879a-08ab-2f74c6a41faf,-7.7575,110.3975,0,27
cedee30a-e30a-e4c4-7315-ac757037eb90,-7.7625,110.4125,0,20
cef21f90-e839-40c5-997e-c7312bda315c,-7.7625,110.4275,0,1
cf251517-1517-440f-7982-49bdaf96d584,-7.7425,110.3975,0,25
cf2b218e-218e-0d6a-e799-04ffb3925da2,-7.7625,110.3625,0,15
cf35839f-38cf-47ff-b50c-94cc4be7615e,-7.7625,110.3925,0,7
cf3ae0fb-b688-4a16-b4b0-365ee4a8c91d,-7.7575,110.3975,0,6
cf3d06f5-48bd-4fdd-a9e4-a0bc0fe0ecff,-7.7525,110.3625,0,36
cf3e3ff7-df49-4ea5-acb4-2e25b6d7c540,-7.7675,110.4325,0,2
cf4ca265-a265-3d35-bec1-adac2b23dcc1,-7.7575,110.3825,0,10
cf51fb71-7dba-4628-beec-586381bdfe37,-7.7425,110.3475,0,4
cf5cc792-7385-420d-ad73-f49edb3541d4,-7.7575,110.4025,0,2
cf5fc861-c861-1844-ae4b-1281112d5ecc,-7.7625,110.3925,0,2
cf9cbf15-588f-45eb-8694-6921c3e9337f,-7.7625,110.3925,0,11
cf9e2988-f2ac-4721-89ec-596df92b4785,-7.7625,110.3625,0,5
cf9e49df-ddbb-43fb-b3d2-8897577b70bf,-7.7625,110.3675,0,84
cfa421d9-21d9-6ac1-9a20-05add59e02d6,-7.7525,110.3725,0,3
cfaa6ce7-6ce7-2d7f-e325-78fc241bb283,-7.7525,110.3825,0,18
cfb21998-1998-f348-cde2-d6abe0dd36c7,-7.7575,110.3825,0,18
cfbf4b82-491a-4080-a55d-0fdf91914042,-7.7475,110.3675,0,177
cfc903f4-03f4-36b4-c8f2-afdb975e52f0,-7.7575,110.3975,0,4
cfc9846f-846f-3d4b-eaf2-ed9c3713ad8a,-7.7625,110.4125,0,1
cfcb2613-2613-9aa1-6055-cf1fbc5faf1d,-7.7525,110.4075,0,124
cfe7557d-84b0-4342-a1c0-8c1bc9e9596d,-7.7625,110.3925,0,4
cfebde90-9525-4dea-b0f3-4a06925d16b9,-7.7575,110.3975,0,40
d0256a75-6a75-6746-31e5-894c6b5c7ab8,-7.7425,110.3625,0,2
d02c3d85-3d85-1b0c-b0e4-0f274f84e1cd,-7.7425,110.3625,0,72
d03dde22-b4f0-4536-bec9-c7fc6bb3f504,-7.7625,110.3975,0,32
d0405128-b7a7-4740-aa7a-8279aeb84448,-7.7525,110.3725,0,2
d0461500-803d-4c07-b15f-d65c062288bd,-7.7475,110.3575,0,2
d0464f08-4f08-9fcd-9e01-de9598a1396d,-7.7625,110.3825,0,1132
d050f4ee-f4ee-414d-d581-875b8517ffe2,-7.7575,110.3975,0,2
d0550999-6b27-43cb-98f5-8c4df41d2e17,-7.7475,110.3675,0,27
d05a02ad-dcf5-47a9-baf4-4b4c3d67aff9,-7.7575,110.3975,0,13
d05f009d-009d-a44b-df42-a59d5d27bc80,-7.7575,110.3975,0,2
d06e8456-cb29-4373-a0f6-5264d26e2b0b,-7.7425,110.4025,0,11
d06ff134-a0b8-4e99-a932-7bf37f53409d,-7.7575,110.4025,0,28
d0861fad-1fad-cbcc-3dbf-a45c83017060,-7.7575,110.3925,0,1
d08a325a-c272-4746-9899-1b135e0819b6,-7.7525,110.3725,0,3
d0a4f633-cef5-4d28-a157-de3cf2f4ea95,-7.7575,110.3925,0,6
d0a95302-5302-ed5d-355d-f207c6aa3464,-7.7625,110.4075,0,622
d0af6b58-6b58-d463-edea-ccf7b7b57fa2,-7.7525,110.3725,0,4
d0c77d90-20af-4e56-908c-60b1003aa945,-7.7525,110.4175,0,44
d0cd0d8e-bf49-43b3-ab13-8d50a019fc7a,-7.7475,110.3625,0,3
d0d00636-0636-ba2e-84c7-4036685422fa,-7.7625,110.3625,0,32
d0fea7e4-a7e4-c674-8da1-7c44bc74728d,-7.7675,110.4125,0,7
d0fec4c9-f501-4c1a-a4cf-4212ff220487,-7.7675,110.4325,0,11
d0ff2eae-2eae-c226-b5f6-deeacfbb2eeb,-7.7625,110.3975,0,11
d101b5e8-ffbd-41e1-a12b-aac8424174ff,-7.7575,110.3425,0,6
d1039193-9193-a8c2-33ef-f850332e47e0,-7.7425,110.3525,0,15
d12cb262-eb23-4a1e-a2d3-1f4ef281dda8,-7.7625,110.3925,0,46
d147b4e7-b4e7-1ff5-00cd-fafb64ed278c,-7.7525,110.3725,0,3
d14da13a-a13a-6c99-8d97-32ce37684e02,-7.7525,110.3725,0,37
d15d8a13-443f-424e-8945-1e00a955d55a,-7.7625,110.3775,0,3
d16a667c-667c-a6fe-cd05-f1ccba1f568a,-7.7625,110.3625,0,58
d181f0de-7aba-4161-a44c-080e7c5c05b0,-7.7675,110.4325,0,2
d1940e8a-7528-495f-868d-f31a632fbd1e,-7.7525,110.3875,0,17
d19a72d6-0802-4501-a8b3-b20d2e4a11f0,-7.7625,110.4125,0,5
d19eb0af-b0af-95f6-c84c-364a53b121c7,-7.7475,110.3625,0,4
d1abd758-702b-43d4-9418-e960dfc0506e,-7.7625,110.3925,0,15
d1b221fe-247f-4a22-80b8-b88bd2ffe318,-7.7525,110.3975,0,77
d1b3aac5-783f-4a7e-a436-87157b5e5cc1,-7.7675,110.3725,0,15
d1cf83f6-d37a-4e7b-85e3-2833dd6b8042,-7.7625,110.3975,0,34
d1d7c810-bbd9-4dd7-b80c-dc320bf1b286,-7.7575,110.3875,0,2
d1e0e48d-ff81-45cd-107a-d16b45153aaf,-7.7525,110.3975,0,6
d1ed8274-8274-d8fe-677c-bf8ead5ec8d6,-7.7575,110.3825,0,14
d1f51f84-1f84-1709-5244-205f6537aadb,-7.7575,110.3975,0,17
d1f9b428-b428-46ad-5f24-5459ec587c63,-7.7525,110.3775,0,2
d21648e3-6ac7-411b-88dc-deaa09447be6,-7.7575,110.3975,0,2
d230689f-689f-cfaf-4d9f-dfee63915915,-7.7475,110.4025,0,75
d246ed93-ed93-5053-0c52-540dd17512c5,-7.7575,110.4025,0,64
d25302cc-e644-4a11-995f-dc7b880aec53,-7.7625,110.3475,0,99
d25b43d5-f496-4cd5-b034-5cf5c46ff41e,-7.7525,110.3725,0,11
d260bcac-bcac-38e6-a9fc-0afd7c1ec4bc,-7.7575,110.4025,0,27
d27252d3-078c-473a-8841-95c59bef508f,-7.7625,110.4225,0,4
d27b2d10-f2dd-4a1b-99fa-10c15882263a,-7.7575,110.3975,0,12
d289e8be-d777-4dfc-aee3-f85a465185f8,-7.7525,110.3725,0,68
d28b1301-1f3f-456e-883a-3b8620ba40e6,-7.7575,110.3975,0,11
d29019ba-e9c3-4c4d-9216-28f2e0ffa34a,-7.7525,110.3675,0,7
d296ff28-ff28-643a-8d8c-c8d15fada024,-7.7575,110.3975,0,2
d29c4961-258c-408f-b9bc-ddeff91776d1,-7.7525,110.3825,0,7
d2b0d2f8-bc6b-40a7-a164-0a0e266ddeb1,-7.7475,110.3625,0,3
d2cc4990-0c48-4b60-242a-c895a3a037cf,-7.7675,110.3775,0,8
d2e227d3-1d7f-4cab-22cf-0f3f839e7e8a,-7.7625,110.4125,0,17
d2f27764-7764-4855-0dcc-f3bd0c1f18b7,-7.7625,110.4125,0,6
d308d279-206a-4293-865a-d1763525f1ea,-7.7575,110.3625,0,40
d31e5401-e32b-4972-905c-7f2e26dd5019,-7.7525,110.3725,0,11
d3219c2c-ceec-4be2-a39f-be9b64ed6714,-7.7425,110.3975,0,20
d3280138-0138-40a3-b43a-371d612ccd9f,-7.7525,110.4225,0,12
d3552989-bd6a-4bd1-bc78-82b4dc6c93aa,-7.7575,110.3975,0,5
d35ce8e0-e8e0-520c-a126-ee8e9d867ec1,-7.7575,110.3975,0,4
d362242d-242d-899e-6925-196c77487548,-7.7475,110.3575,0,5
d362834d-5449-4a70-b773-70b114b66c4c,-7.7525,110.3725,0,6
d36bb856-5137-459b-87cd-78101d8b3ceb,-7.7625,110.3675,0,3
d391c340-1ff0-4388-87df-c330c7a8229e,-7.7525,110.3725,0,11
d3943650-3650-d69d-57c5-666f55cfe6f9,-7.7575,110.3625,0,1
d3a0688c-688c-eee3-d654-4658dd2e683b,-7.7525,110.3725,0,3
d3a93d1b-e9cf-42b5-b648-131eca65e76b,-7.7625,110.3675,0,6
d3abc1f4-0f05-4930-bddf-2d60ad0af4b5,-7.7675,110.4025,0,11
d3b0fbb7-756c-465c-8dfc-140c9e955901,-7.7575,110.3975,0,69
d3bba441-a441-ff33-e0fa-64ad35007394,-7.7525,110.3775,0,2
d3e4e1d9-3760-4fdd-b7f1-6b4fc65aad4d,-7.7475,110.3625,0,18
d3eb0f90-002b-4ab0-ace7-d4b61110ee70,-7.7575,110.3825,0,10
d3ee5ab0-5ab0-0f5b-8005-5e584a894d91,-7.7575,110.3975,0,22
d4002873-2873-3f9f-02c1-2f6961c37adb,-7.7475,110.4125,0,5
d40de3ef-e3ef-8d3c-a656-bcf77e764a0e,-7.7525,110.3725,0,4
d40f74d2-74d2-5ae8-d7a9-eed05623f890,-7.7625,110.4125,0,60
d418a77a-a77a-1c29-f85b-34d984cc421a,-7.7625,110.3825,0,11
d424059d-059d-ca6f-72c8-78505effbb00,-7.7525,110.3625,0,10
d42b9c68-53a7-4424-8fb7-344fcf122fb3,-7.7475,110.3625,0,4
d43956c3-3cc1-4887-9428-3ac6f3fd3013,-7.7525,110.3725,0,9
d4484259-4259-5c1c-d24e-c761aee812d1,-7.7525,110.3725,0,10
d451ea49-eae9-4dd6-864c-a11a5872c0d2,-7.7625,110.3775,0,14
d45a209e-209e-795d-497d-9f137afb440a,-7.7575,110.4125,0,58
d46beeca-eeca-08c0-5ab1-0ed2a513b84b,-7.7575,110.3925,0,8
d46c6ef7-ec7c-4ba8-8d45-aca5fe5bff15,-7.7625,110.3875,0,21
d47b84a3-5435-4de3-b1e4-ff88b2da1b72,-7.7475,110.4175,0,9
d47fb6e1-b6e1-c652-f3d2-2458632f050a,-7.7625,110.4325,0,258
d48eed15-ed15-b60e-d48b-1d2850442a6b,-7.7475,110.3625,0,46
d4a537e3-b6db-4d71-ae69-2d81afe5729f,-7.7675,110.4075,0,12
d4ad1428-7330-4c77-a347-8bbafef9b0f4,-7.7525,110.3725,0,6
d4c925e2-25e2-d855-b54b-dbf54ffff0da,-7.7625,110.4125,0,3
d4e2fcda-4d9e-4960-964d-33c6c6dba0eb,-7.7575,110.3975,0,26
d4e4c42e-9385-4966-a418-b55721360ac7,-7.7625,110.4125,0,4
d4ef1748-1748-7f94-b041-4b6e35e0d084,-7.7525,110.3725,0,1
d5057954-abf3-4e5d-a43f-790c37722995,-7.7575,110.4025,0,4
d50b374e-5f64-4460-8323-d769c97381de,-7.7625,110.3625,0,22
d50bb459-b991-4e49-b0f5-2bf360dbd0ba,-7.7625,110.3675,0,25
d519e171-dbd7-4531-97b5-1caa6b0853fb,-7.7575,110.3975,0,40
d51ebe5c-c349-4b04-a8a0-2139ff49fa0b,-7.7575,110.3975,0,4
d5312e47-d778-4bd5-b7ba-2e98a0a2afe4,-7.7575,110.3975,0,5
d5316033-cd4d-4789-be89-7d045b566b2c,-7.7525,110.3625,0,19
d536094a-094a-9d16-83a9-b31924b0c4fc,-7.7575,110.3825,0,5
d5451f9c-1f9c-7304-50d1-4c1433f6507a,-7.7625,110.4125,0,22
d558a1dc-1afd-44ad-2cb0-e2bb60f7ec9a,-7.7425,110.3625,0,46
d5644d33-4d33-8e93-fb74-cdb06eb0aad4,-7.7675,110.3775,0,17
d585c264-5cc7-4dde-913a-2deb061710fc,-7.7525,110.3825,0,6
d586c460-cb1b-4c3c-aabf-b4e702b46b15,-7.7625,110.3775,0,10
d59a3479-5854-4fc2-2ef6-bc31f3d1f819,-7.7575,110.3975,0,8
d59d8403-9943-47de-b570-bdd803e0e169,-7.7675,110.4175,0,13
d5b74e18-4e18-7e2e-5bea-6b49d6cbfb8a,-7.7575,110.3475,0,2
d5b8efce-e3e2-4cd7-b1ce-da5e02fb4cbe,-7.7625,110.3675,0,9
d5c8b4bb-b4bb-dc56-040a-4e6d7ad71e58,-7.7625,110.3675,0,12
d5ce809f-809f-d460-219e-c57a1f03ab93,-7.7525,110.4175,0,22
d5e6ca34-e3b0-41f4-ae17-f414fe53b11b,-7.7675,110.3825,0,8
d5f6038f-34c7-4712-a6c7-661140a70d3f,-7.7625,110.4125,0,23
d6067318-833d-4e36-88f4-7f09155aa362,-7.7625,110.3925,0,22
d61a2ef2-3ed0-4f45-b380-bd463cbb8132,-7.7625,110.4125,0,2
d62ec8c8-c8c8-5362-6dc6-202e75252124,-7.7475,110.3575,0,13
d64213d7-b2ed-4502-b6bc-aae6737491fa,-7.7625,110.4125,0,2
d64dd405-d405-0438-e411-caf2db9c6ccb,-7.7625,110.3625,0,14
d660eedb-3605-4cf0-a23b-68bdd1fdf507,-7.7475,110.3625,0,3
d6951a79-3fd3-42d5-b8f0-bf09f94aea27,-7.7475,110.3725,0,1
d6969917-5ce7-4d73-b6be-6d8f9b747829,-7.7525,110.3525,0,40
d6a95315-b0ec-4b55-a1da-dfb095a1a784,-7.7625,110.4125,0,2
d6aff3cc-f3cc-dee7-87ee-eb4f6ad77f2f,-7.7525,110.3775,0,4
d6b6c37e-2ce8-451e-956a-16e6bca7a701,-7.7525,110.3725,0,18
d6bf981f-1bb9-4d2c-abcc-d4690f20427b,-7.7575,110.3875,0,22
d6ecca29-071d-4bf7-b319-9dc8f2b071c9,-7.7475,110.3875,0,16
d7157ba6-0f73-47c1-8fdf-a833c81299d2,-7.7575,110.3975,0,6
d75868a7-9d68-41a1-9f98-9f1618f513f7,-7.7525,110.3875,0,13
d77147c1-5b8b-4f2f-b18d-3fbdeb5c6bb0,-7.7625,110.4125,0,156
d798816d-816d-af36-0048-5cec23a8f67a,-7.7525,110.3825,0,27
d799a972-a972-199d-7f6b-0aff89e0d6f4,-7.7575,110.4025,0,21
d79e0279-8e56-4c9e-b723-e124cc5c13d9,-7.7475,110.3575,0,1
d7a2b829-b829-0b7e-ff91-0bdac5911c10,-7.7575,110.4025,0,31
d7e33b6c-3b6c-bc7f-fd2b-f7c82e85abd8,-7.7575,110.3925,0,7
d7ee2f0e-2f0e-be5d-eb24-5f31719f1113,-7.7625,110.4125,0,6
d7f1344b-6988-4900-835c-5d6da762c701,-7.7525,110.3675,0,8
d7f4ca55-ca55-16a2-45e6-679afd28881c,-7.7675,110.4325,0,13
d80830f7-80c6-4f6e-af0d-b8fbfa42dd5e,-7.7675,110.4325,0,17
d80a8a43-1dcd-45ef-9603-4cb6c81c7d4c,-7.7625,110.4125,0,3
d81522f3-22f3-7f8b-68e8-b350936012f1,-7.7625,110.3975,0,6
d81a9307-9307-f7cb-32b7-9be3861d41cf,-7.7675,110.3925,0,1
d81baef5-1ce6-438f-a9c7-bbd7eda7a09e,-7.7475,110.3875,0,3
d81edc15-943d-4101-abf1-09558be82d82,-7.7575,110.3825,0,3
d830f91f-f91f-1e20-a189-caa1646c08a5,-7.7625,110.3625,0,4
d83c1e53-1e53-020b-39fa-9f559dfbbed5,-7.7625,110.3625,0,13
d84c6975-6975-018e-1e54-95509e5ddaaa,-7.7475,110.3525,0,2
d85ca832-a832-6407-f660-c8990f4b3384,-7.7525,110.3775,0,2
d86d10b6-10b6-4bb5-18f2-f7223c65e7f3,-7.7475,110.4225,0,118
d87000c1-de0f-4d35-b415-d7394ef5a430,-7.7575,110.3975,0,7
d8705f35-5f35-5a2a-cbe3-748164f75150,-7.7575,110.3875,0,6
d87cb068-eb40-4b16-a255-b1a2398189ad,-7.7575,110.3925,0,69
d88fdcc5-dcc5-9fa0-21f3-c3d8a4739c7b,-7.7575,110.3825,0,14
d89838ad-38ad-f6ee-c40d-999393d207dc,-7.7625,110.4325,0,3
d8a0fde7-b0cc-47ef-a8e8-18b813e522b7,-7.7575,110.3925,0,5
d8a86f31-6f31-2370-01d0-aeba91c0c9f4,-7.7525,110.3725,0,5
d8ab5bad-5881-4a23-a34e-7c79ccadabfa,-7.7675,110.3725,0,5
d8c73a60-875e-4f66-a62f-1b30627b3490,-7.7525,110.3625,0,24
d8d7b391-1e69-410b-a69c-4894afdfb18f,-7.7575,110.3975,0,8
d8e89a8d-9a8d-b35c-2758-bda3ff9a17fb,-7.7575,110.3975,0,26
d8e8c5d1-f5f4-4129-9555-8680aae03a87,-7.7575,110.3925,0,3
d8ef9c9a-faf4-4520-83c2-c8250073ddc3,-7.7625,110.4175,0,2
d8f04ddc-4ddc-4995-3041-161ff7af5500,-7.7575,110.3675,0,4
d90a80a8-4e05-4781-a247-842bb403bc44,-7.7525,110.3725,0,9
d910f857-1447-4082-aaa9-12d0134cc826,-7.7625,110.4125,0,2
d9129e7f-2439-40a3-8eed-a038e2eb2fb3,-7.7525,110.3575,0,8
d91c0859-aab3-48b6-9e96-e7d423285e33,-7.7525,110.3825,0,72
d92c6de5-6de5-90cf-f553-03ce3015257d,-7.7525,110.3775,0,8
d93cf2e2-f2e2-7482-8094-51a0d70f95bc,-7.7525,110.3725,0,5
d93d8db7-8db7-2308-c9b8-05a5018649f0,-7.7475,110.4175,0,204
d94f18aa-18aa-2c98-5bb3-05e18b097d0c,-7.7575,110.3975,0,4
d952e765-d55b-4c3e-8d14-19b869507c51,-7.7625,110.3975,0,12
d9555894-c64e-4ef9-bf80-dfb9c5f6d785,-7.7625,110.4125,0,2
d9688776-cb59-4103-88bf-cb87cc6f9854,-7.7575,110.3925,0,11
d973bac9-88fa-4268-8129-4a9b7dabdc82,-7.7625,110.3825,0,22
d977b176-10f5-40c8-9251-262148d68384,-7.7675,110.3775,0,22
d982caa3-caa3-00e8-30d1-32ce6e3ef831,-7.7525,110.3725,0,1
d9960afb-9f68-485a-aa93-db9b0066087f,-7.7475,110.4175,0,10
d99cb623-88ae-46f6-98d2-bec99afcdc06,-7.7575,110.3875,0,51
d9acc33b-ac8a-4621-80d8-11831217c3e6,-7.7625,110.3875,0,114
d9c41975-bc03-465c-9207-3cce4f296f03,-7.7625,110.4125,0,15
d9c88268-0e0e-49b9-b6c5-c765436f75a5,-7.7425,110.3475,0,5
d9e3ddd0-d33b-4097-82eb-445dbff9acfd,-7.7575,110.3925,0,537
d9f90568-bfda-4d3d-b7f4-0c29259f2dd9,-7.7625,110.3975,0,52
d9fe4abd-4abd-c61d-f56a-8fd9dec06dc5,-7.7525,110.3725,0,17
da003ef1-3ef1-d57e-c11c-32e9501d5158,-7.7625,110.3925,0,11
da0a220a-220a-2000-b3da-2359eb37a471,-7.7575,110.3925,0,4
da0f7994-855a-4b80-8dc1-edd9f963299b,-7.7475,110.3725,0,90
da187df9-e955-477b-8ba9-3388a97cee1e,-7.7425,110.3525,0,9
da19fb0e-bb04-4078-9e8e-d9e7c0477705,-7.7425,110.3475,0,1
da2c0a01-0a01-0a66-9371-dbb957b041fd,-7.7475,110.3875,0,23
da317910-7910-2e4e-0cfb-4c8a28d61565,-7.7475,110.3875,0,5
da5b1f8d-1122-4ce4-99ba-0e7a20c0da99,-7.7425,110.3725,0,6
da5e5295-753b-4816-b8f5-1d913f00297a,-7.7625,110.3825,0,27
da65c38b-a42d-4034-9cfa-dc29c830563a,-7.7575,110.3975,0,1
da709fea-9fea-37b8-9737-f329a3810606,-7.7575,110.3625,0,57
da7d732c-eff5-426a-8751-bb96f7a18f6d,-7.7625,110.3725,0,4
da82c2b9-c2b9-35be-dc36-7e6986841633,-7.7475,110.3625,0,104
da8a14a2-3e90-4925-8bd8-c0c15dc1d4ef,-7.7625,110.4125,0,9
da990304-691b-4157-9534-40b11bc6e586,-7.7525,110.3725,0,3
daae1722-0eea-4cab-93ac-8063835b639b,-7.7675,110.4125,0,21
dab27f56-26e7-4fbb-8180-24f9c7cce400,-7.7575,110.3975,0,18
dab3145f-145f-1d3a-40ff-b5e02bef9cd5,-7.7625,110.4125,0,3
dab9ea92-ea92-bad6-c94e-525b94b14528,-7.7625,110.4175,0,6
dabea6e8-a6e8-7226-85d3-8c6612cc1419,-7.7625,110.3975,0,10
dade9241-3146-4a47-159e-903da7cd329b,-7.7625,110.3625,0,15
dae8a42d-99cb-4283-b9fb-d2d341ea3885,-7.7675,110.4125,0,5
daee1c4a-1c4a-8d17-1c9f-3c1cafda19ec,-7.7525,110.3625,0,20
dafe9fdd-4056-4759-99ad-823e8c35f37a,-7.7575,110.3875,0,6
db007d83-962d-409a-9856-75c37b2e731f,-7.7625,110.3975,0,12
db011e5a-9865-4547-aa43-4ee1f74886b4,-7.7575,110.3975,0,5
db0930f9-a5f1-46de-b9a4-67f6caf77c83,-7.7625,110.3625,0,50
db0c9d04-1ebf-4057-9f23-a98449dbbe12,-7.7425,110.3475,0,3
db13a73c-3720-4796-8c6b-2607bef0bc38,-7.7525,110.3725,0,3
db191346-c574-4c05-a1e1-c3390c12ddb1,-7.7475,110.3525,0,404
db1fa33b-bfed-47a3-a8b1-bcc7bff101cd,-7.7475,110.3575,0,14
db387f43-50e7-4bd0-9568-984acdcd4b5f,-7.7575,110.3975,0,16
db3b936c-936c-739f-55a1-d0d250c45d94,-7.7525,110.3625,0,67
db5bc057-c057-75d1-49e6-4a196def0e5b,-7.7575,110.3975,0,2
db6f09c2-2548-4664-afc2-8ce94e204916,-7.7525,110.3625,0,2
db9c9008-7bad-4ea4-bc42-92629e408905,-7.7475,110.3625,0,11
dba65bf7-dae7-409f-9b6d-83416c738088,-7.7675,110.3625,0,2
dbad12ff-df3d-4b74-b005-bf46c75efb5d,-7.7625,110.3775,0,3
dbaf6da7-6da7-2c97-cb1d-4d2c4ec32b1b,-7.7525,110.3625,0,59
dbb11082-9c17-4604-89d1-715a665579bc,-7.7575,110.4025,0,3
dbc1994d-994d-d2cc-c147-b5258789b775,-7.7575,110.3975,0,6
dbcfbdd2-a951-4ffd-99fa-5e58f5e560ed,-7.7625,110.3625,0,17
dbdf19a2-c249-4e02-9cd2-838f3f328262,-7.7525,110.3625,0,32
dbe291d6-91d6-7f56-bcd7-fbaa47e3cfa0,-7.7625,110.4125,0,37
dbf8f9f1-6b7a-47cd-b3dc-03325fab6a0d,-7.7525,110.3625,0,96
dbfefbe6-020d-4bc5-8e4d-3b59585ef190,-7.7475,110.3725,0,8
dc07d05e-427e-41f5-88c9-0b6c9d1442b3,-7.7675,110.3775,0,8
dc0dac3a-2739-4e62-8f82-28d0961109c4,-7.7625,110.3675,0,7
dc107341-bbd6-4155-88da-653e1674b159,-7.7475,110.4175,0,838
dc111251-713e-4079-aa11-8abc20e74d28,-7.7475,110.4025,0,520
dc279b1d-1dd2-4041-8234-d232f3693946,-7.7575,110.3975,0,6
dc295fbc-3566-4da9-a4e5-61654575cbe0,-7.7575,110.3975,0,18
dc317732-2945-415f-8f44-e2ee8e0c5323,-7.7675,110.4125,0,90
dc3ec48b-c48b-1492-9202-1caa6e29e97f,-7.7425,110.3525,0,8
dc3f8148-3497-44dc-bf70-e6b44b30aa22,-7.7575,110.3975,0,8
dc3fd87f-ad58-468a-99b2-61bf5b7801cf,-7.7525,110.3725,0,6
dc44d0a9-6d00-4d5c-9a97-f9a9974ba1f9,-7.7575,110.3925,0,64
dc4e82ab-1dfc-468b-93b3-796e6ecbcb8d,-7.7425,110.3725,0,15
dc5514e2-14e2-fcc9-b621-be951e983a10,-7.7525,110.3625,0,13
dc8a7e77-7e77-16be-a201-85cd9da27ee1,-7.7575,110.4125,0,143
dc8cfac7-9fca-43c6-9c0c-c54e8ad773fc,-7.7575,110.3825,0,16
dca1a2f3-ef06-4e5e-b0bb-a656c24b09f2,-7.7525,110.3825,0,2
dca53ed0-83af-43a5-a5f2-b6f190c9a35b,-7.7575,110.4075,0,26
dcb555ce-9adb-480c-b266-07bef11dbe14,-7.7575,110.3975,0,5
dccdc92b-887e-40de-be8b-080d8d1d33c8,-7.7625,110.3675,0,40
dce4d77c-9ed4-49e3-b68c-fed4db6ff485,-7.7575,110.3975,0,35
dcf22f2a-b065-473e-2a6c-f0b438d2c9e1,-7.7625,110.3825,0,7
dd141f2a-156a-48cf-8b59-4c0141c69543,-7.7625,110.3975,0,30
dd2634a4-f457-4be7-bd43-c0f17dcbc87a,-7.7625,110.4125,0,7
dd30bc6c-bc6c-7bd7-e03f-10bec3241b35,-7.7525,110.3825,0,10
dd346240-0f7c-4b52-a9a2-c2ad5e778848,-7.7575,110.3975,0,14
dd593bd1-b0c1-46aa-1dd8-c69a5976d40a,-7.7625,110.4125,0,48
dd636fcd-f225-4474-bedc-97528d7e045b,-7.7675,110.3675,0,92
dd6c9e66-9e66-5332-1167-845920c37b2e,-7.7675,110.4225,0,81
dd7680aa-80aa-4834-e053-e7d131b26883,-7.7525,110.3725,0,101
dda4d7f6-d7f6-7d9e-9b2e-da21bd00b031,-7.7675,110.4325,0,3
dda5812a-772f-42db-82fa-1a41883a7298,-7.7525,110.3725,0,3
ddcde2e5-e2e5-d645-6ba0-958ffd0b281b,-7.7575,110.3825,0,4
ddd637fa-6842-4d4c-95a1-97a11aeadef8,-7.7625,110.3775,0,10
dddf8d04-8d04-39ec-be9d-5861701f5038,-7.7625,110.4125,0,2
dde1d8a4-d8a4-513f-bad5-bf718275abe0,-7.7475,110.3625,0,28
dde3ba71-ba71-b711-facc-398a5aecc25f,-7.7625,110.3625,0,12
de0e1f61-1f61-a479-5e9b-788b3ca73a88,-7.7525,110.3825,0,16
de14929b-3017-41c2-90a2-10c69127578e,-7.7475,110.3875,0,90
de166e30-6e30-3e74-367d-223fb82186e9,-7.7625,110.4125,0,25
de34811c-811c-5f34-5b71-a3604c732160,-7.7575,110.4075,0,4
de3df298-6b60-4302-8281-b3e0b4c32967,-7.7575,110.3975,0,4
de503790-e83b-410c-afa8-e8918470dc47,-7.7475,110.4175,0,9
de5a1a14-1a14-0f1a-7b25-a9d40cffe70b,-7.7625,110.3925,0,6
de63dc0c-d76d-4ec4-b41a-06a0c4c0310d,-7.7675,110.3625,0,2
de66387b-387b-7f94-e3c6-85d76913f8f4,-7.7425,110.3425,0,1
de67520b-520b-b45d-8bc6-1de6fce9c283,-7.7525,110.3675,0,1
de81849c-68ff-484c-bf36-e3f28e6a0b3a,-7.7575,110.3825,0,27
de838301-9326-435d-9bc0-dc5228874d5f,-7.7575,110.3825,0,79
de87c3d4-c3d4-37b4-ffae-28d837513f28,-7.7625,110.4225,0,15
deaccaa1-caa1-0bee-a812-14d73f261a75,-7.7575,110.3675,0,2
dee727fb-1fac-41e6-959b-d4ad512a0acf,-7.7625,110.3825,0,29
deec6670-6670-1120-0be8-290383775604,-7.7625,110.3825,0,46
def951f7-2d1f-445a-b085-1966d25d152f,-7.7675,110.3875,0,3
defc864f-3e6a-4b38-bc5b-48d1b54a381c,-7.7575,110.3975,0,17
df0b6fd6-51b5-479f-a019-85245fd7e04f,-7.7525,110.3725,0,5
df105ca9-562e-4967-90f0-7292ca50731d,-7.7625,110.4025,0,42
df310e5a-73ce-4c3b-a614-81ed642bf26e,-7.7575,110.3975,0,15
df3fded0-5b2d-44e7-91c1-c4e784ae587b,-7.7575,110.3925,0,13
df716d3b-de22-4c1c-b5c5-ce64934b62d6,-7.7475,110.3625,0,4
df7786a7-86a7-41eb-37ca-ef1f8345ab79,-7.7425,110.3875,0,20
df7c5101-dba7-4e23-94ac-80119e309d40,-7.7675,110.3625,0,53
df7d5832-f740-4f84-9bd6-ea1237d61deb,-7.7575,110.3875,0,61
df9dd8bf-569c-405c-a9d8-250702748616,-7.7475,110.3625,0,10
dfac8cf8-9839-4b49-b33c-5f207dbd650c,-7.7525,110.3725,0,9
dfeb0e8d-0e8d-5060-979c-8c481bdfc296,-7.7525,110.3725,0,5
e0118058-8058-73e8-da93-71a732462e11,-7.7475,110.3625,0,91
e02fca0a-ca0a-ad8a-3a4d-74063acb2d55,-7.7625,110.4125,0,2
e0350651-0651-691e-d050-d8a0d85c31f6,-7.7575,110.3975,0,7
e03cb430-1a1a-44ef-a5ef-5ff48bb9f108,-7.7625,110.4125,0,2
e03edbe4-c7a8-4c64-bf83-d44060342282,-7.7575,110.3775,0,8
e04de0ac-3348-4ee4-89e0-48550fa91201,-7.7525,110.3625,0,6
e0604c61-4c61-8440-537c-a039bd0f85db,-7.7575,110.3975,0,24
e0695da9-5da9-924c-d615-9e30827c9bd3,-7.7625,110.3675,0,152
e07a50a6-2e1c-45d5-87d7-4954b29b6689,-7.7525,110.3675,0,15
e09ef48f-f48f-503b-5475-061cd74006bc,-7.7475,110.3825,0,11
e0b019da-bdef-476b-b88d-537bac4caa45,-7.7475,110.3575,0,15
e0debb30-bb30-c7f9-a184-826986ec1952,-7.7575,110.3875,0,2
e0eb1c0a-962c-4f4f-aebb-ca052806dfc3,-7.7625,110.4325,0,23
e10fb573-b124-453d-98de-b40b63b7b931,-7.7575,110.3925,0,3
e11dad8b-ad8b-21f9-d666-f71a45ef627c,-7.7575,110.3975,0,31
e12d2e52-1557-4741-986e-64608ffaa72d,-7.7575,110.3975,0,4
e1429dea-9dea-436f-b62d-450e6d967e32,-7.7425,110.3675,0,5
e145df44-df44-d62d-58ea-1c9f066df7f0,-7.7575,110.3975,0,10
e14a7317-7317-8da7-0df3-6a6a11204f3a,-7.7575,110.3975,0,2
e15496c6-96c6-af22-a3b0-6a0085ab0916,-7.7525,110.3675,0,9
e154f4e0-a2dd-428d-bcca-22dde0665521,-7.7475,110.4025,0,27
e184ef75-aa79-421a-811b-2b0350ee2905,-7.7625,110.3725,0,33
e1956aa4-6aa4-e277-d1e7-902aad9617fa,-7.7625,110.3625,0,10
e1a3d67b-d67b-ab4b-29b8-993fde421467,-7.7575,110.3975,0,46
e1b7a36e-3c0a-48d2-bb65-e7fa6925cb12,-7.7575,110.3975,0,15
e1c14bd9-0bbb-45a7-ae11-25074b37b52b,-7.7625,110.3825,0,3
e1d11df5-00cb-4ff7-bce5-a47bba70cc04,-7.7575,110.4125,0,21
e1dcc9e0-c91c-4dc7-a671-ce18e5311add,-7.7475,110.4275,0,12
e1ed0936-dd6a-47ba-1a13-c2e59abea0d4,-7.7525,110.3725,0,4
e20e4ddd-aaee-45df-a26d-0ef8de12fee6,-7.7625,110.3475,0,6
e2139fc6-3aea-4623-9289-6132c4483e48,-7.7625,110.3625,0,11
e22c084b-084b-f7ae-7997-391000ea0b9d,-7.7575,110.3925,0,4
e24c676e-3e17-419c-a52f-02dcffb0a8f3,-7.7575,110.3975,0,16
e25a4cf7-4cf7-4d8a-539e-b1eb770128e1,-7.7575,110.4025,0,4
e2706888-6533-4c9a-9005-6b2343dc5d8a,-7.7575,110.3975,0,6
e28e61fa-5454-42bc-ae47-b89b3645c9e1,-7.7625,110.3625,0,368
e292c1ac-c1ac-6ba2-27c1-7b9ec893113c,-7.7575,110.4075,0,10
e2a37c6f-7c6f-74af-06de-09dd8bef70d3,-7.7675,110.4275,0,2
e2b340d3-349f-4539-9302-6b0f521190ce,-7.7525,110.3725,0,6
e2bfe72d-7e1f-49ef-9da6-1d25ea8873df,-7.7475,110.3575,0,16
e2c411b6-840b-4204-a7f9-5684016b2f42,-7.7525,110.3725,0,3
e2dd5f21-5f21-014e-00ab-9a4fc6eb4bc5,-7.7525,110.3675,0,1
e2e8bedf-3723-4515-b22a-72b4ab06abdb,-7.7625,110.3925,0,9
e2ea7531-601d-4ab9-af43-8293dd19849e,-7.7625,110.3725,0,1
e2f4fe3f-328c-46d7-bf7c-1582f4174072,-7.7625,110.4125,0,5
e2f66c62-eb31-49c9-96b1-2a686a4a5080,-7.7625,110.3625,0,52
e2f85fdb-5fdb-b90f-5cdc-0adc67b38e0b,-7.7575,110.3875,0,7
e340605b-605b-f850-1a04-c1a7297137ff,-7.7575,110.3825,0,160
e34cb933-b933-aa5f-2af5-5ad38c8e86c1,-7.7625,110.4175,0,43
e356e5ae-e5ae-8e02-25e6-74cc97d9ad39,-7.7675,110.3525,0,7
e3635606-4ebd-4ec2-a5fa-9091462fd4e7,-7.7525,110.3875,0,36
e36451bd-8d19-4418-9e1f-d30a60866312,-7.7525,110.3625,0,35
e366a9bd-9944-48a9-1aa9-5b4d5260ae00,-7.7575,110.3925,0,2
e36b8b7e-8b7e-c1ca-77d0-e108a97e1a34,-7.7425,110.3725,0,11
e37d9e51-8014-4a63-a87e-5c17597b6212,-7.7525,110.3675,0,3
e3878f3f-8c30-4709-818c-acd8edf48944,-7.7625,110.3875,0,39
e395b6b7-1c73-4194-adc2-aa09175fe644,-7.7425,110.3675,0,14
e3a3836d-836d-a6f4-5694-0a73c8a94e2e,-7.7575,110.3625,0,2
e3b11964-1964-621f-c813-103f11b986f6,-7.7625,110.3625,0,4
e3b67588-7588-fc6d-b7e2-3c54c2403077,-7.7525,110.3625,0,26
e3f7b65d-6c28-4972-15b6-6e1b4a3188d4,-7.7675,110.4125,0,28
e40d39c3-39c3-5a42-8bf8-a986a64a657e,-7.7625,110.4125,0,4
e40f1648-eea6-4921-a936-8e4489b56492,-7.7575,110.3825,0,7
e41e167e-167e-5f16-a648-9caffebfc5cc,-7.7575,110.3825,0,19
e425a1b6-a1b6-7ab3-6ece-c610797ff388,-7.7525,110.3675,0,12
e425e91a-aea2-4d5e-b255-dd803147fb9a,-7.7425,110.3975,0,12
e4405493-5493-53cb-7d3f-7baa03221b4e,-7.7525,110.3725,0,9
e444fe15-8d77-4e8a-aece-4c043c67fe83,-7.7575,110.3925,0,10
e453faa3-54bc-4c42-879e-db90fd5b2d93,-7.7525,110.3625,0,194
e45ad96f-d96f-b398-1bfa-9c3759b5d2d1,-7.7575,110.4025,0,3
e461a1ec-151e-4077-9750-e88c95569a16,-7.7625,110.3975,0,15
e46b443c-7b1c-4d2b-aacf-649b8d8503dc,-7.7575,110.3925,0,13
e4756463-08af-465e-1308-3664b2e5fc95,-7.7625,110.3925,0,11
e480b37a-b37a-c14b-8569-e27623c35494,-7.7575,110.3975,0,17
e48c3826-3826-d5f2-17af-0663fa2ff54d,-7.7525,110.3625,0,13
e49d8010-8010-b71b-1202-5001ba726fff,-7.7425,110.3525,0,27
e4a05d1a-5d1a-131f-fc4a-d04cce48c2ff,-7.7525,110.3725,0,3
e4abd828-d828-d46d-311b-0daeae8bb78e,-7.7575,110.3975,0,18
e4b287a4-87a4-00c2-ee32-0c9d402d07f5,-7.7625,110.3875,0,7
e4c47e13-7e13-c73b-9ba1-ab95d34f97c9,-7.7575,110.3925,0,9
e4cc5839-691d-4811-869f-21aaccf5371e,-7.7575,110.3975,0,9
e4cd3a58-1ab5-41b8-8748-2f77317b3e32,-7.7575,110.3975,0,82
e4f28cd3-8cd3-14e7-4186-a09f95837470,-7.7425,110.4225,0,88
e4fa9185-9185-7810-8763-d5ef4d8f90ac,-7.7575,110.3975,0,18
e51fe7d7-e7d7-0eba-051c-d8a2b76f1fed,-7.7575,110.4025,0,12
e53bc92e-7a08-4525-8c29-94c5b69b437e,-7.7525,110.3625,0,9
e54415a4-15a4-d0a6-2e37-9d6ce8d2b1f7,-7.7575,110.3875,0,6
e54840fc-0ba7-42e9-b43d-4d91e3f182b7,-7.7525,110.3625,0,34
e55fe5ab-d1db-45f2-8479-0fd8fe4214d7,-7.7575,110.4025,0,46
e56f4c52-3d88-4ebf-8794-29f8a899a57b,-7.7525,110.3825,0,5
e57044b5-44b5-8be4-0921-88a9b1e692a0,-7.7625,110.4325,0,4
e57b5910-5910-bd91-2b2f-128ec98a123f,-7.7625,110.4125,0,4
e58249bd-49bd-e35e-f908-821875dbf619,-7.7525,110.3675,0,3
e5939a23-5424-4585-96cf-114eb5046568,-7.7525,110.4225,0,55
e5a72f93-a8b3-4e24-bb7e-f5426932a8ab,-7.7625,110.3775,0,15
e5b591b1-91b1-337c-1512-60ffda7b6ab5,-7.7475,110.4025,0,12
e5b9e144-e144-9970-5200-1d7528464be6,-7.7675,110.3775,0,3
e5ce71d7-71d7-cf7d-e1e9-ce6a277db85c,-7.7525,110.3725,0,7
e5e6b261-7c88-4944-822a-bad543b95a95,-7.7475,110.3725,0,7
e5f5d36e-d1c3-4626-bfe3-4206789d345f,-7.7525,110.3725,0,5
e5f96494-be89-4666-b1c8-981ccee68bd4,-7.7675,110.3975,0,2
e63a28de-7224-4413-aaab-5a4aaa221065,-7.7475,110.4175,0,21
e6569a05-9a05-dea3-b873-db39b440d32b,-7.7475,110.3625,0,2
e65d87d1-91d3-4a74-b428-e490a18c61b0,-7.7575,110.4025,0,68
e6602f9f-4332-4382-b75e-c126ca8235ef,-7.7675,110.3725,0,816
e6707e33-e86b-4082-af13-733a1fbe09fc,-7.7575,110.3975,0,17
e692c0ae-c0ae-b319-fdc6-917b11e776f1,-7.7625,110.3925,0,16
e6a39203-006d-42a7-b2e2-9068a0fb52c3,-7.7625,110.4175,0,8
e6e87b66-7b66-d88f-3ed6-837cd0c9e5a1,-7.7675,110.3775,0,5
e7129654-9654-0d5c-8ba7-8276ab63a96b,-7.7525,110.3725,0,11
e71bac9f-ac9f-9485-0ab8-28b02ab01214,-7.7575,110.3825,0,3
e7281a59-7a04-488a-a555-4773a7964ab6,-7.7575,110.3825,0,83
e7293640-4d6a-41e2-b8d7-f8fa29275cd8,-7.7575,110.3975,0,22
e73ef891-5004-4341-b4eb-ea15205807b4,-7.7625,110.3775,0,18
e7490b7e-0a91-4ee0-b968-01796feaef06,-7.7525,110.3625,0,51
e751b07a-6a96-4158-9ab4-3200b2c6c2d2,-7.7475,110.3625,0,3
e755d2a5-d2a5-bd4e-9dcb-1c468dacd566,-7.7625,110.3975,0,7
e75a4521-4521-9eac-d476-44b59359e255,-7.7575,110.3975,0,14
e75a860e-5c94-47f1-a34c-be90ad6635b4,-7.7525,110.3725,0,6
e760334b-8c21-4628-bfac-84465cd28b80,-7.7575,110.3975,0,20
e76b9355-9355-71bf-7edb-97b1735e463b,-7.7575,110.3975,0,9
e785f82e-f82e-1893-2ca8-c07cac0e72ee,-7.7575,110.3975,0,21
e787100d-4045-4f29-96a3-d4b4eb85e15c,-7.7575,110.4125,0,516
e78c4d22-8d4a-4090-1365-b233e39b779a,-7.7625,110.4075,0,3
e7a335d3-695e-4633-bf95-635ffe9bcf95,-7.7625,110.4275,0,147
e7d1abd2-e4dc-4ec1-2ab3-4a28971342aa,-7.7575,110.3825,0,744
e8056edf-6edf-9ccc-0152-2644a67f4eb2,-7.7525,110.3725,0,6
e81337b3-37b3-aaa0-b835-76043999decd,-7.7625,110.3825,0,16
e8228cb5-8cb5-6397-74b9-9579c24841e6,-7.7575,110.3925,0,2
e82be78e-e78e-e8f1-1ff9-511866044770,-7.7525,110.3675,0,7
e83b1952-1952-b31e-e6c3-75f2d84cbc39,-7.7625,110.3475,0,5
e83bb3be-6781-4576-831d-c95f9b8c1b70,-7.7625,110.4175,0,31
e849edfd-b5f3-4547-b6a0-dd81cd83fdfe,-7.7675,110.3825,0,20
e84e5a30-902d-4fd4-895f-b110b1240855,-7.7575,110.3975,0,122
e850825c-e090-4b73-ae62-bf3954b08d0b,-7.7575,110.3975,0,3
e853f0f3-f0f3-83b2-4bc9-fb5cc4bd16fe,-7.7525,110.3725,0,8
e86a5d76-adde-4eee-22d1-abeece3e3c0c,-7.7525,110.4075,0,9
e8726932-6932-b09b-6cab-5e475b10197b,-7.7625,110.3725,0,4
e8749cbd-9cbd-b6c0-c618-33d5ffea39f0,-7.7675,110.3775,0,5
e87ffc1c-a8d2-46ef-8899-80fb2c10c2d4,-7.7575,110.3925,0,3
e88024d1-446b-416f-8b09-78c1c6d1067e,-7.7575,110.4025,0,91
e88253ed-c5c7-4690-94e1-0a88081a05a8,-7.7525,110.4225,0,26
e88cd2ad-8a18-42a0-9492-0ebf660580a5,-7.7475,110.3925,0,5
e8a54c2b-5cc7-4edd-8dbe-d438f711c501,-7.7575,110.3825,0,2
e8ad172d-172d-69e7-30a2-aa57dc1a5458,-7.7675,110.4325,0,17
e8bbacf6-b901-4b29-99e8-43cdb32d4d35,-7.7675,110.4275,0,8
e8d4ef62-9609-4cfd-adea-82d7d33c62c3,-7.7525,110.3625,0,34
e8d865ee-5797-49dc-8b28-4aafaa31ab6e,-7.7575,110.3625,0,18
e8db40ae-953b-4351-a36d-550bd3131289,-7.7525,110.3675,0,19
e8e26ffe-7670-498d-befd-61cc0812f471,-7.7675,110.3575,0,8
e907e591-e591-584c-a689-c61e37fd1ec9,-7.7575,110.3875,0,2
e9089d7b-9d7b-8a1a-d53a-5ba75bc548e0,-7.7625,110.4125,0,29
e9237ad1-7ad1-c1b9-3436-908b2dedec86,-7.7625,110.4225,0,3
e92593c7-a47e-426a-8037-2346ea3ef1fc,-7.7475,110.3575,0,3
e927e967-c1f0-427f-8afe-6229ea200525,-7.7525,110.3625,0,73
e92c74fd-9028-46d7-9d1f-556640d6b4c8,-7.7575,110.3975,0,38
e93ba3e6-a3e6-3a31-5b48-4c1dce2d5212,-7.7575,110.3975,0,7
e941a9b1-b1dc-43c4-9d6c-e00cb768e6c5,-7.7425,110.3525,0,22
e94fadb3-cc35-4156-ab38-a4bafcc1b7f4,-7.7575,110.4275,0,32
e95d2191-4ca2-47db-bca7-61d41e6982fb,-7.7575,110.3975,0,2
e95d7dd2-7dd2-ef4c-54d0-c726efd158c5,-7.7575,110.4025,0,1
e966dcd8-2615-415e-9e29-421da2361b3b,-7.7525,110.3725,0,17
e96c264c-c738-409a-b789-e940896760a4,-7.7575,110.3425,0,10
e96d24d4-a7dc-464a-96d6-5fac10155eed,-7.7475,110.3725,0,29
e9741e95-6e41-4828-ab22-d154ba00db29,-7.7625,110.3925,0,41
e97e3ef3-7c6a-45d0-a374-eb6378a0ea80,-7.7475,110.3475,0,2
e98537bc-70a8-4895-9846-8a93b6dc5431,-7.7575,110.3875,0,112
e9a5b19b-7753-457a-bd91-55764924c04f,-7.7525,110.3625,0,32
e9a6b06b-c36a-482a-a436-75221d6b2248,-7.7525,110.3825,0,2
e9b90894-b5b9-4bb8-b0f8-e907f396ecb2,-7.7575,110.4025,0,31
e9c2beb1-beb1-2769-6935-dbc1a3cd11ba,-7.7625,110.3675,0,23
e9dd017d-ab57-4593-9666-34c3554b49d8,-7.7625,110.3925,0,16
e9e0d27f-b748-48fd-8174-a74799af59f5,-7.7625,110.4125,0,4
e9f6ed75-ed75-70ca-c5c4-f9d987ef118e,-7.7475,110.3625,0,5
e9f96397-9afa-457b-1964-a64d102f2b66,-7.7575,110.3975,0,9
e9fb9a9d-9a9d-dc19-6a63-3fef34ef7e62,-7.7575,110.3975,0,19
ea03d955-686f-4508-aa2b-5230c0d9d1b3,-7.7525,110.3725,0,26
ea16e3fd-68d8-4e7f-a309-8ecc859a675d,-7.7525,110.3625,0,23
ea23c4b0-7e21-4ca4-bb03-06a894a99809,-7.7425,110.3875,0,33
ea328b0e-c700-448f-b49a-7a1c7124d0ad,-7.7475,110.3575,0,7
ea343ca4-5e3d-479c-89fe-290bbfb64dfc,-7.7625,110.3625,0,13
ea455e9a-fe99-48b8-8137-aa0a47cc3cf3,-7.7575,110.3975,0,6
ea4d45fe-2092-4ba6-908b-7ddc0ee4a68f,-7.7675,110.3625,0,10
ea5a345c-345c-4a08-4b1b-b11e09a3fdb8,-7.7425,110.3625,0,101
ea5c2f30-2f30-43cb-cebd-b5ae3f718ad9,-7.7675,110.4275,0,2
ea5e975e-7696-48b6-8840-2f9b2877e734,-7.7575,110.3975,0,10
ea623903-3903-024f-0a55-014ae095800d,-7.7625,110.4125,0,1
ea7cd0a5-d0a5-0834-2352-0b3348308d78,-7.7575,110.3975,0,7
ea8600fc-aee6-4125-8c13-0ba4da87f184,-7.7475,110.3725,0,3
ea9106c7-06c7-cdaf-6cf0-33b71b7563e6,-7.7575,110.3875,0,2
eaa02bbc-2322-4103-1d91-70865e5d9961,-7.7625,110.4325,0,15
eab36040-b5be-49e3-927b-00875ef64e61,-7.7575,110.3975,0,8
eabcadbf-adbf-aa4f-1883-65652a98aff3,-7.7525,110.3625,0,1539
eadcef71-e2d7-4f71-bb38-333c6a051552,-7.7625,110.3975,0,143
eae8a551-5c19-469d-a678-1e5ddf1edf68,-7.7525,110.3725,0,1
eaea9423-b5a2-4c5b-87c8-797112edd12e,-7.7525,110.3625,0,11
eaf0f943-3030-47ba-8fbe-bc51b1e4aeed,-7.7625,110.4175,0,94
eb05d992-cc8a-49bc-9958-50c66cf4ef80,-7.7475,110.4125,0,4
eb0722b4-0caf-4f69-adcd-d72bd2bdfdd0,-7.7625,110.3825,0,14
eb1684ab-5b8c-4eb4-ba79-dbbc5dea98cc,-7.7525,110.3825,0,1
eb1caa5c-32ec-458f-91fb-65bd40389130,-7.7475,110.3575,0,44
eb1df3bb-37cd-4f21-9372-4d078bd68508,-7.7625,110.3975,0,8
eb2a49f6-aef2-4c61-96b4-9385964175be,-7.7525,110.3725,0,3
eb3acda5-cda5-6b17-2673-1ab13dd46388,-7.7475,110.3625,0,4
eb52ea64-954c-4085-bb2d-7df62d69fb81,-7.7525,110.3725,0,9
eb57fc6e-fc6e-5c91-e8b2-6abded76daa8,-7.7575,110.3825,0,10
eb5e101d-a15f-4f4a-bf14-7028b48a0ce3,-7.7575,110.3975,0,14
eb65a874-4c93-4688-8c65-c2e660aa1a9d,-7.7475,110.3575,0,1
eb660ef9-a43d-43b7-be91-4874359a7e32,-7.7575,110.3825,0,4
eb822537-93ba-496c-bb6e-934443c27fb6,-7.7625,110.3625,0,10
eb826309-ec35-40cb-82c4-8058f0bdfecc,-7.7625,110.4125,0,2
eb89e8a2-e8a2-40aa-ec1c-b61f3bdc5c5c,-7.7525,110.3625,0,11
eb98f336-f336-64ce-1a13-d1b692d8a252,-7.7575,110.3975,0,14
eba103c2-03c2-9384-de2f-fcf8ace1aadf,-7.7425,110.3475,0,5
ebc5bdc4-bdc4-b131-b2b5-05de1a966b09,-7.7525,110.3725,0,5
ebc6ea18-5624-41b2-1fd4-647ddcadb80a,-7.7425,110.3475,0,6
ebd254c5-54c5-011f-30a3-e8987af6ff54,-7.7575,110.3975,0,4
ebdfdfb6-f9bf-4630-ac30-038af73b28fa,-7.7525,110.3725,0,5
ebe211a8-11a8-aba7-19f6-c54bbfc23815,-7.7575,110.3975,0,12
ebf341b0-39cc-4630-ad1d-b998ccdc50d4,-7.7575,110.4025,0,15
ebff6120-6120-dd70-ba9d-ca01cd66deba,-7.7525,110.4225,0,6
ec035098-5098-62aa-65fd-309f32128afb,-7.7625,110.4125,0,3
ec07366a-0ec6-4bc1-bf41-00887e755731,-7.7625,110.3625,0,7
ec216f98-8a55-4b11-84cb-33e63295c42a,-7.7625,110.3775,0,27
ec29b1fd-d3b7-4b48-b087-7d472c6b5931,-7.7425,110.3725,0,31
ec32ecea-ecea-a5ff-99bb-21778055867f,-7.7625,110.4125,0,10
ec41c948-a8d3-41e2-b7a7-5ca0c4f7fabf,-7.7475,110.3625,0,6
ec42a338-a338-5e1f-0cda-bd3b96949496,-7.7625,110.4325,0,10
ec52afc6-2366-44fc-8d57-31a421aae8cd,-7.7625,110.4075,0,3
ec598203-1e16-436e-9294-b03c0cf7f785,-7.7575,110.4225,0,19
ec9db523-b523-f6ea-9190-3212492895fb,-7.7475,110.3625,0,6
eca891b8-523d-411d-1e32-38db45c8307a,-7.7525,110.3625,0,49
ecac4bc6-b32e-44c5-889b-72371889fa77,-7.7675,110.4125,0,3
ecbbee5c-fe6d-478c-8bb3-b71d8f75bbf9,-7.7575,110.3925,0,5
ecbfba08-e3ee-4558-b9c1-10d68ffc3099,-7.7575,110.3825,0,39
ecd8696a-696a-00b6-1928-c2c579dfc97a,-7.7625,110.3475,0,24
ece8e779-e779-7e4c-ca0b-9a54deadbc1c,-7.7525,110.3625,0,26
ecf69eb9-e37a-4f70-89f4-7c96a4938ca3,-7.7625,110.3975,0,10
ecfc2f50-2f50-f9cd-7640-e9772b844b8c,-7.7525,110.3725,0,6
ed07285c-e5bd-4ace-91e5-14f114203168,-7.7525,110.3725,0,10
ed0a9722-9c0a-4498-a52d-5ac3df8a72d0,-7.7575,110.3975,0,12
ed1ebbc6-bbc6-8722-17c3-004fbb8ee64b,-7.7625,110.3925,0,7
ed2a3a0d-49d7-41c9-a893-8ed7992ecd3f,-7.7525,110.3725,0,16
ed2a414a-414a-896f-097a-64d0cda9e4d6,-7.7625,110.3975,0,8
ed491203-1203-edf7-68f8-afd24d3e564a,-7.7425,110.3475,0,2
ed8e4a26-0507-469d-90cb-127ebed3ae5a,-7.7575,110.3975,0,2
ed96e381-e381-c36b-1127-ae1dffc0ceb8,-7.7625,110.3725,0,38
ed9b40b5-40b5-b347-8fb6-479744a18b7d,-7.7625,110.3975,0,10
eda23ac2-3ac2-5520-7a72-ee82088daafb,-7.7575,110.4225,0,17
edb47453-a6b8-4e91-ad0e-ead37efd8d2d,-7.7575,110.4025,0,19
edc36afd-7f16-4f98-82eb-f2827c349d7e,-7.7475,110.3725,0,2
ededf39e-7fc3-4cf8-a52b-cccd48e7f3ac,-7.7575,110.4075,0,1
edee4e76-4e76-dff9-7563-9f1d06363d2d,-7.7625,110.4125,0,2
ee00a62d-a62d-7405-bff7-e17e8ec53d21,-7.7475,110.3625,0,7
ee1784e2-84e2-680c-a05a-614542e009e7,-7.7625,110.3975,0,17
ee258b18-8b18-029f-fcf3-43e4b81d289c,-7.7525,110.3825,0,4
ee2a422b-cee8-4af2-acdf-04c67eb46374,-7.7525,110.3825,0,23
ee2fab8f-40b3-41b4-10eb-0cbe50154d68,-7.7625,110.3875,0,5
ee323fa3-3fa3-501e-df60-1f48f20666fc,-7.7625,110.4125,0,2
ee325cb5-00f7-4ff4-b1d4-45243da8982d,-7.7575,110.3925,0,7
ee3d6b79-9e69-4019-9b45-cc6baf7cbae9,-7.7575,110.3875,0,2
ee4919b8-2616-4611-95a7-0db1a8f41630,-7.7525,110.3725,0,2
ee59c15e-a2d2-4e1d-a48d-0c7f62982196,-7.7525,110.3625,0,36
ee622a99-2a99-5a73-bb1d-e017ad916646,-7.7575,110.3975,0,15
ee6adbdb-dbdb-d917-2a24-7c069a0ccb3e,-7.7625,110.4125,0,4
ee74c307-c307-63c9-4a07-9f527f02c347,-7.7525,110.3825,0,4
ee89d8a2-d8a2-eabd-b346-d8279b20d3ba,-7.7425,110.3625,0,3
eec53094-61b4-46b8-913d-e912637055ff,-7.7625,110.4325,0,13
eed04f92-4f92-30e5-4e84-e55feaa2581b,-7.7625,110.4075,0,206
eefea925-a925-de5e-2de9-7dd674f39fa5,-7.7575,110.3875,0,1159
ef155aeb-b12a-4eb2-b945-de48a0ce299a,-7.7575,110.4025,0,13
ef1be1cb-e1cb-c4ef-4e38-eaafa0133b86,-7.7475,110.3625,0,3
ef2100f3-00f3-ee8c-cf96-623538a0240c,-7.7625,110.4125,0,7
ef22a95a-5943-425e-8c2a-b2e068b2db6b,-7.7575,110.3825,0,10
ef2f927f-927f-68be-ec5b-02b40a2f8d3d,-7.7525,110.3625,0,13
ef30ff8b-1306-4a19-92f0-fdfb4f4d11a2,-7.7575,110.3975,0,12
ef43b934-f4e0-425b-be49-46d639165021,-7.7525,110.3725,0,10
ef4d346c-346c-be93-a3b4-6df90037aeca,-7.7625,110.3975,0,20
ef556f8e-71b0-43eb-97fe-a33cb9470179,-7.7575,110.3975,0,30
ef5db04a-c060-4f32-884d-ccf6464bc71e,-7.7625,110.4225,0,3
ef78786a-116f-4992-9672-56bb63525fac,-7.7625,110.3775,0,9
ef7db0bf-50db-474b-9a72-203c2953a79c,-7.7525,110.3975,0,25
ef88570c-27bd-4f4a-b12f-af3144d58846,-7.7675,110.3825,0,16
ef8ca6ce-6c6f-4c49-96f5-76f572b5588c,-7.7625,110.4125,0,3
ef9407b2-e15e-416e-a788-a062b54f51e6,-7.7575,110.3975,0,5
efa1c656-cd4c-4ae2-9058-ef0e078ea038,-7.7625,110.3975,0,4
efa1c96f-c30c-4882-add3-0da4ac070dae,-7.7625,110.3925,0,7
efa25945-5945-73b2-7a6d-b3203d3f1983,-7.7625,110.3775,0,24
efa28d22-8d22-3b94-6fbe-ea3e68e203b5,-7.7425,110.3775,0,9
efa7b1e3-b1e3-6e33-f46f-93ccfaec2a47,-7.7525,110.3625,0,17
efbf317e-48eb-4d32-a685-11c696993b6f,-7.7575,110.3975,0,2
efe637a8-37a8-056d-b10a-d9128ca42463,-7.7575,110.3525,0,6
eff4e663-e663-7b6d-a30e-2f841074a13e,-7.7575,110.3975,0,34
f002234a-e368-4945-92bd-6a5b0c5a9af8,-7.7575,110.3825,0,4
f0115eda-4c90-4278-8146-3fad64e4b19d,-7.7525,110.3825,0,2
f0527cd5-7cd5-9ad0-f939-49fc72b21a7f,-7.7575,110.3975,0,22
f056a4b7-7a46-4267-a9b4-9fe6b5cc2f25,-7.7625,110.4225,0,6
f0681371-fa0c-4fb7-b151-ff4e417f5181,-7.7575,110.3975,0,17
f07cd097-609e-4fed-b1be-58bbddfddc4a,-7.7475,110.3825,0,28
f0823a07-9ba6-489f-84a0-a7eed5bb5c6c,-7.7475,110.3575,0,54
f0a75305-a50a-44b7-9a22-7ca229eafd64,-7.7575,110.3925,0,69
f0aed6de-d6de-2782-6a3c-e546751d6585,-7.7675,110.3775,0,13
f0b96685-6685-5a96-3788-47d291847e55,-7.7625,110.3625,0,28
f0cd5177-5177-85b2-3f86-cb86e63b2068,-7.7425,110.3875,0,10
f0d03fce-3fce-6c0e-1885-5aa24442876f,-7.7575,110.3975,0,11
f0e960ef-0de5-4c7a-a951-67c6a9ccab17,-7.7625,110.4125,0,19
f0fc9501-ecb8-4d27-9525-89251efaf43e,-7.7575,110.3975,0,11
f10ec991-814d-466d-9f97-453dac18f33c,-7.7575,110.3975,0,4
f113c0ad-c05e-4bc4-99e7-132d8221854a,-7.7525,110.3625,0,18
f1190591-0591-614b-67fb-e444f5128b33,-7.7575,110.3975,0,12
f121515b-9941-480f-906f-53b7c84558dc,-7.7525,110.3625,0,15
f127e505-e505-519d-3fbe-52af3b9bf70b,-7.7425,110.3525,0,19
f12e863b-7656-4bb6-b54c-7bea0632442b,-7.7525,110.3625,0,7
f13edb8c-db8c-cfc4-8c60-2995f04f7fd7,-7.7625,110.4325,0,6
f14954e2-978a-4f19-a655-fa3ff8f0e306,-7.7475,110.3625,0,16
f14b69a8-b3c1-4cec-9477-d53d9c05e235,-7.7525,110.3625,0,25
f163ecf2-5a27-4405-80d5-451ef82cbd3d,-7.7475,110.3625,0,7
f18019e2-19e2-8a1f-62f9-d6cb216fce78,-7.7525,110.3925,0,2
f18a873c-42a0-42fc-88d1-0fab269e9e89,-7.7575,110.3975,0,50
f1956653-d335-4107-a167-c8b99104e01c,-7.7525,110.3725,0,4
f1b71669-17af-47fd-be4e-20049ab69f1f,-7.7625,110.3975,0,19
f1be0bd6-8b9c-46ea-8f12-6e31e79f090a,-7.7625,110.4125,0,3
f1c0417a-2385-45cb-8064-2c6ce5d191f1,-7.7575,110.3825,0,12
f1c0ab55-ab55-c97f-ad01-150cec10c823,-7.7675,110.4125,0,10
f1cd9f76-e72b-4db7-84f7-e5b435a63011,-7.7525,110.3725,0,2
f1cf2c95-92a7-4ba9-b573-aae57a9c3de7,-7.7625,110.3725,0,235
f1d31377-f44d-43fb-a82a-1b5a2254fce5,-7.7575,110.3925,0,7
f1defc5d-08d8-44a0-b938-c01b08572e82,-7.7625,110.4125,0,3
f200ad79-ad79-4a43-ed42-75fedebfca67,-7.7575,110.3825,0,12
f21568f1-68f1-d39e-b28b-58be0d8487ae,-7.7625,110.4325,0,5
f22250fa-50fa-66f3-b115-c8a5dab4acd0,-7.7675,110.3725,0,16
f22b2b2e-30d2-4dc2-8fcb-528f6030fde5,-7.7525,110.3725,0,23
f22b67b2-67b2-e74c-1ad7-0a5cec5a4743,-7.7475,110.3625,0,14
f24173e5-73e5-3cfe-16a4-cff07837cea0,-7.7625,110.3625,0,3
f24dc04d-6a55-48a3-883e-0d540499269b,-7.7525,110.3825,0,7
f25bca9c-b91f-4ea7-be37-ec72a86c6d83,-7.7425,110.4225,0,48
f26122e4-ae1a-4ff9-13b3-eacd7337412a,-7.7625,110.4275,0,2
f263064a-0c1f-4eb4-921f-7e4b2b444d60,-7.7575,110.3825,0,635
f270990b-e1c6-43cb-a2c2-eb0aa8bba887,-7.7575,110.3775,0,7
f28bf561-f561-a0b1-00cb-a6b1391abfef,-7.7625,110.3925,0,56
f28ccd8f-0e2b-4366-2fa9-e8c97fb867e7,-7.7575,110.3875,0,13
f2915c48-0006-4084-8f8b-2e98d07ac911,-7.7525,110.3625,0,18
f2a8f0b7-142b-4b74-8f64-90682a063efa,-7.7475,110.3625,0,198
f2b175db-4f72-4cec-aa03-207385133204,-7.7625,110.3625,0,68
f2bc423b-a12d-4bf7-b727-a3e3a7a26562,-7.7625,110.4125,0,2
f2d13df3-323d-488d-a71b-789fb749c682,-7.7625,110.4125,0,14
f2d4767b-d5ff-495d-aff7-3e10178a38f6,-7.7475,110.3525,0,13
f2fd012d-7a6f-45c9-8b16-d8533acbc9a7,-7.7525,110.3725,0,2
f309e765-72fc-41e2-2b78-db280f32c2b7,-7.7525,110.3725,0,25
f30af006-f006-1f7c-5a0d-110e4be49b84,-7.7575,110.3975,0,102
f313c60b-ea93-4ea6-b3db-d9313864a3d8,-7.7475,110.3625,0,18
f31876f0-7744-4357-af34-48d54fe2682d,-7.7575,110.3925,0,11
f319bd20-312f-4b0e-96bf-6a7e5f7cda3e,-7.7575,110.3875,0,8
f31bdb5b-db5b-195b-f950-697f3fbaa3b5,-7.7625,110.4075,0,4
f31c83d0-e891-4081-8231-1d1e598bce49,-7.7575,110.3925,0,7
f31d6cfe-a254-422b-925d-a1c8e64f37e7,-7.7575,110.3825,0,11
f336de9a-de9a-fcd5-b85f-e334b69da2aa,-7.7425,110.3475,0,16
f34435a3-d214-4460-8651-3a40b78567df,-7.7575,110.3975,0,4
f36613c7-4703-46dd-953f-e36c9d22c16b,-7.7525,110.3625,0,30
f36bcbf2-cbf2-8887-fe8c-165855ffd448,-7.7575,110.3975,0,30
f37a4ee6-4ee6-2d3a-6f57-5260041e5b5b,-7.7475,110.3575,0,4
f37a95c9-85ab-4604-8be3-51f73ce76866,-7.7525,110.3625,0,4
f3884301-4301-a8b4-2478-25d0d812eeb8,-7.7625,110.4125,0,4
f39e8584-8584-5262-3e40-7f1c5d57b168,-7.7625,110.3975,0,17
f3bfb53b-b53b-195b-603b-1997c99505b3,-7.7625,110.3825,0,10
f3c76c4b-56ab-4530-89d0-035e7dcb1c6d,-7.7525,110.3825,0,5
f3d080f0-c9a2-4ba1-8236-46e93445dde8,-7.7475,110.3625,0,3
f3dc3311-3311-32a9-bb04-836dcf285744,-7.7675,110.3625,0,55
f3e464bb-0429-4792-bfa8-eac7a4dbf7ae,-7.7525,110.3825,0,23
f3e770cb-70cb-600a-8e94-1c6b7ca93d3e,-7.7525,110.3825,0,4
f3ebbbb7-d599-42f8-b76a-d0058b0a64c9,-7.7575,110.3975,0,74
f3f4de89-de89-c5f7-6b24-e1185af3fbf7,-7.7625,110.3525,0,5
f40651ce-51ce-2b41-b11d-d2c403abe16f,-7.7525,110.3825,0,5
f4104b12-4b12-634c-2fa4-3e34d51654d8,-7.7625,110.4125,0,4
f430ffa0-ffa0-8591-0bb8-f05995878964,-7.7575,110.3825,0,26
f43f7aa0-7aa0-77ab-0ad0-e1f4da1eca97,-7.7575,110.3825,0,23
f450b119-430c-4fd2-b4b5-c07b0e55fcbd,-7.7575,110.3925,0,4
f45f5038-5038-4e4e-62e5-42525726f571,-7.7575,110.4025,0,36
f474776a-0372-4e89-b233-fb19e44956dd,-7.7525,110.3725,0,17
f47900ef-00ef-0aec-b12c-3ebd912413a3,-7.7425,110.3475,0,2
f48f3bd6-e27d-411b-1bde-8f7515a46445,-7.7625,110.4125,0,12
f4b49f16-9f16-75bf-9302-4adaeb43e40e,-7.7625,110.3625,0,7
f4c1c109-78bc-468f-8b1c-9089c128e9e7,-7.7575,110.3975,0,19
f4d2d67c-526b-46ca-bed1-137e4dac0be8,-7.7625,110.4325,0,9
f4d332d2-32d2-45b0-4a95-fb5d80a5a3a2,-7.7525,110.3625,0,9
f4e00278-262e-464b-9213-de13a7048eb2,-7.7625,110.4325,0,31
f4e079a1-59db-4bcf-8e94-88ea0d75ceec,-7.7625,110.3825,0,15
f4e73b47-3b47-7dc9-6095-c0d6773163bf,-7.7425,110.3475,0,5
f4eeade2-5023-412c-bec8-c5b193965201,-7.7575,110.3675,0,16
f4f167ac-608a-4c96-9648-a18c77dfc70f,-7.7575,110.3975,0,30
f51a8565-4622-4d77-8bb3-263957846a07,-7.7625,110.4275,0,11
f5228823-8823-05ad-da21-6d4c6bbb9810,-7.7475,110.4175,0,10
f53e05ff-c8ef-4435-bc8b-c79075ca5983,-7.7625,110.3675,0,7
f53e1c8c-1c8c-c35d-6f19-d54f0cbd718d,-7.7675,110.3775,0,85
f54f8c40-3696-4f52-9dd0-173a7ac0d441,-7.7575,110.4025,0,13
f550f84e-f84e-2a17-a161-32483b86a5d0,-7.7575,110.3975,0,3
f55a0f04-0f04-dd48-33af-87fcf91a1b36,-7.7625,110.4325,0,1
f574f75c-85b8-4018-9af5-85a9ee20b21d,-7.7525,110.3725,0,1
f57d9e27-9e27-8ad0-02a4-fe76e7395a88,-7.7425,110.3525,0,70
f5ae6fa6-8e65-4997-933e-aa0fbfb8d998,-7.7625,110.3675,0,82
f5be2242-2242-88b0-cca6-56a90de23088,-7.7475,110.3525,0,47
f5c4bf62-17a8-4b52-8388-9394d3fc6e36,-7.7575,110.3975,0,36
f5da184b-dafa-45e0-bd7d-0d7fd75c43df,-7.7575,110.3975,0,13
f5da8693-8693-2aea-69a2-fb43a7bf91f8,-7.7625,110.4125,0,3
f5f98ad2-b6b5-4027-adbc-e0191558f93f,-7.7625,110.4075,0,2
f5f98de9-ff6e-4343-90fc-b60954b552dc,-7.7625,110.4125,0,15
f600599b-599b-3b85-6a5e-61dc0cb8ccd8,-7.7575,110.3975,0,10
f60fb37c-b37c-fb71-4dbc-23ab21c32a80,-7.7475,110.3525,0,6
f61168c3-089e-4553-84c2-1c2dd47950d4,-7.7575,110.3975,0,5
f61b7441-23bb-48cd-946c-2a1e3c34b455,-7.7625,110.3825,0,7
f625c869-0a83-43cc-99b3-eee12d8865fc,-7.7575,110.3975,0,14
f641c2b5-bced-4895-a3f7-81ca5f893a4c,-7.7525,110.3625,0,50
f644d3d8-be1d-4bc8-88ea-6f017d2dcc30,-7.7575,110.3625,0,232
f6500bf6-4e45-434f-9083-845f54d1cdb5,-7.7625,110.3825,0,34
f65fb22a-b22a-a94e-529f-4e1f1b689b12,-7.7625,110.3475,0,37
f673d76c-d76c-5b6c-7031-e3280676dad8,-7.7575,110.3975,0,17
f673ed19-5a6a-4cea-a555-ce31e16a6361,-7.7625,110.3975,0,18
f69a25d4-25d4-6768-7884-2aa82234f253,-7.7625,110.4325,0,7
f6adffc7-ffc7-6b85-465f-30d3823d74b0,-7.7475,110.3475,0,26
f6b6a398-a398-2901-ba32-e4651fbc1076,-7.7575,110.3875,0,4
f6edbc5b-10dd-4c24-b09d-beeb73ce105e,-7.7625,110.3975,0,151
f6efd784-d784-efb9-99ef-6c882b7dda25,-7.7525,110.4225,0,63
f6f13c9d-c70f-4180-b132-2d47225267f3,-7.7575,110.4025,0,9
f6f8f8f4-ac8f-4574-af3a-d4d9a389a2c4,-7.7625,110.3775,0,38
f6fdd853-a36a-4f87-a16a-c445bf221e81,-7.7525,110.3825,0,52
f752c079-643f-45d5-906c-229d531e9f9a,-7.7675,110.3525,0,11
f7540268-0268-aca7-6e8b-f92cea2a200f,-7.7575,110.3925,0,7
f754e091-685c-4522-a5c5-178723f415c3,-7.7625,110.4075,0,5
f758e163-311a-4a00-8e62-07e90a59639c,-7.7575,110.3875,0,20
f75c97e1-1cff-4ec5-ab20-3a7c3a92594d,-7.7525,110.3625,0,7
f761534d-d133-4360-a036-ed283553c581,-7.7575,110.3975,0,33
f7811898-f94f-4b10-9fbc-e09f5b6c475a,-7.7475,110.3875,0,17
f796ded1-dbbe-48d5-95d1-85a41d1d0366,-7.7575,110.3825,0,5
f79d2541-82ef-4563-8ee3-bb725aed9a50,-7.7525,110.3825,0,4
f7bdeb0b-201f-4a45-aaf9-e4354d5b0f14,-7.7625,110.4125,0,6
f7be1df4-4cd9-4300-8434-1c41f2fdb1f7,-7.7675,110.3775,0,27
f7c93195-3195-8518-f417-bfc6fd4b39c1,-7.7575,110.3825,0,16
f7d06d8c-8514-4161-ba36-baa366815180,-7.7575,110.3575,0,9
f7d19bf4-9bf4-7afa-d595-4a0e6ce7111f,-7.7575,110.3975,0,2
f7d6e50e-2232-44ed-95e3-9ca2fba1180b,-7.7525,110.3725,0,5
f7e7a861-84cd-46d6-b46a-523c05b446c7,-7.7625,110.3625,0,3
f7eb682c-4025-46d4-90b7-44d69967d895,-7.7575,110.4025,0,34
f7ed9579-9579-3975-5589-6bbe9cd57985,-7.7575,110.3825,0,2
f7f25c16-5c16-3c26-aef2-c97c2d9e45c4,-7.7625,110.3775,0,7
f81ae40c-92e1-481f-ba42-1f90f16bab0a,-7.7675,110.4275,0,47
f826a603-a603-7621-f72a-bb3d5917b1f5,-7.7575,110.4075,0,10
f82d5885-8355-4071-a74b-208c13a32be7,-7.7425,110.3975,0,14
f82dab08-ab08-03d6-598c-d6ae0e5a09f2,-7.7675,110.4075,0,15
f8319336-9336-b067-e66b-08753e770c27,-7.7525,110.3825,0,7
f84cef81-ef81-58ba-68e5-05efa3b3c210,-7.7425,110.3475,0,3
f8635462-ceec-4eba-ab08-781ec61f3854,-7.7625,110.4125,0,68
f86760ed-60ed-1df1-5723-ba32a0ed0def,-7.7425,110.4325,0,58
f86c58ff-7880-4011-af4e-717c03626e1b,-7.7525,110.3725,0,32
f880f118-1f7b-4689-bded-84b65a162c47,-7.7675,110.3425,0,10
f88b1c1c-c869-4874-bb8a-99ff5307018e,-7.7625,110.3775,0,5
f88c88ae-88ae-d609-0885-4ad8cc43ba82,-7.7575,110.4075,0,2
f89d0673-0673-f1ca-8617-4fcdc59bfda1,-7.7625,110.3975,0,3
f8c01244-1af5-42f7-b17c-04f202675058,-7.7625,110.3975,0,13
f8cba683-a689-46ab-ae00-63304d3645e2,-7.7625,110.4125,0,6
f8cc597c-cb81-443a-97ed-95b47808eb5b,-7.7575,110.3975,0,14
f8d10684-84a0-4246-8179-1ceb736155ea,-7.7575,110.3825,0,17
f8d89713-9713-9ffa-8a0f-d858389c26e5,-7.7525,110.3725,0,3
f8e8e3de-a204-4af1-a054-2a4c0a7588c2,-7.7525,110.3725,0,4
f8e978e6-e292-4a55-9ca7-cf868cdbcda2,-7.7575,110.3775,0,8
f8f6d8ea-2d47-4f45-8e09-bac788082079,-7.7625,110.3625,0,23
f8fdf3e1-f3e1-3437-7fc9-feac79e56db6,-7.7675,110.4125,0,8
f92543fb-43fb-ef2e-005a-fabb28d73f51,-7.7625,110.4325,0,8
f92c86ae-86ae-cad7-0a38-160774aef157,-7.7675,110.3725,0,500
f92e6aa2-6aa2-b0dc-b229-440961f09c0f,-7.7525,110.3725,0,19
f933a347-73eb-421d-abfe-808a9884b7f9,-7.7575,110.3975,0,4
f9350315-0315-e1ac-2745-31aeeb1191fb,-7.7625,110.3625,0,12
f93c7ba4-b5f5-4856-aee6-e320b318e5d5,-7.7625,110.3825,0,9
f93d4f6e-b92b-44c0-8298-db0b214e090b,-7.7575,110.3975,0,125
f9550abf-0abf-27d3-55c3-4f9c54c95f73,-7.7575,110.3825,0,40
f987af89-3a82-4a64-bee6-674383f31a83,-7.7475,110.3625,0,5
f9904921-0fca-49a6-bf58-6ce8d9e10fdd,-7.7575,110.3925,0,21
f9ae3863-3863-cc47-ce66-21870fc72b53,-7.7525,110.3825,0,18
f9cf47e1-47e1-c35e-65d4-711b87b6b438,-7.7625,110.3775,0,6
f9cfb433-b433-3a11-1cf7-4983de2e2ff1,-7.7575,110.3975,0,3
f9e4ec78-3e7e-45a0-824d-44607cb08212,-7.7475,110.3625,0,8
f9e6032c-bfeb-430e-a877-7f53bb14d0bd,-7.7575,110.3975,0,35
fa100794-9a25-4f31-b687-5418315dc4c8,-7.7475,110.3625,0,149
fa120860-e1a3-4e27-9860-33a4e15ea4bc,-7.7525,110.3625,0,5
fa3ddee3-dee3-691b-327f-ab3e7bb3df29,-7.7575,110.3975,0,7
fa44437c-3e54-46ae-aeb1-3715cf706dc3,-7.7475,110.4175,0,4
fa61ab00-ab00-edc0-94ad-72347036e19f,-7.7675,110.4325,0,8
fa68f6ee-e13f-4ebc-9b1e-cf683a5fbb85,-7.7625,110.4075,0,1
fa7d5282-3d67-49e7-95f8-d09dffc4cb61,-7.7625,110.4125,0,15
fa804ab7-f11c-412f-85d0-b5f591a9adac,-7.7475,110.3575,0,11
fa95dd0f-d9f1-4c31-b2da-9d7b67737736,-7.7625,110.4125,0,101
fa96e6d1-e6d1-cde0-d8ea-57b1a153255d,-7.7475,110.3875,0,13
fa981624-1624-e717-deff-947917214a92,-7.7525,110.3425,0,5
fa98c17b-c17b-f367-acd8-e0f506d57352,-7.7575,110.4025,0,1
fabdb453-a42e-4755-a510-cb7ada17ad77,-7.7425,110.3475,0,5
facd075e-c728-4e10-a8b7-1495138937d9,-7.7425,110.3525,0,758
fad2b796-b796-e35d-f333-4ec11151baf6,-7.7575,110.3625,0,2
fad8569e-569e-15d1-2655-e1ca9c3c2695,-7.7575,110.3625,0,3
fb02ca40-6762-48e8-a1f8-a271ab8bf251,-7.7575,110.3775,0,3
fb117da8-7da8-fac4-46d4-654fe3f010a2,-7.7575,110.3675,0,3
fb2b71ab-71ab-56cb-557d-d5e12ecd8dfd,-7.7625,110.3675,0,38
fb2f3770-855f-4e5d-ae2c-b5e6f6f53b68,-7.7625,110.4125,0,2
fb5ba552-a552-54c9-2785-25aed528230e,-7.7625,110.4325,0,22
fb604e36-dc18-4b74-a626-06582ae65a4b,-7.7675,110.4275,0,1
fb775c81-3b5b-47e7-bf98-10d655b80287,-7.7575,110.3975,0,9
fb7bf420-3ef9-4e60-ae58-fba61d060c8a,-7.7475,110.3575,0,1
fb974fdb-fb9b-48a8-91cf-cfae7414fea4,-7.7675,110.3775,0,3
fbb114ad-a928-43b3-a5fc-4d695006390d,-7.7625,110.4125,0,19
fbb7852d-852d-f397-4fa1-f38219bd627f,-7.7575,110.3925,0,13
fbf4a898-ee47-46e7-9f5e-2a31bc18b1aa,-7.7525,110.3825,0,60
fc0cf4c1-5196-4e19-afef-0173128d5930,-7.7575,110.3925,0,2
fc38427e-34df-4807-87bd-b2efb015e1e8,-7.7575,110.4025,0,62
fc42a6fd-fc38-4f52-a37c-08b8d7b70d07,-7.7675,110.3725,0,46
fc46fa6e-fa6e-4d10-e857-14b617f0cb65,-7.7625,110.3775,0,26
fc4de34c-8b6e-427c-b401-f10571512f3d,-7.7575,110.3925,0,4
fc4e35cb-1ad1-4d9b-99e0-65986af3e2ed,-7.7575,110.4025,0,7
fc4fcbfd-4b20-4e08-a6aa-d80af2214330,-7.7475,110.3625,0,70
fc55e75e-e4bc-4056-ae2a-c76e7c63b0c5,-7.7575,110.4025,0,38
fc75b89c-1a15-42a1-913f-96f0ee2f7457,-7.7675,110.4275,0,2
fc770168-2bc4-4404-1719-7e005d01988b,-7.7425,110.3525,0,66
fc88068e-068e-ed8a-6c1c-16560b835411,-7.7625,110.3625,0,16
fc996b21-9849-462a-807c-04f608f5bde3,-7.7425,110.3525,0,33
fcaefe03-70f7-4a68-9296-52d8bf6e6a98,-7.7625,110.3925,0,6
fcb152d7-9c19-49f9-988b-c0c521b4dfdd,-7.7575,110.4125,0,2
fccaefa6-efa6-0c93-5fea-158c815c292e,-7.7525,110.3875,0,9
fcd4b688-3007-4321-a1e7-c2bcbee3b5b4,-7.7625,110.4075,0,1
fceabda2-bda2-637a-f243-e3bad6f16c60,-7.7525,110.3725,0,8
fcf0d812-ca99-4f28-9c4f-684a749ca5d9,-7.7575,110.3975,0,17
fcf921db-d050-4d45-932d-d8baabaade57,-7.7625,110.3975,0,19
fd09766c-766c-e21c-38b6-53085cd200f7,-7.7625,110.4175,0,12
fd2ca416-a416-fed2-ceda-85411ffbc060,-7.7575,110.3975,0,22
fd35b1c2-b1c2-7c73-d4c2-09aaab5941e8,-7.7625,110.4325,0,25
fd45c4b3-c4b3-b8e1-c3d8-131f98e40670,-7.7525,110.3825,0,9
fd4bd8bd-f1ce-4474-9663-30c4a8aae9a2,-7.7575,110.3975,0,10
fd51d264-d264-f999-6995-5b95583072c8,-7.7675,110.3575,0,7
fd570c2b-1c10-451c-88c5-990fcf3d1032,-7.7525,110.3725,0,9
fd6dade8-bf12-4306-9814-9056ccf9eaa8,-7.7625,110.4125,0,10
fd6db0c8-981c-401c-98cd-0c310705a21f,-7.7625,110.4125,0,2
fd9303d1-b4ae-4cbb-a1e9-d7b3357c58c6,-7.7675,110.4275,0,6
fd947c2f-e801-4a02-8fcb-fede088f26db,-7.7675,110.4125,0,14
fdab4226-135d-4a3d-a93a-a9133a50d027,-7.7475,110.4175,0,11
fdad991d-991d-79f9-070c-768502f14243,-7.7525,110.3825,0,1
fdb55da2-bc6f-4e19-9eb8-0a818fbb0eb2,-7.7575,110.3775,0,192
fe27ba9d-0420-4926-a8ae-84badce7bbd0,-7.7675,110.4125,0,117
fe27d2b8-d2b8-8568-8cff-b1c70ea9d26f,-7.7475,110.4175,0,55
fe55fa24-866d-40ab-9b0b-3a22e1df7092,-7.7625,110.4325,0,25
fe5e09c0-773b-4811-b8eb-55128c1a7e10,-7.7625,110.3975,0,18
fe647932-7932-fb3b-893e-66dc87fe449a,-7.7675,110.3775,0,49
fe64bc0b-bc0b-1a05-654d-921885d93977,-7.7575,110.3975,0,3
fe752c16-8830-46fb-8bb3-c9bff87d04c5,-7.7625,110.4175,0,20
febaaefb-4c1c-4195-b683-2463b670c9ef,-7.7525,110.3625,0,4
febe98d9-98d9-cdd1-3aa9-2adc7b8d425e,-7.7525,110.3725,0,13
fecc4926-cd66-4eac-bfba-0271ec134e0b,-7.7475,110.3525,0,2
fef3da4f-3894-4913-85fa-11ff9a91fdfd,-7.7425,110.3475,0,11
fefc02d5-02d5-93de-364f-06af639f768c,-7.7625,110.3625,0,8
ff000d0a-b19c-4ef8-a23c-0b9b415167e1,-7.7525,110.3625,0,139
ff0c702b-9458-45db-9378-76228589f39e,-7.7475,110.4025,0,1
ff0e11b1-11b1-888d-9093-1c5aaa48d6b2,-7.7575,110.3975,0,18
ff123993-3993-5d61-a8a2-af4449ea0453,-7.7475,110.3675,0,53
ff18f1e5-f1e5-edfc-1500-b12f249e2ce4,-7.7575,110.4075,0,17
ff3eb7a7-b7a7-3e04-d9e4-63d9141038cb,-7.7525,110.3625,0,15
ff50ef6b-6b43-4eea-aaa3-8ce73ff084fd,-7.7525,110.3725,0,3
ff51f609-4907-4394-b49e-de539e12bd2d,-7.7425,110.3625,0,6
ff632831-be16-4539-1773-6b4109cc92db,-7.7525,110.3725,0,6
ff64fd0a-00ec-4673-9653-f155ac36f64e,-7.7575,110.4025,0,276
ff654ddb-307e-4b8e-8e03-e19b0d6a294b,-7.7625,110.3775,0,9
ff78a242-a242-73f7-55ae-6714c2b7a84b,-7.7475,110.3575,0,21
ff884175-a99d-4296-b69d-b6c8ef8a43bc,-7.7575,110.3925,0,1
ff8cf1aa-3bfd-417c-8a5e-604d466f8804,-7.7525,110.3725,0,15
ff90538a-32dd-4723-bc66-29f7125b7aa9,-7.7675,110.3775,0,128
ffc55c5a-e344-4110-a242-67b98f410f11,-7.7525,110.3725,0,8
ffc652d8-66fb-4e6a-9784-8119b673c0aa,-7.7425,110.3475,0,1
ffd5b3bf-b3bf-18be-9cf0-b37593fa5007,-7.7525,110.3725,0,2
ffd804aa-04aa-6266-eeaa-6573e0e5a2b9,-7.7625,110.4125,0,3
ffd9d26a-4925-41af-ae28-41d8df4a1e9e,-7.7525,110.3675,0,28
ffdb8d8d-99f8-4f0d-8f84-f959858e6636,-7.7525,110.3725,0,5
ffe9eb4b-cefd-481e-b519-81c2e909f987,-7.7575,110.3975,0,20
ffebbab5-bab5-ca3a-1a34-031b2abb0d07,-7.7625,110.4125,0,84
ffff7b67-eb14-4a8c-bd76-79f0e326cc05,-7.7575,110.4225,0,5
